[2026-09-23 20:30:53 PDT] stage-E.0-2026-09-23: session spent $0.0000 (caps $0.00 session, $0.00 per request) · shared $91.5922
[2026-09-23 20:30:53 PDT] symbology: 49 to resolve, 1 already resolved
[2026-09-23 20:31:23 PDT] symbology   ES: resolved 2019-05-01
[2026-09-23 20:31:23 PDT] symbology   NQ: resolved 2019-05-01
[2026-09-23 20:31:23 PDT] symbology  RTY: resolved 2019-05-01
[2026-09-23 20:31:23 PDT] symbology   YM: resolved 2019-05-01
[2026-09-23 20:31:23 PDT] symbology  MNQ: resolved 2019-05-01
[2026-09-23 20:31:23 PDT] symbology  M2K: resolved 2019-05-01
[2026-09-23 20:31:23 PDT] symbology  MYM: resolved 2019-05-01
[2026-09-23 20:31:23 PDT] symbology  NKD: resolved 2019-05-01
[2026-09-23 20:31:23 PDT] symbology   ZT: resolved 2019-05-01
[2026-09-23 20:31:23 PDT] symbology   ZF: resolved 2019-05-01
[2026-09-23 20:31:23 PDT] symbology   TN: resolved 2019-05-01
[2026-09-23 20:31:23 PDT] symbology   ZB: resolved 2019-05-01
[2026-09-23 20:31:23 PDT] symbology   UB: resolved 2019-05-01
[2026-09-23 20:31:23 PDT] symbology   6A: resolved 2019-05-01
[2026-09-23 20:31:23 PDT] symbology   6B: resolved 2019-05-01
[2026-09-23 20:31:23 PDT] symbology   6C: resolved 2019-05-01
[2026-09-23 20:31:23 PDT] symbology   6E: resolved 2019-05-01
[2026-09-23 20:31:23 PDT] symbology   6J: resolved 2019-05-01
[2026-09-23 20:31:23 PDT] symbology   6S: resolved 2019-05-01
[2026-09-23 20:31:23 PDT] symbology   6M: resolved 2019-05-01
[2026-09-23 20:31:23 PDT] symbology   6N: resolved 2019-05-01
[2026-09-23 20:31:23 PDT] symbology   E7: resolved 2019-05-01
[2026-09-23 20:31:23 PDT] symbology  M6E: resolved 2019-05-01
[2026-09-23 20:31:23 PDT] symbology  M6A: resolved 2019-05-01
[2026-09-23 20:31:23 PDT] symbology  M6B: resolved 2019-05-01
[2026-09-23 20:31:23 PDT] symbology   CL: resolved 2019-05-01
[2026-09-23 20:31:23 PDT] symbology   QM: resolved 2019-05-01
[2026-09-23 20:31:23 PDT] symbology  MCL: resolved 2019-05-01
[2026-09-23 20:31:23 PDT] symbology   NG: resolved 2019-05-01
[2026-09-23 20:31:23 PDT] symbology   QG: resolved 2019-05-01
[2026-09-23 20:31:23 PDT] symbology  MNG: resolved 2019-05-01
[2026-09-23 20:31:23 PDT] symbology   RB: resolved 2019-05-01
[2026-09-23 20:31:23 PDT] symbology   HO: resolved 2019-05-01
[2026-09-23 20:31:23 PDT] symbology   GC: resolved 2019-05-01
[2026-09-23 20:31:23 PDT] symbology  MGC: resolved 2019-05-01
[2026-09-23 20:31:23 PDT] symbology   SI: resolved 2019-05-01
[2026-09-23 20:31:23 PDT] symbology  SIL: resolved 2019-05-01
[2026-09-23 20:31:23 PDT] symbology   HG: resolved 2019-05-01
[2026-09-23 20:31:23 PDT] symbology  MHG: resolved 2019-05-01
[2026-09-23 20:31:23 PDT] symbology   PL: resolved 2019-05-01
[2026-09-23 20:31:23 PDT] symbology   ZC: resolved 2019-05-01
[2026-09-23 20:31:23 PDT] symbology   ZW: resolved 2019-05-01
[2026-09-23 20:31:23 PDT] symbology   ZS: resolved 2019-05-01
[2026-09-23 20:31:23 PDT] symbology   ZM: resolved 2019-05-01
[2026-09-23 20:31:23 PDT] symbology   ZL: resolved 2019-05-01
[2026-09-23 20:31:23 PDT] symbology   HE: resolved 2019-05-01
[2026-09-23 20:31:23 PDT] symbology   LE: resolved 2019-05-01
[2026-09-23 20:31:23 PDT] symbology  MBT: resolved 2019-05-01
[2026-09-23 20:31:23 PDT] symbology  MET: resolved 2019-05-01
[2026-09-23 20:31:23 PDT] set A: 4300 planned requests
[2026-09-23 20:31:23 PDT] 4295 to quote, 5 already quoted (skipped)
[2026-09-23 20:31:24 PDT] [1/4295] A ES ohlcv-1m 2019-05-01..2019-06-01: $0.113277 1,737,568 B (0.99s)
[2026-09-23 20:31:24 PDT] [2/4295] A ES ohlcv-1m 2019-08-01..2019-09-01: $0.109169 1,674,568 B (1.06s)
[2026-09-23 20:31:25 PDT] [3/4295] A ES ohlcv-1m 2019-06-01..2019-07-01: $0.099955 1,533,224 B (2.01s)
[2026-09-23 20:31:25 PDT] [4/4295] A ES ohlcv-1m 2019-07-01..2019-08-01: $0.112765 1,729,728 B (2.14s)
[2026-09-23 20:31:26 PDT] [5/4295] A ES ohlcv-1m 2019-10-01..2019-11-01: $0.114521 1,756,664 B (1.38s)
[2026-09-23 20:31:26 PDT] [6/4295] A ES ohlcv-1m 2019-11-01..2019-12-01: $0.102540 1,572,872 B (1.08s)
[2026-09-23 20:31:27 PDT] [7/4295] A ES ohlcv-1m 2019-12-01..2020-01-01: $0.103489 1,587,432 B (1.56s)
[2026-09-23 20:31:27 PDT] [8/4295] A ES ohlcv-1m 2020-01-01..2020-02-01: $0.108706 1,667,456 B (1.64s)
[2026-09-23 20:31:27 PDT] [9/4295] A ES ohlcv-1m 2019-09-01..2019-10-01: $0.104168 1,597,848 B (3.15s)
[2026-09-23 20:31:29 PDT] [10/4295] A ES ohlcv-1m 2020-03-01..2020-04-01: $0.105522 1,618,624 B (2.02s)
[2026-09-23 20:31:29 PDT] [11/4295] A ES ohlcv-1m 2020-04-01..2020-05-01: $0.104661 1,605,408 B (1.76s)
[2026-09-23 20:31:31 PDT] [12/4295] A ES ohlcv-1m 2020-02-01..2020-03-01: $0.098834 1,516,032 B (4.27s)
[2026-09-23 20:31:31 PDT] [13/4295] A ES ohlcv-1m 2020-05-01..2020-06-01: $0.103825 1,592,584 B (3.50s)
[2026-09-23 20:31:31 PDT] [14/4295] A ES ohlcv-1m 2020-07-01..2020-08-01: $0.113357 1,738,800 B (1.86s)
[2026-09-23 20:31:31 PDT] [15/4295] A ES ohlcv-1m 2020-08-01..2020-09-01: $0.105073 1,611,736 B (0.75s)
[2026-09-23 20:31:33 PDT] [16/4295] A ES ohlcv-1m 2020-09-01..2020-10-01: $0.108812 1,669,080 B (2.22s)
[2026-09-23 20:31:33 PDT] [17/4295] A ES ohlcv-1m 2020-10-01..2020-11-01: $0.109184 1,674,792 B (2.39s)
[2026-09-23 20:31:35 PDT] [18/4295] A ES ohlcv-1m 2020-12-01..2021-01-01: $0.108618 1,666,112 B (1.58s)
[2026-09-23 20:31:35 PDT] [19/4295] A ES ohlcv-1m 2021-01-01..2021-02-01: $0.099053 1,519,392 B (1.40s)
[2026-09-23 20:31:35 PDT] [20/4295] A ES ohlcv-1m 2020-06-01..2020-07-01: $0.109202 1,675,072 B (5.96s)
[2026-09-23 20:31:36 PDT] [21/4295] A ES ohlcv-1m 2021-04-01..2021-05-01: $0.107417 1,647,688 B (0.86s)
[2026-09-23 20:31:36 PDT] [22/4295] A ES ohlcv-1m 2021-03-01..2021-04-01: $0.114832 1,761,424 B (1.27s)
[2026-09-23 20:31:36 PDT] [23/4295] A ES ohlcv-1m 2021-02-01..2021-03-01: $0.098838 1,516,088 B (1.55s)
[2026-09-23 20:31:37 PDT] [24/4295] A ES ohlcv-1m 2021-06-01..2021-07-01: $0.109761 1,683,640 B (1.03s)
[2026-09-23 20:31:38 PDT] [25/4295] A ES ohlcv-1m 2020-11-01..2020-12-01: $0.103270 1,584,072 B (6.49s)
[2026-09-23 20:31:38 PDT] [26/4295] A ES ohlcv-1m 2021-08-01..2021-09-01: $0.111232 1,706,208 B (1.38s)
[2026-09-23 20:31:39 PDT] [27/4295] A ES ohlcv-1m 2021-07-01..2021-08-01: $0.109487 1,679,440 B (2.38s)
[2026-09-23 20:31:39 PDT] [28/4295] A ES ohlcv-1m 2021-10-01..2021-11-01: $0.105792 1,622,768 B (0.96s)
[2026-09-23 20:31:40 PDT] [29/4295] A ES ohlcv-1m 2021-05-01..2021-06-01: $0.104230 1,598,800 B (3.93s)
[2026-09-23 20:31:40 PDT] [30/4295] A ES ohlcv-1m 2021-11-01..2021-12-01: $0.108881 1,670,144 B (1.47s)
[2026-09-23 20:31:41 PDT] [31/4295] A ES ohlcv-1m 2021-09-01..2021-10-01: $0.109936 1,686,328 B (2.93s)
[2026-09-23 20:31:42 PDT] [32/4295] A ES ohlcv-1m 2021-12-01..2022-01-01: $0.110593 1,696,408 B (2.87s)
[2026-09-23 20:31:42 PDT] [33/4295] A ES ohlcv-1m 2022-03-01..2022-04-01: $0.116095 1,780,800 B (1.48s)
[2026-09-23 20:31:43 PDT] [34/4295] A ES ohlcv-1m 2022-05-01..2022-06-01: $0.110400 1,693,440 B (1.13s)
[2026-09-23 20:31:44 PDT] [35/4295] A ES ohlcv-1m 2022-01-01..2022-02-01: $0.105143 1,612,800 B (4.39s)
[2026-09-23 20:31:44 PDT] [36/4295] A ES ohlcv-1m 2022-04-01..2022-05-01: $0.100313 1,538,712 B (1.89s)
[2026-09-23 20:31:45 PDT] [37/4295] A ES ohlcv-1m 2022-07-01..2022-08-01: $0.104924 1,609,440 B (1.09s)
[2026-09-23 20:31:45 PDT] [38/4295] A ES ohlcv-1m 2022-06-01..2022-07-01: $0.109962 1,686,720 B (1.93s)
[2026-09-23 20:31:46 PDT] [39/4295] A ES ohlcv-1m 2022-10-01..2022-11-01: $0.106238 1,629,600 B (0.91s)
[2026-09-23 20:31:46 PDT] [40/4295] A ES ohlcv-1m 2022-09-01..2022-10-01: $0.109520 1,679,944 B (1.23s)
[2026-09-23 20:31:48 PDT] [41/4295] A ES ohlcv-1m 2022-08-01..2022-09-01: $0.115858 1,777,160 B (3.91s)
[2026-09-23 20:31:48 PDT] [42/4295] A ES ohlcv-1m 2022-12-01..2023-01-01: $0.105562 1,619,240 B (1.99s)
[2026-09-23 20:31:48 PDT] [43/4295] A ES ohlcv-1m 2022-11-01..2022-12-01: $0.108914 1,670,648 B (2.19s)
[2026-09-23 20:31:49 PDT] [44/4295] A ES ohlcv-1m 2023-01-01..2023-02-01: $0.105124 1,612,520 B (1.37s)
[2026-09-23 20:31:50 PDT] [45/4295] A ES ohlcv-1m 2023-03-01..2023-04-01: $0.115653 1,774,024 B (1.55s)
[2026-09-23 20:31:50 PDT] [46/4295] A ES ohlcv-1m 2022-02-01..2022-03-01: $0.099885 1,532,160 B (10.01s)
[2026-09-23 20:31:51 PDT] [47/4295] A ES ohlcv-1m 2023-06-01..2023-07-01: $0.109410 1,678,264 B (0.84s)
[2026-09-23 20:31:51 PDT] [48/4295] A ES ohlcv-1m 2023-04-01..2023-05-01: $0.099389 1,524,544 B (1.95s)
[2026-09-23 20:31:52 PDT] [49/4295] A ES ohlcv-1m 2023-05-01..2023-06-01: $0.114945 1,763,160 B (1.98s)
[2026-09-23 20:31:52 PDT] [50/4295] A ES ohlcv-1m 2023-08-01..2023-09-01: $0.115788 1,776,096 B (0.92s)
[2026-09-23 20:31:52 PDT] [51/4295] A ES ohlcv-1m 2023-02-01..2023-03-01: $0.099882 1,532,104 B (4.09s)
[2026-09-23 20:31:53 PDT] [52/4295] A ES ohlcv-1m 2023-10-01..2023-11-01: $0.111250 1,706,488 B (0.81s)
[2026-09-23 20:31:53 PDT] [53/4295] A ES ohlcv-1m 2023-09-01..2023-10-01: $0.104263 1,599,304 B (1.32s)
[2026-09-23 20:31:53 PDT] [54/4295] A ES ohlcv-1m 2023-11-01..2023-12-01: $0.108830 1,669,360 B (0.98s)
[2026-09-23 20:31:55 PDT] [55/4295] A ES ohlcv-1m 2024-02-01..2024-03-01: $0.104799 1,607,536 B (1.31s)
[2026-09-23 20:31:55 PDT] [56/4295] A ES ohlcv-1m 2024-01-01..2024-02-01: $0.110133 1,689,352 B (1.84s)
[2026-09-23 20:31:56 PDT] [57/4295] A ES ohlcv-1m 2024-03-01..2024-04-01: $0.100875 1,547,336 B (1.19s)
[2026-09-23 20:31:57 PDT] [58/4295] A ES ohlcv-1m 2024-05-01..2024-06-01: $0.114448 1,755,544 B (0.94s)
[2026-09-23 20:31:57 PDT] [59/4295] A ES ohlcv-1m 2023-12-01..2024-01-01: $0.100375 1,539,664 B (4.24s)
[2026-09-23 20:31:58 PDT] [60/4295] A ES ohlcv-1m 2024-07-01..2024-08-01: $0.114065 1,749,664 B (0.96s)
[2026-09-23 20:31:58 PDT] [61/4295] A ES ohlcv-1m 2024-04-01..2024-05-01: $0.110805 1,699,656 B (3.21s)
[2026-09-23 20:31:59 PDT] [62/4295] A ES ohlcv-1m 2023-07-01..2023-08-01: $0.104380 1,601,096 B (8.02s)
[2026-09-23 20:31:59 PDT] [63/4295] A ES ohlcv-1m 2024-06-01..2024-07-01: $0.100130 1,535,912 B (2.18s)
[2026-09-23 20:31:59 PDT] [64/4295] A ES ohlcv-1m 2024-09-01..2024-10-01: $0.105278 1,614,872 B (1.14s)
[2026-09-23 20:32:01 PDT] [65/4295] A ES ohlcv-1m 2024-08-01..2024-09-01: $0.110385 1,693,216 B (2.73s)
[2026-09-23 20:32:03 PDT] [66/4295] A ES ohlcv-1m 2024-11-01..2024-12-01: $0.103657 1,590,008 B (3.78s)
[2026-09-23 20:32:03 PDT] [67/4295] A ES ohlcv-1m 2025-01-01..2025-02-01: $0.108311 1,661,408 B (2.48s)
[2026-09-23 20:32:03 PDT] [68/4295] A ES ohlcv-1m 2024-12-01..2025-01-01: $0.104876 1,608,712 B (4.09s)
[2026-09-23 20:32:04 PDT] [69/4295] A ES ohlcv-1m 2025-02-01..2025-03-01: $0.099875 1,531,992 B (1.29s)
[2026-09-23 20:32:05 PDT] [70/4295] A ES ohlcv-1m 2025-03-01..2025-04-01: $0.106234 1,629,544 B (1.77s)
[2026-09-23 20:32:07 PDT] [71/4295] A ES ohlcv-1m 2025-04-01..2025-05-01: $0.105796 1,622,824 B (3.08s)
[2026-09-23 20:32:08 PDT] [72/4295] A ES ohlcv-1m 2025-07-01..2025-08-01: $0.114164 1,751,176 B (1.24s)
[2026-09-23 20:32:09 PDT] [73/4295] A ES ohlcv-1m 2025-05-01..2025-06-01: $0.109520 1,679,944 B (5.30s)
[2026-09-23 20:32:10 PDT] [74/4295] A ES ohlcv-1m 2025-08-01..2025-09-01: $0.105781 1,622,600 B (2.23s)
[2026-09-23 20:32:11 PDT] [75/4295] A ES ohlcv-1m 2025-06-01..2025-07-01: $0.105354 1,616,048 B (5.85s)
[2026-09-23 20:32:11 PDT] [76/4295] A ES ohlcv-1m 2025-10-01..2025-11-01: $0.115416 1,770,384 B (1.11s)
[2026-09-23 20:32:11 PDT] [77/4295] A ES ohlcv-1m 2025-09-01..2025-10-01: $0.109878 1,685,432 B (1.95s)
[2026-09-23 20:32:12 PDT] [78/4295] A ES ohlcv-1m 2025-12-01..2026-01-01: $0.109786 1,684,032 B (1.17s)
[2026-09-23 20:32:13 PDT] [79/4295] A ES ohlcv-1m 2026-02-01..2026-03-01: $0.099885 1,532,160 B (1.03s)
[2026-09-23 20:32:16 PDT] [80/4295] A ES ohlcv-1m 2026-03-01..2026-04-01: $0.111276 1,706,880 B (2.46s)
[2026-09-23 20:32:17 PDT] [81/4295] A ES ohlcv-1m 2026-04-01..2026-05-01: $0.109137 1,674,064 B (1.08s)
[2026-09-23 20:32:17 PDT] [82/4295] A ES ohlcv-1m 2024-10-01..2024-11-01: $0.115843 1,776,936 B (18.33s)
[2026-09-23 20:32:18 PDT] [83/4295] A ES ohlcv-1m 2026-06-01..2026-06-21: $0.074242 1,138,816 B (1.22s)
[2026-09-23 20:32:18 PDT] [84/4295] A ES ohlcv-1m 2025-11-01..2025-12-01: $0.096925 1,486,744 B (7.39s)
[2026-09-23 20:32:19 PDT] [85/4295] A ES ohlcv-1m 2026-01-01..2026-02-01: $0.104924 1,609,440 B (7.81s)
[2026-09-23 20:32:19 PDT] [86/4295] A NQ ohlcv-1m 2019-06-01..2019-07-01: $0.099984 1,533,672 B (0.88s)
[2026-09-23 20:32:19 PDT] [87/4295] A NQ ohlcv-1m 2019-05-01..2019-06-01: $0.113328 1,738,352 B (0.92s)
[2026-09-23 20:32:20 PDT] [88/4295] A NQ ohlcv-1m 2019-07-01..2019-08-01: $0.112952 1,732,584 B (0.80s)
[2026-09-23 20:32:22 PDT] [89/4295] A NQ ohlcv-1m 2019-09-01..2019-10-01: $0.104248 1,599,080 B (2.64s)
[2026-09-23 20:32:22 PDT] [90/4295] A NQ ohlcv-1m 2019-08-01..2019-09-01: $0.109188 1,674,848 B (2.83s)
[2026-09-23 20:32:23 PDT] [91/4295] A NQ ohlcv-1m 2019-11-01..2019-12-01: $0.102594 1,573,712 B (0.99s)
[2026-09-23 20:32:24 PDT] [92/4295] A NQ ohlcv-1m 2019-10-01..2019-11-01: $0.114573 1,757,448 B (3.81s)
[2026-09-23 20:32:25 PDT] [93/4295] A NQ ohlcv-1m 2020-01-01..2020-02-01: $0.108779 1,668,576 B (1.62s)
[2026-09-23 20:32:25 PDT] [94/4295] A NQ ohlcv-1m 2020-03-01..2020-04-01: $0.102967 1,579,424 B (0.74s)
[2026-09-23 20:32:26 PDT] [95/4295] A NQ ohlcv-1m 2020-02-01..2020-03-01: $0.098841 1,516,144 B (1.94s)
[2026-09-23 20:32:26 PDT] [96/4295] A NQ ohlcv-1m 2020-04-01..2020-05-01: $0.104653 1,605,296 B (1.12s)
[2026-09-23 20:32:27 PDT] [97/4295] A NQ ohlcv-1m 2020-05-01..2020-06-01: $0.103825 1,592,584 B (1.04s)
[2026-09-23 20:32:27 PDT] [98/4295] A ES ohlcv-1m 2026-05-01..2026-06-01: $0.104924 1,609,440 B (10.48s)
[2026-09-23 20:32:28 PDT] [99/4295] A NQ ohlcv-1m 2020-06-01..2020-07-01: $0.109191 1,674,904 B (1.20s)
[2026-09-23 20:32:28 PDT] [100/4295] A NQ ohlcv-1m 2019-12-01..2020-01-01: $0.103752 1,591,464 B (6.08s)
[2026-09-23 20:32:29 PDT] [101/4295] A NQ ohlcv-1m 2020-09-01..2020-10-01: $0.108797 1,668,856 B (0.95s)
[2026-09-23 20:32:29 PDT] [102/4295] A NQ ohlcv-1m 2020-08-01..2020-09-01: $0.105066 1,611,624 B (1.83s)
[2026-09-23 20:32:30 PDT] [103/4295] A NQ ohlcv-1m 2020-10-01..2020-11-01: $0.109191 1,674,904 B (1.49s)
[2026-09-23 20:32:31 PDT] [104/4295] A NQ ohlcv-1m 2021-01-01..2021-02-01: $0.099060 1,519,504 B (0.79s)
[2026-09-23 20:32:32 PDT] [105/4295] A NQ ohlcv-1m 2021-02-01..2021-03-01: $0.098838 1,516,088 B (1.26s)
[2026-09-23 20:32:32 PDT] [106/4295] A NQ ohlcv-1m 2020-11-01..2020-12-01: $0.103273 1,584,128 B (3.53s)
[2026-09-23 20:32:33 PDT] [107/4295] A NQ ohlcv-1m 2021-03-01..2021-04-01: $0.114803 1,760,976 B (0.81s)
[2026-09-23 20:32:33 PDT] [108/4295] A NQ ohlcv-1m 2020-07-01..2020-08-01: $0.113357 1,738,800 B (6.05s)
[2026-09-23 20:32:34 PDT] [109/4295] A NQ ohlcv-1m 2021-04-01..2021-05-01: $0.107534 1,649,480 B (1.43s)
[2026-09-23 20:32:34 PDT] [110/4295] A NQ ohlcv-1m 2021-06-01..2021-07-01: $0.109681 1,682,408 B (1.17s)
[2026-09-23 20:32:35 PDT] [111/4295] A NQ ohlcv-1m 2020-12-01..2021-01-01: $0.108636 1,666,392 B (5.41s)
[2026-09-23 20:32:35 PDT] [112/4295] A NQ ohlcv-1m 2021-07-01..2021-08-01: $0.109509 1,679,776 B (1.24s)
[2026-09-23 20:32:35 PDT] [113/4295] A NQ ohlcv-1m 2021-08-01..2021-09-01: $0.111272 1,706,824 B (1.51s)
[2026-09-23 20:32:36 PDT] [114/4295] A NQ ohlcv-1m 2021-10-01..2021-11-01: $0.105796 1,622,824 B (1.11s)
[2026-09-23 20:32:37 PDT] [115/4295] A NQ ohlcv-1m 2021-11-01..2021-12-01: $0.108914 1,670,648 B (1.01s)
[2026-09-23 20:32:37 PDT] [116/4295] A NQ ohlcv-1m 2021-09-01..2021-10-01: $0.109907 1,685,880 B (2.22s)
[2026-09-23 20:32:37 PDT] [117/4295] A NQ ohlcv-1m 2021-12-01..2022-01-01: $0.110604 1,696,576 B (1.14s)
[2026-09-23 20:32:38 PDT] [118/4295] A NQ ohlcv-1m 2022-02-01..2022-03-01: $0.099882 1,532,104 B (1.04s)
[2026-09-23 20:32:38 PDT] [119/4295] A NQ ohlcv-1m 2022-01-01..2022-02-01: $0.105135 1,612,688 B (1.61s)
[2026-09-23 20:32:38 PDT] [120/4295] A NQ ohlcv-1m 2021-05-01..2021-06-01: $0.104245 1,599,024 B (5.54s)
[2026-09-23 20:32:38 PDT] [121/4295] A NQ ohlcv-1m 2022-03-01..2022-04-01: $0.116084 1,780,632 B (1.25s)
[2026-09-23 20:32:39 PDT] [122/4295] A NQ ohlcv-1m 2022-06-01..2022-07-01: $0.109954 1,686,608 B (0.95s)
[2026-09-23 20:32:39 PDT] [123/4295] A NQ ohlcv-1m 2022-04-01..2022-05-01: $0.100320 1,538,824 B (1.57s)
[2026-09-23 20:32:40 PDT] [124/4295] A NQ ohlcv-1m 2022-07-01..2022-08-01: $0.104920 1,609,384 B (1.40s)
[2026-09-23 20:32:41 PDT] [125/4295] A NQ ohlcv-1m 2022-10-01..2022-11-01: $0.106234 1,629,544 B (1.32s)
[2026-09-23 20:32:41 PDT] [126/4295] A NQ ohlcv-1m 2022-08-01..2022-09-01: $0.115869 1,777,328 B (2.13s)
[2026-09-23 20:32:42 PDT] [127/4295] A NQ ohlcv-1m 2022-11-01..2022-12-01: $0.108907 1,670,536 B (1.01s)
[2026-09-23 20:32:42 PDT] [128/4295] A NQ ohlcv-1m 2022-09-01..2022-10-01: $0.109524 1,680,000 B (2.76s)
[2026-09-23 20:32:43 PDT] [129/4295] A NQ ohlcv-1m 2023-02-01..2023-03-01: $0.099871 1,531,936 B (1.11s)
[2026-09-23 20:32:44 PDT] [130/4295] A NQ ohlcv-1m 2022-12-01..2023-01-01: $0.105562 1,619,240 B (2.95s)
[2026-09-23 20:32:44 PDT] [131/4295] A NQ ohlcv-1m 2023-03-01..2023-04-01: $0.115639 1,773,800 B (1.00s)
[2026-09-23 20:32:45 PDT] [132/4295] A NQ ohlcv-1m 2023-01-01..2023-02-01: $0.105128 1,612,576 B (2.67s)
[2026-09-23 20:32:45 PDT] [133/4295] A NQ ohlcv-1m 2023-04-01..2023-05-01: $0.099480 1,525,944 B (1.15s)
[2026-09-23 20:32:46 PDT] [134/4295] A NQ ohlcv-1m 2022-05-01..2022-06-01: $0.110396 1,693,384 B (7.45s)
[2026-09-23 20:32:46 PDT] [135/4295] A NQ ohlcv-1m 2023-05-01..2023-06-01: $0.114989 1,763,832 B (1.39s)
[2026-09-23 20:32:47 PDT] [136/4295] A NQ ohlcv-1m 2023-06-01..2023-07-01: $0.109440 1,678,712 B (2.02s)
[2026-09-23 20:32:47 PDT] [137/4295] A NQ ohlcv-1m 2023-07-01..2023-08-01: $0.104518 1,603,224 B (1.73s)
[2026-09-23 20:32:47 PDT] [138/4295] A NQ ohlcv-1m 2023-08-01..2023-09-01: $0.115869 1,777,328 B (1.91s)
[2026-09-23 20:32:49 PDT] [139/4295] A NQ ohlcv-1m 2023-11-01..2023-12-01: $0.108918 1,670,704 B (1.71s)
[2026-09-23 20:32:49 PDT] [140/4295] A NQ ohlcv-1m 2023-10-01..2023-11-01: $0.111276 1,706,880 B (2.10s)
[2026-09-23 20:32:50 PDT] [141/4295] A NQ ohlcv-1m 2023-12-01..2024-01-01: $0.100524 1,541,960 B (2.25s)
[2026-09-23 20:32:51 PDT] [142/4295] A NQ ohlcv-1m 2024-01-01..2024-02-01: $0.110173 1,689,968 B (1.86s)
[2026-09-23 20:32:51 PDT] [143/4295] A NQ ohlcv-1m 2023-09-01..2023-10-01: $0.104383 1,601,152 B (4.96s)
[2026-09-23 20:32:51 PDT] [144/4295] A NQ ohlcv-1m 2024-02-01..2024-03-01: $0.104894 1,608,992 B (2.07s)
[2026-09-23 20:32:52 PDT] [145/4295] A NQ ohlcv-1m 2024-05-01..2024-06-01: $0.114529 1,756,776 B (1.29s)
[2026-09-23 20:32:52 PDT] [146/4295] A NQ ohlcv-1m 2024-04-01..2024-05-01: $0.110831 1,700,048 B (1.47s)
[2026-09-23 20:32:53 PDT] [147/4295] A NQ ohlcv-1m 2024-08-01..2024-09-01: $0.110389 1,693,272 B (0.96s)
[2026-09-23 20:32:53 PDT] [148/4295] A NQ ohlcv-1m 2024-06-01..2024-07-01: $0.100247 1,537,704 B (2.33s)
[2026-09-23 20:32:53 PDT] [149/4295] A NQ ohlcv-1m 2024-07-01..2024-08-01: $0.114153 1,751,008 B (1.45s)
[2026-09-23 20:32:54 PDT] [150/4295] A NQ ohlcv-1m 2024-03-01..2024-04-01: $0.100897 1,547,672 B (4.62s)
[2026-09-23 20:32:55 PDT] [151/4295] A NQ ohlcv-1m 2024-09-01..2024-10-01: $0.105263 1,614,648 B (1.70s)
[2026-09-23 20:32:55 PDT] [152/4295] A NQ ohlcv-1m 2024-10-01..2024-11-01: $0.115869 1,777,328 B (2.17s)
[2026-09-23 20:32:56 PDT] [153/4295] A NQ ohlcv-1m 2024-12-01..2025-01-01: $0.104953 1,609,888 B (1.30s)
[2026-09-23 20:32:56 PDT] [154/4295] A NQ ohlcv-1m 2024-11-01..2024-12-01: $0.103664 1,590,120 B (2.61s)
[2026-09-23 20:32:56 PDT] [155/4295] A NQ ohlcv-1m 2025-02-01..2025-03-01: $0.099878 1,532,048 B (0.87s)
[2026-09-23 20:32:56 PDT] [156/4295] A NQ ohlcv-1m 2025-01-01..2025-02-01: $0.108315 1,661,464 B (1.59s)
[2026-09-23 20:32:57 PDT] [157/4295] A NQ ohlcv-1m 2025-03-01..2025-04-01: $0.106212 1,629,208 B (1.16s)
[2026-09-23 20:32:58 PDT] [158/4295] A NQ ohlcv-1m 2025-05-01..2025-06-01: $0.109524 1,680,000 B (1.23s)
[2026-09-23 20:32:58 PDT] [159/4295] A NQ ohlcv-1m 2025-07-01..2025-08-01: $0.114164 1,751,176 B (1.32s)
[2026-09-23 20:32:59 PDT] [160/4295] A NQ ohlcv-1m 2025-04-01..2025-05-01: $0.105789 1,622,712 B (3.12s)
[2026-09-23 20:32:59 PDT] [161/4295] A NQ ohlcv-1m 2025-08-01..2025-09-01: $0.105792 1,622,768 B (1.72s)
[2026-09-23 20:33:00 PDT] [162/4295] A NQ ohlcv-1m 2025-06-01..2025-07-01: $0.105321 1,615,544 B (3.60s)
[2026-09-23 20:33:00 PDT] [163/4295] A NQ ohlcv-1m 2025-09-01..2025-10-01: $0.109841 1,684,872 B (1.98s)
[2026-09-23 20:33:00 PDT] [164/4295] A NQ ohlcv-1m 2025-10-01..2025-11-01: $0.115438 1,770,720 B (1.17s)
[2026-09-23 20:33:01 PDT] [165/4295] A NQ ohlcv-1m 2025-12-01..2026-01-01: $0.109739 1,683,304 B (1.08s)
[2026-09-23 20:33:01 PDT] [166/4295] A NQ ohlcv-1m 2026-02-01..2026-03-01: $0.099878 1,532,048 B (1.04s)
[2026-09-23 20:33:02 PDT] [167/4295] A NQ ohlcv-1m 2026-03-01..2026-04-01: $0.111174 1,705,312 B (1.08s)
[2026-09-23 20:33:03 PDT] [168/4295] A NQ ohlcv-1m 2025-11-01..2025-12-01: $0.096921 1,486,688 B (3.59s)
[2026-09-23 20:33:04 PDT] [169/4295] A NQ ohlcv-1m 2026-04-01..2026-05-01: $0.109115 1,673,728 B (2.52s)
[2026-09-23 20:33:04 PDT] [170/4295] A NQ ohlcv-1m 2026-06-01..2026-06-21: $0.074166 1,137,640 B (1.09s)
[2026-09-23 20:33:05 PDT] [171/4295] A RTY ohlcv-1m 2019-05-01..2019-06-01: $0.107778 1,653,232 B (1.17s)
[2026-09-23 20:33:05 PDT] [172/4295] A NQ ohlcv-1m 2026-05-01..2026-06-01: $0.104924 1,609,440 B (3.19s)
[2026-09-23 20:33:07 PDT] [173/4295] A RTY ohlcv-1m 2019-07-01..2019-08-01: $0.103989 1,595,104 B (1.57s)
[2026-09-23 20:33:08 PDT] [174/4295] A RTY ohlcv-1m 2019-09-01..2019-10-01: $0.098016 1,503,488 B (1.19s)
[2026-09-23 20:33:09 PDT] [175/4295] A RTY ohlcv-1m 2019-10-01..2019-11-01: $0.105562 1,619,240 B (0.91s)
[2026-09-23 20:33:09 PDT] [176/4295] A RTY ohlcv-1m 2019-06-01..2019-07-01: $0.093635 1,436,288 B (4.77s)
[2026-09-23 20:33:10 PDT] [177/4295] A RTY ohlcv-1m 2019-12-01..2020-01-01: $0.096315 1,477,392 B (1.23s)
[2026-09-23 20:33:11 PDT] [178/4295] A RTY ohlcv-1m 2019-11-01..2019-12-01: $0.097658 1,498,000 B (2.49s)
[2026-09-23 20:33:13 PDT] [179/4295] A RTY ohlcv-1m 2020-01-01..2020-02-01: $0.106282 1,630,272 B (2.67s)
[2026-09-23 20:33:13 PDT] [180/4295] A RTY ohlcv-1m 2020-02-01..2020-03-01: $0.097783 1,499,904 B (1.68s)
[2026-09-23 20:33:15 PDT] [181/4295] A RTY ohlcv-1m 2020-03-01..2020-04-01: $0.098100 1,504,776 B (2.06s)
[2026-09-23 20:33:15 PDT] [182/4295] A RTY ohlcv-1m 2020-04-01..2020-05-01: $0.100543 1,542,240 B (2.18s)
[2026-09-23 20:33:16 PDT] [183/4295] A RTY ohlcv-1m 2020-05-01..2020-06-01: $0.101766 1,561,000 B (1.02s)
[2026-09-23 20:33:16 PDT] [184/4295] A NQ ohlcv-1m 2026-01-01..2026-02-01: $0.104920 1,609,384 B (15.98s)
[2026-09-23 20:33:17 PDT] [185/4295] A RTY ohlcv-1m 2020-07-01..2020-08-01: $0.111444 1,709,456 B (1.32s)
[2026-09-23 20:33:18 PDT] [186/4295] A RTY ohlcv-1m 2020-08-01..2020-09-01: $0.100199 1,536,976 B (1.66s)
[2026-09-23 20:33:18 PDT] [187/4295] A RTY ohlcv-1m 2020-09-01..2020-10-01: $0.103858 1,593,088 B (0.85s)
[2026-09-23 20:33:20 PDT] [188/4295] A RTY ohlcv-1m 2020-06-01..2020-07-01: $0.107764 1,653,008 B (4.76s)
[2026-09-23 20:33:20 PDT] [189/4295] A RTY ohlcv-1m 2020-10-01..2020-11-01: $0.105391 1,616,608 B (2.13s)
[2026-09-23 20:33:21 PDT] [190/4295] A RTY ohlcv-1m 2021-01-01..2021-02-01: $0.096895 1,486,296 B (1.12s)
[2026-09-23 20:33:21 PDT] [191/4295] A RTY ohlcv-1m 2019-08-01..2019-09-01: $0.106216 1,629,264 B (15.83s)
[2026-09-23 20:33:22 PDT] [192/4295] A RTY ohlcv-1m 2020-11-01..2020-12-01: $0.099889 1,532,216 B (3.73s)
[2026-09-23 20:33:22 PDT] [193/4295] A RTY ohlcv-1m 2021-03-01..2021-04-01: $0.110403 1,693,496 B (1.28s)
[2026-09-23 20:33:23 PDT] [194/4295] A RTY ohlcv-1m 2021-02-01..2021-03-01: $0.095428 1,463,784 B (2.14s)
[2026-09-23 20:33:23 PDT] [195/4295] A RTY ohlcv-1m 2020-12-01..2021-01-01: $0.103974 1,594,880 B (3.36s)
[2026-09-23 20:33:24 PDT] [196/4295] A RTY ohlcv-1m 2021-06-01..2021-07-01: $0.102784 1,576,624 B (1.09s)
[2026-09-23 20:33:25 PDT] [197/4295] A RTY ohlcv-1m 2021-04-01..2021-05-01: $0.101035 1,549,800 B (3.16s)
[2026-09-23 20:33:25 PDT] [198/4295] A RTY ohlcv-1m 2021-07-01..2021-08-01: $0.106019 1,626,240 B (1.77s)
[2026-09-23 20:33:26 PDT] [199/4295] A RTY ohlcv-1m 2021-08-01..2021-09-01: $0.107096 1,642,760 B (1.31s)
[2026-09-23 20:33:26 PDT] [200/4295] A RTY ohlcv-1m 2021-09-01..2021-10-01: $0.105227 1,614,088 B (1.06s)
[2026-09-23 20:33:26 PDT] [201/4295] A RTY ohlcv-1m 2021-10-01..2021-11-01: $0.103613 1,589,336 B (1.51s)
[2026-09-23 20:33:27 PDT] [202/4295] A RTY ohlcv-1m 2021-11-01..2021-12-01: $0.106256 1,629,880 B (1.94s)
[2026-09-23 20:33:28 PDT] [203/4295] A RTY ohlcv-1m 2022-01-01..2022-02-01: $0.103777 1,591,856 B (1.90s)
[2026-09-23 20:33:29 PDT] [204/4295] A RTY ohlcv-1m 2022-02-01..2022-03-01: $0.097801 1,500,184 B (1.24s)
[2026-09-23 20:33:30 PDT] [205/4295] A RTY ohlcv-1m 2021-12-01..2022-01-01: $0.106749 1,637,440 B (4.54s)
[2026-09-23 20:33:31 PDT] [206/4295] A RTY ohlcv-1m 2022-04-01..2022-05-01: $0.096687 1,483,104 B (1.90s)
[2026-09-23 20:33:32 PDT] [207/4295] A RTY ohlcv-1m 2022-03-01..2022-04-01: $0.112718 1,729,000 B (3.24s)
[2026-09-23 20:33:32 PDT] [208/4295] A RTY ohlcv-1m 2022-06-01..2022-07-01: $0.106994 1,641,192 B (1.76s)
[2026-09-23 20:33:33 PDT] [209/4295] A RTY ohlcv-1m 2022-05-01..2022-06-01: $0.107910 1,655,248 B (2.81s)
[2026-09-23 20:33:33 PDT] [210/4295] A RTY ohlcv-1m 2022-07-01..2022-08-01: $0.102094 1,566,040 B (1.70s)
[2026-09-23 20:33:33 PDT] [211/4295] A RTY ohlcv-1m 2022-08-01..2022-09-01: $0.111433 1,709,288 B (1.09s)
[2026-09-23 20:33:34 PDT] [212/4295] A RTY ohlcv-1m 2022-10-01..2022-11-01: $0.105541 1,618,904 B (1.21s)
[2026-09-23 20:33:35 PDT] [213/4295] A RTY ohlcv-1m 2022-09-01..2022-10-01: $0.107881 1,654,800 B (1.39s)
[2026-09-23 20:33:35 PDT] [214/4295] A RTY ohlcv-1m 2022-11-01..2022-12-01: $0.106504 1,633,688 B (1.30s)
[2026-09-23 20:33:35 PDT] [215/4295] A RTY ohlcv-1m 2023-01-01..2023-02-01: $0.101700 1,559,992 B (0.90s)
[2026-09-23 20:33:35 PDT] [216/4295] A RTY ohlcv-1m 2022-12-01..2023-01-01: $0.100773 1,545,768 B (1.02s)
[2026-09-23 20:33:36 PDT] [217/4295] A RTY ohlcv-1m 2023-02-01..2023-03-01: $0.097056 1,488,760 B (0.87s)
[2026-09-23 20:33:36 PDT] [218/4295] A RTY ohlcv-1m 2023-03-01..2023-04-01: $0.112714 1,728,944 B (0.93s)
[2026-09-23 20:33:39 PDT] [219/4295] A RTY ohlcv-1m 2023-06-01..2023-07-01: $0.105172 1,613,248 B (2.97s)
[2026-09-23 20:33:40 PDT] [220/4295] A RTY ohlcv-1m 2023-05-01..2023-06-01: $0.111415 1,709,008 B (4.13s)
[2026-09-23 20:33:40 PDT] [221/4295] A RTY ohlcv-1m 2023-04-01..2023-05-01: $0.095077 1,458,408 B (4.78s)
[2026-09-23 20:33:41 PDT] [222/4295] A RTY ohlcv-1m 2023-08-01..2023-09-01: $0.112765 1,729,728 B (0.99s)
[2026-09-23 20:33:41 PDT] [223/4295] A RTY ohlcv-1m 2023-07-01..2023-08-01: $0.101134 1,551,312 B (1.94s)
[2026-09-23 20:33:41 PDT] [224/4295] A RTY ohlcv-1m 2023-09-01..2023-10-01: $0.100265 1,537,984 B (1.17s)
[2026-09-23 20:33:42 PDT] [225/4295] A RTY ohlcv-1m 2023-10-01..2023-11-01: $0.109648 1,681,904 B (1.47s)
[2026-09-23 20:33:43 PDT] [226/4295] A RTY ohlcv-1m 2023-12-01..2024-01-01: $0.097147 1,490,160 B (1.15s)
[2026-09-23 20:33:43 PDT] [227/4295] A RTY ohlcv-1m 2021-05-01..2021-06-01: $0.099378 1,524,376 B (20.71s)
[2026-09-23 20:33:43 PDT] [228/4295] A RTY ohlcv-1m 2023-11-01..2023-12-01: $0.106066 1,626,968 B (1.87s)
[2026-09-23 20:33:44 PDT] [229/4295] A RTY ohlcv-1m 2024-01-01..2024-02-01: $0.108907 1,670,536 B (1.34s)
[2026-09-23 20:33:44 PDT] [230/4295] A RTY ohlcv-1m 2024-04-01..2024-05-01: $0.107611 1,650,656 B (0.97s)
[2026-09-23 20:33:44 PDT] [231/4295] A RTY ohlcv-1m 2024-02-01..2024-03-01: $0.102938 1,578,976 B (1.61s)
[2026-09-23 20:33:45 PDT] [232/4295] A RTY ohlcv-1m 2024-03-01..2024-04-01: $0.095881 1,470,728 B (1.91s)
[2026-09-23 20:33:46 PDT] [233/4295] A RTY ohlcv-1m 2024-06-01..2024-07-01: $0.093529 1,434,664 B (2.07s)
[2026-09-23 20:33:47 PDT] [234/4295] A RTY ohlcv-1m 2024-08-01..2024-09-01: $0.107220 1,644,664 B (2.03s)
[2026-09-23 20:33:48 PDT] [235/4295] A RTY ohlcv-1m 2024-07-01..2024-08-01: $0.111170 1,705,256 B (3.51s)
[2026-09-23 20:33:48 PDT] [236/4295] A RTY ohlcv-1m 2024-05-01..2024-06-01: $0.108056 1,657,488 B (4.45s)
[2026-09-23 20:33:48 PDT] [237/4295] A RTY ohlcv-1m 2024-10-01..2024-11-01: $0.110068 1,688,344 B (1.03s)
[2026-09-23 20:33:50 PDT] [238/4295] A RTY ohlcv-1m 2024-11-01..2024-12-01: $0.100951 1,548,512 B (2.14s)
[2026-09-23 20:33:50 PDT] [239/4295] A RTY ohlcv-1m 2025-01-01..2025-02-01: $0.104387 1,601,208 B (2.00s)
[2026-09-23 20:33:51 PDT] [240/4295] A RTY ohlcv-1m 2024-12-01..2025-01-01: $0.098286 1,507,632 B (2.74s)
[2026-09-23 20:33:51 PDT] [241/4295] A RTY ohlcv-1m 2025-02-01..2025-03-01: $0.096308 1,477,280 B (1.00s)
[2026-09-23 20:33:52 PDT] [242/4295] A RTY ohlcv-1m 2025-05-01..2025-06-01: $0.106793 1,638,112 B (0.84s)
[2026-09-23 20:33:52 PDT] [243/4295] A RTY ohlcv-1m 2025-04-01..2025-05-01: $0.104040 1,595,888 B (1.44s)
[2026-09-23 20:33:53 PDT] [244/4295] A RTY ohlcv-1m 2025-06-01..2025-07-01: $0.100751 1,545,432 B (1.18s)
[2026-09-23 20:33:54 PDT] [245/4295] A RTY ohlcv-1m 2025-08-01..2025-09-01: $0.102499 1,572,256 B (1.40s)
[2026-09-23 20:33:54 PDT] [246/4295] A RTY ohlcv-1m 2025-03-01..2025-04-01: $0.101594 1,558,368 B (4.38s)
[2026-09-23 20:33:55 PDT] [247/4295] A RTY ohlcv-1m 2024-09-01..2024-10-01: $0.099575 1,527,400 B (8.89s)
[2026-09-23 20:33:55 PDT] [248/4295] A RTY ohlcv-1m 2025-09-01..2025-10-01: $0.103770 1,591,744 B (1.01s)
[2026-09-23 20:33:56 PDT] [249/4295] A RTY ohlcv-1m 2025-11-01..2025-12-01: $0.096308 1,477,280 B (1.26s)
[2026-09-23 20:33:57 PDT] [250/4295] A RTY ohlcv-1m 2025-10-01..2025-11-01: $0.114207 1,751,848 B (2.60s)
[2026-09-23 20:33:58 PDT] [251/4295] A RTY ohlcv-1m 2025-12-01..2026-01-01: $0.103872 1,593,312 B (2.89s)
[2026-09-23 20:34:00 PDT] [252/4295] A RTY ohlcv-1m 2026-01-01..2026-02-01: $0.103233 1,583,512 B (3.69s)
[2026-09-23 20:34:01 PDT] [253/4295] A RTY ohlcv-1m 2026-03-01..2026-04-01: $0.109323 1,676,920 B (2.67s)
[2026-09-23 20:34:02 PDT] [254/4295] A RTY ohlcv-1m 2026-04-01..2026-05-01: $0.107056 1,642,144 B (1.86s)
[2026-09-23 20:34:02 PDT] [255/4295] A RTY ohlcv-1m 2026-05-01..2026-06-01: $0.104000 1,595,272 B (1.41s)
[2026-09-23 20:34:03 PDT] [256/4295] A RTY ohlcv-1m 2026-06-01..2026-06-21: $0.071260 1,093,064 B (1.07s)
[2026-09-23 20:34:04 PDT] [257/4295] A YM ohlcv-1m 2019-05-01..2019-06-01: $0.113120 1,735,160 B (1.57s)
[2026-09-23 20:34:05 PDT] [258/4295] A YM ohlcv-1m 2019-06-01..2019-07-01: $0.099674 1,528,912 B (1.73s)
[2026-09-23 20:34:06 PDT] [259/4295] A YM ohlcv-1m 2019-08-01..2019-09-01: $0.109104 1,673,560 B (1.28s)
[2026-09-23 20:34:12 PDT] [260/4295] A YM ohlcv-1m 2019-09-01..2019-10-01: $0.103675 1,590,288 B (6.03s)
[2026-09-23 20:34:12 PDT] [261/4295] A YM ohlcv-1m 2019-07-01..2019-08-01: $0.112419 1,724,408 B (8.59s)
[2026-09-23 20:34:14 PDT] [262/4295] A YM ohlcv-1m 2019-10-01..2019-11-01: $0.114251 1,752,520 B (2.12s)
[2026-09-23 20:34:15 PDT] [263/4295] A YM ohlcv-1m 2019-11-01..2019-12-01: $0.102317 1,569,456 B (2.59s)
[2026-09-23 20:34:16 PDT] [264/4295] A RTY ohlcv-1m 2025-07-01..2025-08-01: $0.109604 1,681,232 B (23.47s)
[2026-09-23 20:34:17 PDT] [265/4295] A YM ohlcv-1m 2020-02-01..2020-03-01: $0.094501 1,449,560 B (1.04s)
[2026-09-23 20:34:21 PDT] [266/4295] A YM ohlcv-1m 2020-03-01..2020-04-01: $0.103569 1,588,664 B (4.21s)
[2026-09-23 20:34:22 PDT] [267/4295] A YM ohlcv-1m 2020-04-01..2020-05-01: $0.104639 1,605,072 B (1.00s)
[2026-09-23 20:34:24 PDT] [268/4295] A YM ohlcv-1m 2020-05-01..2020-06-01: $0.103817 1,592,472 B (1.74s)
[2026-09-23 20:34:25 PDT] [269/4295] A YM ohlcv-1m 2020-06-01..2020-07-01: $0.107731 1,652,504 B (1.21s)
[2026-09-23 20:34:25 PDT] [270/4295] A RTY ohlcv-1m 2026-02-01..2026-03-01: $0.098429 1,509,816 B (27.97s)
[2026-09-23 20:34:26 PDT] [271/4295] A YM ohlcv-1m 2020-01-01..2020-02-01: $0.108658 1,666,728 B (11.29s)
[2026-09-23 20:34:27 PDT] [272/4295] A YM ohlcv-1m 2020-08-01..2020-09-01: $0.104869 1,608,600 B (1.94s)
[2026-09-23 20:34:28 PDT] [273/4295] A YM ohlcv-1m 2020-07-01..2020-08-01: $0.113295 1,737,848 B (2.77s)
[2026-09-23 20:34:28 PDT] [274/4295] A YM ohlcv-1m 2020-10-01..2020-11-01: $0.109126 1,673,896 B (1.27s)
[2026-09-23 20:34:28 PDT] [275/4295] A YM ohlcv-1m 2020-09-01..2020-10-01: $0.108658 1,666,728 B (2.00s)
[2026-09-23 20:34:29 PDT] [276/4295] A YM ohlcv-1m 2019-12-01..2020-01-01: $0.103040 1,580,544 B (14.46s)
[2026-09-23 20:34:30 PDT] [277/4295] A YM ohlcv-1m 2020-12-01..2021-01-01: $0.108425 1,663,144 B (1.67s)
[2026-09-23 20:34:30 PDT] [278/4295] A YM ohlcv-1m 2021-02-01..2021-03-01: $0.098714 1,514,184 B (1.41s)
[2026-09-23 20:34:31 PDT] [279/4295] A YM ohlcv-1m 2021-01-01..2021-02-01: $0.099017 1,518,832 B (2.29s)
[2026-09-23 20:34:31 PDT] [280/4295] A YM ohlcv-1m 2021-04-01..2021-05-01: $0.107023 1,641,640 B (0.96s)
[2026-09-23 20:34:32 PDT] [281/4295] A YM ohlcv-1m 2021-05-01..2021-06-01: $0.104007 1,595,384 B (0.93s)
[2026-09-23 20:34:32 PDT] [282/4295] A YM ohlcv-1m 2021-03-01..2021-04-01: $0.114751 1,760,192 B (2.34s)
[2026-09-23 20:34:32 PDT] [283/4295] A YM ohlcv-1m 2021-06-01..2021-07-01: $0.109038 1,672,552 B (1.53s)
[2026-09-23 20:34:33 PDT] [284/4295] A YM ohlcv-1m 2021-07-01..2021-08-01: $0.109144 1,674,176 B (1.08s)
[2026-09-23 20:34:34 PDT] [285/4295] A YM ohlcv-1m 2021-08-01..2021-09-01: $0.110896 1,701,056 B (2.01s)
[2026-09-23 20:34:34 PDT] [286/4295] A YM ohlcv-1m 2021-10-01..2021-11-01: $0.105650 1,620,584 B (1.71s)
[2026-09-23 20:34:35 PDT] [287/4295] A YM ohlcv-1m 2021-09-01..2021-10-01: $0.109513 1,679,832 B (2.39s)
[2026-09-23 20:34:35 PDT] [288/4295] A YM ohlcv-1m 2020-11-01..2020-12-01: $0.103233 1,583,512 B (7.67s)
[2026-09-23 20:34:36 PDT] [289/4295] A YM ohlcv-1m 2021-11-01..2021-12-01: $0.108549 1,665,048 B (1.56s)
[2026-09-23 20:34:36 PDT] [290/4295] A YM ohlcv-1m 2021-12-01..2022-01-01: $0.109688 1,682,520 B (1.50s)
[2026-09-23 20:34:36 PDT] [291/4295] A YM ohlcv-1m 2022-01-01..2022-02-01: $0.105018 1,610,896 B (1.40s)
[2026-09-23 20:34:38 PDT] [292/4295] A YM ohlcv-1m 2022-02-01..2022-03-01: $0.099736 1,529,864 B (3.13s)
[2026-09-23 20:34:39 PDT] [293/4295] A YM ohlcv-1m 2022-04-01..2022-05-01: $0.100112 1,535,632 B (2.79s)
[2026-09-23 20:34:39 PDT] [294/4295] A YM ohlcv-1m 2022-03-01..2022-04-01: $0.115748 1,775,480 B (3.48s)
[2026-09-23 20:34:40 PDT] [295/4295] A YM ohlcv-1m 2022-06-01..2022-07-01: $0.109739 1,683,304 B (1.33s)
[2026-09-23 20:34:40 PDT] [296/4295] A YM ohlcv-1m 2022-05-01..2022-06-01: $0.110203 1,690,416 B (3.51s)
[2026-09-23 20:34:40 PDT] [297/4295] A YM ohlcv-1m 2022-08-01..2022-09-01: $0.115252 1,767,864 B (0.82s)
[2026-09-23 20:34:40 PDT] [298/4295] A YM ohlcv-1m 2022-09-01..2022-10-01: $0.108804 1,668,968 B (0.74s)
[2026-09-23 20:34:41 PDT] [299/4295] A YM ohlcv-1m 2022-11-01..2022-12-01: $0.108724 1,667,736 B (0.90s)
[2026-09-23 20:34:42 PDT] [300/4295] A YM ohlcv-1m 2022-12-01..2023-01-01: $0.104734 1,606,528 B (1.26s)
[2026-09-23 20:34:42 PDT] [301/4295] A YM ohlcv-1m 2022-10-01..2022-11-01: $0.106022 1,626,296 B (2.09s)
[2026-09-23 20:34:43 PDT] [302/4295] A YM ohlcv-1m 2023-03-01..2023-04-01: $0.115117 1,765,792 B (1.11s)
[2026-09-23 20:34:43 PDT] [303/4295] A YM ohlcv-1m 2023-01-01..2023-02-01: $0.104814 1,607,760 B (2.16s)
[2026-09-23 20:34:44 PDT] [304/4295] A YM ohlcv-1m 2023-04-01..2023-05-01: $0.098955 1,517,880 B (0.89s)
[2026-09-23 20:34:44 PDT] [305/4295] A YM ohlcv-1m 2023-02-01..2023-03-01: $0.099418 1,524,992 B (2.56s)
[2026-09-23 20:34:45 PDT] [306/4295] A YM ohlcv-1m 2023-06-01..2023-07-01: $0.107775 1,653,176 B (0.98s)
[2026-09-23 20:34:45 PDT] [307/4295] A YM ohlcv-1m 2023-05-01..2023-06-01: $0.114284 1,753,024 B (2.26s)
[2026-09-23 20:34:46 PDT] [308/4295] A YM ohlcv-1m 2022-07-01..2022-08-01: $0.104686 1,605,800 B (7.27s)
[2026-09-23 20:34:46 PDT] [309/4295] A YM ohlcv-1m 2023-08-01..2023-09-01: $0.115113 1,765,736 B (1.19s)
[2026-09-23 20:34:47 PDT] [310/4295] A YM ohlcv-1m 2023-11-01..2023-12-01: $0.108238 1,660,288 B (0.95s)
[2026-09-23 20:34:47 PDT] [311/4295] A YM ohlcv-1m 2023-10-01..2023-11-01: $0.110951 1,701,896 B (1.20s)
[2026-09-23 20:34:48 PDT] [312/4295] A YM ohlcv-1m 2023-12-01..2024-01-01: $0.098447 1,510,096 B (1.32s)
[2026-09-23 20:34:48 PDT] [313/4295] A YM ohlcv-1m 2023-07-01..2023-08-01: $0.103774 1,591,800 B (4.04s)
[2026-09-23 20:34:50 PDT] [314/4295] A YM ohlcv-1m 2024-03-01..2024-04-01: $0.099093 1,520,008 B (1.17s)
[2026-09-23 20:34:50 PDT] [315/4295] A YM ohlcv-1m 2023-09-01..2023-10-01: $0.102452 1,571,528 B (4.30s)
[2026-09-23 20:34:50 PDT] [316/4295] A YM ohlcv-1m 2024-02-01..2024-03-01: $0.103766 1,591,688 B (1.47s)
[2026-09-23 20:34:50 PDT] [317/4295] A YM ohlcv-1m 2024-01-01..2024-02-01: $0.109294 1,676,472 B (2.73s)
[2026-09-23 20:34:51 PDT] [318/4295] A YM ohlcv-1m 2024-06-01..2024-07-01: $0.097396 1,493,968 B (0.97s)
[2026-09-23 20:34:51 PDT] [319/4295] A YM ohlcv-1m 2024-04-01..2024-05-01: $0.110013 1,687,504 B (1.23s)
[2026-09-23 20:34:51 PDT] [320/4295] A YM ohlcv-1m 2024-07-01..2024-08-01: $0.113152 1,735,664 B (1.69s)
[2026-09-23 20:34:53 PDT] [321/4295] A YM ohlcv-1m 2024-10-01..2024-11-01: $0.114105 1,750,280 B (1.28s)
[2026-09-23 20:34:54 PDT] [322/4295] A YM ohlcv-1m 2024-09-01..2024-10-01: $0.102171 1,567,216 B (2.93s)
[2026-09-23 20:34:54 PDT] [323/4295] A YM ohlcv-1m 2024-11-01..2024-12-01: $0.103102 1,581,496 B (1.01s)
[2026-09-23 20:34:54 PDT] [324/4295] A YM ohlcv-1m 2024-08-01..2024-09-01: $0.108892 1,670,312 B (3.24s)
[2026-09-23 20:34:55 PDT] [325/4295] A YM ohlcv-1m 2025-01-01..2025-02-01: $0.106858 1,639,120 B (0.89s)
[2026-09-23 20:34:55 PDT] [326/4295] A YM ohlcv-1m 2024-12-01..2025-01-01: $0.102098 1,566,096 B (1.45s)
[2026-09-23 20:34:55 PDT] [327/4295] A YM ohlcv-1m 2024-05-01..2024-06-01: $0.113328 1,738,352 B (5.58s)
[2026-09-23 20:34:57 PDT] [328/4295] A YM ohlcv-1m 2025-03-01..2025-04-01: $0.103890 1,593,592 B (2.00s)
[2026-09-23 20:34:57 PDT] [329/4295] A YM ohlcv-1m 2025-04-01..2025-05-01: $0.105066 1,611,624 B (1.71s)
[2026-09-23 20:34:57 PDT] [330/4295] A YM ohlcv-1m 2025-05-01..2025-06-01: $0.107760 1,652,952 B (2.10s)
[2026-09-23 20:34:58 PDT] [331/4295] A YM ohlcv-1m 2025-07-01..2025-08-01: $0.110838 1,700,160 B (1.58s)
[2026-09-23 20:35:00 PDT] [332/4295] A YM ohlcv-1m 2025-09-01..2025-10-01: $0.104683 1,605,744 B (1.46s)
[2026-09-23 20:35:00 PDT] [333/4295] A YM ohlcv-1m 2025-08-01..2025-09-01: $0.103357 1,585,416 B (2.52s)
[2026-09-23 20:35:01 PDT] [334/4295] A YM ohlcv-1m 2025-11-01..2025-12-01: $0.095902 1,471,064 B (1.20s)
[2026-09-23 20:35:02 PDT] [335/4295] A YM ohlcv-1m 2025-12-01..2026-01-01: $0.105515 1,618,512 B (0.76s)
[2026-09-23 20:35:03 PDT] [336/4295] A YM ohlcv-1m 2026-01-01..2026-02-01: $0.104025 1,595,664 B (1.18s)
[2026-09-23 20:35:05 PDT] [337/4295] A YM ohlcv-1m 2026-02-01..2026-03-01: $0.099195 1,521,576 B (1.84s)
[2026-09-23 20:35:06 PDT] [338/4295] A YM ohlcv-1m 2025-02-01..2025-03-01: $0.098199 1,506,288 B (11.64s)
[2026-09-23 20:35:06 PDT] [339/4295] A YM ohlcv-1m 2025-06-01..2025-07-01: $0.101784 1,561,280 B (9.32s)
[2026-09-23 20:35:06 PDT] [340/4295] A YM ohlcv-1m 2026-03-01..2026-04-01: $0.109429 1,678,544 B (1.34s)
[2026-09-23 20:35:07 PDT] [341/4295] A YM ohlcv-1m 2026-04-01..2026-05-01: $0.107519 1,649,256 B (1.30s)
[2026-09-23 20:35:07 PDT] [342/4295] A YM ohlcv-1m 2025-10-01..2025-11-01: $0.114167 1,751,232 B (7.18s)
[2026-09-23 20:35:08 PDT] [343/4295] A YM ohlcv-1m 2026-06-01..2026-06-21: $0.073541 1,128,064 B (1.47s)
[2026-09-23 20:35:08 PDT] [344/4295] A MNQ ohlcv-1m 2019-06-01..2019-07-01: $0.095625 1,466,808 B (1.02s)
[2026-09-23 20:35:08 PDT] [345/4295] A MNQ ohlcv-1m 2019-05-01..2019-06-01: $0.093679 1,436,960 B (1.55s)
[2026-09-23 20:35:08 PDT] [346/4295] A YM ohlcv-1m 2026-05-01..2026-06-01: $0.103894 1,593,648 B (2.50s)
[2026-09-23 20:35:11 PDT] [347/4295] A MNQ ohlcv-1m 2019-10-01..2019-11-01: $0.113985 1,748,432 B (2.02s)
[2026-09-23 20:35:11 PDT] [348/4295] A MNQ ohlcv-1m 2019-09-01..2019-10-01: $0.103182 1,582,728 B (2.05s)
[2026-09-23 20:35:12 PDT] [349/4295] A MNQ ohlcv-1m 2019-08-01..2019-09-01: $0.108918 1,670,704 B (3.86s)
[2026-09-23 20:35:13 PDT] [350/4295] A MNQ ohlcv-1m 2019-12-01..2020-01-01: $0.102850 1,577,632 B (2.29s)
[2026-09-23 20:35:13 PDT] [351/4295] A MNQ ohlcv-1m 2020-01-01..2020-02-01: $0.108698 1,667,344 B (0.98s)
[2026-09-23 20:35:14 PDT] [352/4295] A MNQ ohlcv-1m 2020-03-01..2020-04-01: $0.102518 1,572,536 B (1.29s)
[2026-09-23 20:35:15 PDT] [353/4295] A MNQ ohlcv-1m 2020-02-01..2020-03-01: $0.098845 1,516,200 B (1.86s)
[2026-09-23 20:35:15 PDT] [354/4295] A MNQ ohlcv-1m 2019-11-01..2019-12-01: $0.102269 1,568,728 B (4.46s)
[2026-09-23 20:35:16 PDT] [355/4295] A MNQ ohlcv-1m 2019-07-01..2019-08-01: $0.110977 1,702,288 B (7.94s)
[2026-09-23 20:35:16 PDT] [356/4295] A MNQ ohlcv-1m 2020-04-01..2020-05-01: $0.104657 1,605,352 B (1.88s)
[2026-09-23 20:35:16 PDT] [357/4295] A MNQ ohlcv-1m 2020-05-01..2020-06-01: $0.103828 1,592,640 B (1.50s)
[2026-09-23 20:35:17 PDT] [358/4295] A MNQ ohlcv-1m 2020-08-01..2020-09-01: $0.105088 1,611,960 B (1.12s)
[2026-09-23 20:35:17 PDT] [359/4295] A MNQ ohlcv-1m 2020-07-01..2020-08-01: $0.113357 1,738,800 B (1.63s)
[2026-09-23 20:35:18 PDT] [360/4295] A MNQ ohlcv-1m 2020-09-01..2020-10-01: $0.108801 1,668,912 B (1.48s)
[2026-09-23 20:35:18 PDT] [361/4295] A MNQ ohlcv-1m 2020-10-01..2020-11-01: $0.109195 1,674,960 B (0.83s)
[2026-09-23 20:35:18 PDT] [362/4295] A MNQ ohlcv-1m 2020-06-01..2020-07-01: $0.109195 1,674,960 B (3.30s)
[2026-09-23 20:35:19 PDT] [363/4295] A MNQ ohlcv-1m 2021-01-01..2021-02-01: $0.099064 1,519,560 B (1.29s)
[2026-09-23 20:35:19 PDT] [364/4295] A MNQ ohlcv-1m 2020-11-01..2020-12-01: $0.103273 1,584,128 B (2.14s)
[2026-09-23 20:35:20 PDT] [365/4295] A MNQ ohlcv-1m 2021-02-01..2021-03-01: $0.098841 1,516,144 B (2.21s)
[2026-09-23 20:35:21 PDT] [366/4295] A MNQ ohlcv-1m 2020-12-01..2021-01-01: $0.108644 1,666,504 B (2.95s)
[2026-09-23 20:35:21 PDT] [367/4295] A MNQ ohlcv-1m 2021-03-01..2021-04-01: $0.114832 1,761,424 B (1.41s)
[2026-09-23 20:35:21 PDT] [368/4295] A MNQ ohlcv-1m 2021-07-01..2021-08-01: $0.109516 1,679,888 B (0.78s)
[2026-09-23 20:35:23 PDT] [369/4295] A MNQ ohlcv-1m 2021-08-01..2021-09-01: $0.111272 1,706,824 B (1.18s)
[2026-09-23 20:35:23 PDT] [370/4295] A MNQ ohlcv-1m 2021-06-01..2021-07-01: $0.109783 1,683,976 B (2.14s)
[2026-09-23 20:35:23 PDT] [371/4295] A MNQ ohlcv-1m 2021-04-01..2021-05-01: $0.107552 1,649,760 B (3.74s)
[2026-09-23 20:35:23 PDT] [372/4295] A MNQ ohlcv-1m 2021-09-01..2021-10-01: $0.109954 1,686,608 B (0.77s)
[2026-09-23 20:35:24 PDT] [373/4295] A MNQ ohlcv-1m 2021-10-01..2021-11-01: $0.105800 1,622,880 B (1.47s)
[2026-09-23 20:35:26 PDT] [374/4295] A MNQ ohlcv-1m 2021-12-01..2022-01-01: $0.110619 1,696,800 B (2.40s)
[2026-09-23 20:35:26 PDT] [375/4295] A MNQ ohlcv-1m 2021-05-01..2021-06-01: $0.104266 1,599,360 B (5.58s)
[2026-09-23 20:35:26 PDT] [376/4295] A MNQ ohlcv-1m 2022-01-01..2022-02-01: $0.105143 1,612,800 B (1.99s)
[2026-09-23 20:35:27 PDT] [377/4295] A MNQ ohlcv-1m 2022-03-01..2022-04-01: $0.116095 1,780,800 B (1.03s)
[2026-09-23 20:35:28 PDT] [378/4295] A MNQ ohlcv-1m 2022-02-01..2022-03-01: $0.099885 1,532,160 B (1.71s)
[2026-09-23 20:35:28 PDT] [379/4295] A MNQ ohlcv-1m 2021-11-01..2021-12-01: $0.108921 1,670,760 B (4.86s)
[2026-09-23 20:35:29 PDT] [380/4295] A MNQ ohlcv-1m 2022-07-01..2022-08-01: $0.104924 1,609,440 B (1.03s)
[2026-09-23 20:35:29 PDT] [381/4295] A MNQ ohlcv-1m 2022-05-01..2022-06-01: $0.110400 1,693,440 B (2.02s)
[2026-09-23 20:35:30 PDT] [382/4295] A MNQ ohlcv-1m 2022-09-01..2022-10-01: $0.109524 1,680,000 B (0.94s)
[2026-09-23 20:35:30 PDT] [383/4295] A MNQ ohlcv-1m 2022-08-01..2022-09-01: $0.115876 1,777,440 B (1.32s)
[2026-09-23 20:35:30 PDT] [384/4295] A MNQ ohlcv-1m 2022-06-01..2022-07-01: $0.109962 1,686,720 B (2.91s)
[2026-09-23 20:35:31 PDT] [385/4295] A MNQ ohlcv-1m 2022-04-01..2022-05-01: $0.100324 1,538,880 B (4.60s)
[2026-09-23 20:35:32 PDT] [386/4295] A MNQ ohlcv-1m 2022-11-01..2022-12-01: $0.108921 1,670,760 B (1.20s)
[2026-09-23 20:35:32 PDT] [387/4295] A MNQ ohlcv-1m 2023-01-01..2023-02-01: $0.105143 1,612,800 B (0.79s)
[2026-09-23 20:35:32 PDT] [388/4295] A MNQ ohlcv-1m 2022-12-01..2023-01-01: $0.105577 1,619,464 B (1.21s)
[2026-09-23 20:35:33 PDT] [389/4295] A MNQ ohlcv-1m 2023-04-01..2023-05-01: $0.099502 1,526,280 B (1.03s)
[2026-09-23 20:35:34 PDT] [390/4295] A MNQ ohlcv-1m 2023-03-01..2023-04-01: $0.115657 1,774,080 B (1.94s)
[2026-09-23 20:35:34 PDT] [391/4295] A MNQ ohlcv-1m 2023-05-01..2023-06-01: $0.115000 1,764,000 B (0.96s)
[2026-09-23 20:35:34 PDT] [392/4295] A MNQ ohlcv-1m 2023-02-01..2023-03-01: $0.099885 1,532,160 B (2.23s)
[2026-09-23 20:35:35 PDT] [393/4295] A MNQ ohlcv-1m 2023-06-01..2023-07-01: $0.109524 1,680,000 B (1.05s)
[2026-09-23 20:35:35 PDT] [394/4295] A MNQ ohlcv-1m 2023-08-01..2023-09-01: $0.115876 1,777,440 B (0.91s)
[2026-09-23 20:35:35 PDT] [395/4295] A MNQ ohlcv-1m 2023-07-01..2023-08-01: $0.104537 1,603,504 B (1.05s)
[2026-09-23 20:35:35 PDT] [396/4295] A MNQ ohlcv-1m 2022-10-01..2022-11-01: $0.106238 1,629,600 B (5.17s)
[2026-09-23 20:35:36 PDT] [397/4295] A MNQ ohlcv-1m 2023-10-01..2023-11-01: $0.111276 1,706,880 B (0.99s)
[2026-09-23 20:35:37 PDT] [398/4295] A MNQ ohlcv-1m 2024-01-01..2024-02-01: $0.110181 1,690,080 B (1.08s)
[2026-09-23 20:35:37 PDT] [399/4295] A MNQ ohlcv-1m 2023-12-01..2024-01-01: $0.100535 1,542,128 B (1.79s)
[2026-09-23 20:35:37 PDT] [400/4295] A MNQ ohlcv-1m 2023-09-01..2023-10-01: $0.104485 1,602,720 B (2.86s)
[2026-09-23 20:35:39 PDT] [401/4295] A MNQ ohlcv-1m 2024-02-01..2024-03-01: $0.104924 1,609,440 B (1.81s)
[2026-09-23 20:35:39 PDT] [402/4295] A MNQ ohlcv-1m 2024-03-01..2024-04-01: $0.100981 1,548,960 B (1.87s)
[2026-09-23 20:35:39 PDT] [403/4295] A MNQ ohlcv-1m 2024-04-01..2024-05-01: $0.110838 1,700,160 B (1.86s)
[2026-09-23 20:35:40 PDT] [404/4295] A MNQ ohlcv-1m 2023-11-01..2023-12-01: $0.108921 1,670,760 B (5.14s)
[2026-09-23 20:35:40 PDT] [405/4295] A MNQ ohlcv-1m 2024-05-01..2024-06-01: $0.114562 1,757,280 B (1.56s)
[2026-09-23 20:35:41 PDT] [406/4295] A MNQ ohlcv-1m 2024-06-01..2024-07-01: $0.100324 1,538,880 B (1.63s)
[2026-09-23 20:35:41 PDT] [407/4295] A MNQ ohlcv-1m 2024-07-01..2024-08-01: $0.114178 1,751,400 B (1.30s)
[2026-09-23 20:35:41 PDT] [408/4295] A MNQ ohlcv-1m 2024-09-01..2024-10-01: $0.105362 1,616,160 B (1.32s)
[2026-09-23 20:35:42 PDT] [409/4295] A MNQ ohlcv-1m 2024-10-01..2024-11-01: $0.115876 1,777,440 B (1.48s)
[2026-09-23 20:35:42 PDT] [410/4295] A MNQ ohlcv-1m 2024-08-01..2024-09-01: $0.110400 1,693,440 B (2.15s)
[2026-09-23 20:35:43 PDT] [411/4295] A MNQ ohlcv-1m 2024-11-01..2024-12-01: $0.103664 1,590,120 B (2.67s)
[2026-09-23 20:35:45 PDT] [412/4295] A MNQ ohlcv-1m 2025-02-01..2025-03-01: $0.099885 1,532,160 B (2.50s)
[2026-09-23 20:35:45 PDT] [413/4295] A MNQ ohlcv-1m 2025-01-01..2025-02-01: $0.108319 1,661,520 B (2.53s)
[2026-09-23 20:35:45 PDT] [414/4295] A MNQ ohlcv-1m 2024-12-01..2025-01-01: $0.104975 1,610,224 B (3.35s)
[2026-09-23 20:35:47 PDT] [415/4295] A MNQ ohlcv-1m 2025-06-01..2025-07-01: $0.105362 1,616,160 B (1.82s)
[2026-09-23 20:35:48 PDT] [416/4295] A MNQ ohlcv-1m 2025-05-01..2025-06-01: $0.109524 1,680,000 B (3.54s)
[2026-09-23 20:35:49 PDT] [417/4295] A MNQ ohlcv-1m 2025-03-01..2025-04-01: $0.106238 1,629,600 B (5.91s)
[2026-09-23 20:35:49 PDT] [418/4295] A MNQ ohlcv-1m 2025-07-01..2025-08-01: $0.114178 1,751,400 B (2.59s)
[2026-09-23 20:35:49 PDT] [419/4295] A MNQ ohlcv-1m 2025-04-01..2025-05-01: $0.105789 1,622,712 B (4.96s)
[2026-09-23 20:35:50 PDT] [420/4295] A MNQ ohlcv-1m 2025-08-01..2025-09-01: $0.105800 1,622,880 B (2.40s)
[2026-09-23 20:35:51 PDT] [421/4295] A MNQ ohlcv-1m 2025-09-01..2025-10-01: $0.109958 1,686,664 B (1.84s)
[2026-09-23 20:35:52 PDT] [422/4295] A MNQ ohlcv-1m 2025-10-01..2025-11-01: $0.115438 1,770,720 B (2.34s)
[2026-09-23 20:35:52 PDT] [423/4295] A MNQ ohlcv-1m 2025-12-01..2026-01-01: $0.109797 1,684,200 B (1.15s)
[2026-09-23 20:35:52 PDT] [424/4295] A MNQ ohlcv-1m 2025-11-01..2025-12-01: $0.096928 1,486,800 B (2.29s)
[2026-09-23 20:35:53 PDT] [425/4295] A MNQ ohlcv-1m 2026-04-01..2026-05-01: $0.109140 1,674,120 B (1.14s)
[2026-09-23 20:35:53 PDT] [426/4295] A MNQ ohlcv-1m 2026-01-01..2026-02-01: $0.104924 1,609,440 B (2.15s)
[2026-09-23 20:35:56 PDT] [427/4295] A MNQ ohlcv-1m 2026-02-01..2026-03-01: $0.099885 1,532,160 B (4.36s)
[2026-09-23 20:35:56 PDT] [428/4295] A MNQ ohlcv-1m 2026-05-01..2026-06-01: $0.104924 1,609,440 B (3.51s)
[2026-09-23 20:35:56 PDT] [429/4295] A MNQ ohlcv-1m 2026-03-01..2026-04-01: $0.111276 1,706,880 B (4.86s)
[2026-09-23 20:35:57 PDT] [430/4295] A MNQ ohlcv-1m 2026-06-01..2026-06-21: $0.074257 1,139,040 B (3.70s)
[2026-09-23 20:35:57 PDT] [431/4295] A M2K ohlcv-1m 2019-05-01..2019-06-01: $0.057493 881,888 B (1.50s)
[2026-09-23 20:35:58 PDT] [432/4295] A M2K ohlcv-1m 2019-06-01..2019-07-01: $0.066718 1,023,400 B (1.33s)
[2026-09-23 20:35:58 PDT] [433/4295] A M2K ohlcv-1m 2019-07-01..2019-08-01: $0.083070 1,274,224 B (1.45s)
[2026-09-23 20:35:59 PDT] [434/4295] A M2K ohlcv-1m 2019-10-01..2019-11-01: $0.092759 1,422,848 B (1.09s)
[2026-09-23 20:35:59 PDT] [435/4295] A M2K ohlcv-1m 2019-09-01..2019-10-01: $0.080109 1,228,808 B (1.66s)
[2026-09-23 20:35:59 PDT] [436/4295] A M2K ohlcv-1m 2019-08-01..2019-09-01: $0.095245 1,460,984 B (2.31s)
[2026-09-23 20:35:59 PDT] [437/4295] A M2K ohlcv-1m 2019-11-01..2019-12-01: $0.081310 1,247,232 B (1.58s)
[2026-09-23 20:36:00 PDT] [438/4295] A M2K ohlcv-1m 2020-01-01..2020-02-01: $0.097994 1,503,152 B (1.21s)
[2026-09-23 20:36:00 PDT] [439/4295] A M2K ohlcv-1m 2020-02-01..2020-03-01: $0.090518 1,388,464 B (1.22s)
[2026-09-23 20:36:01 PDT] [440/4295] A M2K ohlcv-1m 2020-04-01..2020-05-01: $0.102718 1,575,616 B (1.08s)
[2026-09-23 20:36:02 PDT] [441/4295] A M2K ohlcv-1m 2020-05-01..2020-06-01: $0.103562 1,588,552 B (1.40s)
[2026-09-23 20:36:02 PDT] [442/4295] A M2K ohlcv-1m 2020-03-01..2020-04-01: $0.097359 1,493,408 B (2.95s)
[2026-09-23 20:36:03 PDT] [443/4295] A M2K ohlcv-1m 2020-07-01..2020-08-01: $0.112762 1,729,672 B (1.42s)
[2026-09-23 20:36:03 PDT] [444/4295] A M2K ohlcv-1m 2020-08-01..2020-09-01: $0.102649 1,574,552 B (0.88s)
[2026-09-23 20:36:04 PDT] [445/4295] A M2K ohlcv-1m 2019-12-01..2020-01-01: $0.081924 1,256,640 B (4.97s)
[2026-09-23 20:36:04 PDT] [446/4295] A M2K ohlcv-1m 2020-06-01..2020-07-01: $0.109085 1,673,280 B (2.70s)
[2026-09-23 20:36:05 PDT] [447/4295] A M2K ohlcv-1m 2020-10-01..2020-11-01: $0.107483 1,648,696 B (1.40s)
[2026-09-23 20:36:05 PDT] [448/4295] A M2K ohlcv-1m 2020-09-01..2020-10-01: $0.104997 1,610,560 B (1.63s)
[2026-09-23 20:36:06 PDT] [449/4295] A M2K ohlcv-1m 2021-01-01..2021-02-01: $0.098860 1,516,424 B (0.85s)
[2026-09-23 20:36:06 PDT] [450/4295] A M2K ohlcv-1m 2021-02-01..2021-03-01: $0.098549 1,511,664 B (0.93s)
[2026-09-23 20:36:06 PDT] [451/4295] A M2K ohlcv-1m 2020-12-01..2021-01-01: $0.106066 1,626,968 B (2.27s)
[2026-09-23 20:36:07 PDT] [452/4295] A M2K ohlcv-1m 2020-11-01..2020-12-01: $0.102383 1,570,464 B (2.96s)
[2026-09-23 20:36:07 PDT] [453/4295] A M2K ohlcv-1m 2021-04-01..2021-05-01: $0.105968 1,625,456 B (1.07s)
[2026-09-23 20:36:07 PDT] [454/4295] A M2K ohlcv-1m 2021-03-01..2021-04-01: $0.114379 1,754,480 B (1.29s)
[2026-09-23 20:36:09 PDT] [455/4295] A M2K ohlcv-1m 2021-07-01..2021-08-01: $0.107738 1,652,616 B (1.99s)
[2026-09-23 20:36:11 PDT] [456/4295] A M2K ohlcv-1m 2021-06-01..2021-07-01: $0.103854 1,593,032 B (4.73s)
[2026-09-23 20:36:12 PDT] [457/4295] A M2K ohlcv-1m 2021-08-01..2021-09-01: $0.109126 1,673,896 B (5.32s)
[2026-09-23 20:36:13 PDT] [458/4295] A M2K ohlcv-1m 2021-09-01..2021-10-01: $0.108841 1,669,528 B (3.95s)
[2026-09-23 20:36:13 PDT] [459/4295] A M2K ohlcv-1m 2021-10-01..2021-11-01: $0.104569 1,604,008 B (1.57s)
[2026-09-23 20:36:14 PDT] [460/4295] A M2K ohlcv-1m 2021-12-01..2022-01-01: $0.108954 1,671,264 B (0.71s)
[2026-09-23 20:36:14 PDT] [461/4295] A M2K ohlcv-1m 2022-01-01..2022-02-01: $0.104748 1,606,752 B (1.32s)
[2026-09-23 20:36:15 PDT] [462/4295] A M2K ohlcv-1m 2022-03-01..2022-04-01: $0.115328 1,769,040 B (0.92s)
[2026-09-23 20:36:16 PDT] [463/4295] A M2K ohlcv-1m 2021-05-01..2021-06-01: $0.102773 1,576,456 B (10.16s)
[2026-09-23 20:36:17 PDT] [464/4295] A M2K ohlcv-1m 2022-05-01..2022-06-01: $0.109991 1,687,168 B (0.98s)
[2026-09-23 20:36:18 PDT] [465/4295] A M2K ohlcv-1m 2022-04-01..2022-05-01: $0.099396 1,524,656 B (2.52s)
[2026-09-23 20:36:19 PDT] [466/4295] A M2K ohlcv-1m 2022-02-01..2022-03-01: $0.099623 1,528,128 B (5.06s)
[2026-09-23 20:36:19 PDT] [467/4295] A M2K ohlcv-1m 2022-06-01..2022-07-01: $0.109009 1,672,104 B (1.43s)
[2026-09-23 20:36:19 PDT] [468/4295] A M2K ohlcv-1m 2022-07-01..2022-08-01: $0.103916 1,593,984 B (1.48s)
[2026-09-23 20:36:21 PDT] [469/4295] A M2K ohlcv-1m 2022-08-01..2022-09-01: $0.112032 1,718,472 B (1.97s)
[2026-09-23 20:36:23 PDT] [470/4295] A M2K ohlcv-1m 2022-09-01..2022-10-01: $0.106891 1,639,624 B (3.76s)
[2026-09-23 20:36:24 PDT] [471/4295] A M2K ohlcv-1m 2022-10-01..2022-11-01: $0.105847 1,623,608 B (4.92s)
[2026-09-23 20:36:24 PDT] [472/4295] A M2K ohlcv-1m 2021-11-01..2021-12-01: $0.107052 1,642,088 B (12.15s)
[2026-09-23 20:36:24 PDT] [473/4295] A M2K ohlcv-1m 2022-12-01..2023-01-01: $0.101108 1,550,920 B (1.85s)
[2026-09-23 20:36:25 PDT] [474/4295] A M2K ohlcv-1m 2023-02-01..2023-03-01: $0.094563 1,450,512 B (1.05s)
[2026-09-23 20:36:27 PDT] [475/4295] A M2K ohlcv-1m 2022-11-01..2022-12-01: $0.106643 1,635,816 B (6.66s)
[2026-09-23 20:36:27 PDT] [476/4295] A M2K ohlcv-1m 2023-03-01..2023-04-01: $0.111006 1,702,736 B (2.94s)
[2026-09-23 20:36:28 PDT] [477/4295] A M2K ohlcv-1m 2023-01-01..2023-02-01: $0.101346 1,554,560 B (3.37s)
[2026-09-23 20:36:28 PDT] [478/4295] A M2K ohlcv-1m 2023-04-01..2023-05-01: $0.092715 1,422,176 B (2.32s)
[2026-09-23 20:36:29 PDT] [479/4295] A M2K ohlcv-1m 2023-08-01..2023-09-01: $0.109297 1,676,528 B (0.93s)
[2026-09-23 20:36:29 PDT] [480/4295] A M2K ohlcv-1m 2023-07-01..2023-08-01: $0.096344 1,477,840 B (1.22s)
[2026-09-23 20:36:29 PDT] [481/4295] A M2K ohlcv-1m 2023-05-01..2023-06-01: $0.107541 1,649,592 B (1.87s)
[2026-09-23 20:36:30 PDT] [482/4295] A M2K ohlcv-1m 2023-06-01..2023-07-01: $0.100769 1,545,712 B (2.52s)
[2026-09-23 20:36:30 PDT] [483/4295] A M2K ohlcv-1m 2023-11-01..2023-12-01: $0.099948 1,533,112 B (1.31s)
[2026-09-23 20:36:31 PDT] [484/4295] A M2K ohlcv-1m 2023-10-01..2023-11-01: $0.105435 1,617,280 B (2.41s)
[2026-09-23 20:36:31 PDT] [485/4295] A M2K ohlcv-1m 2023-09-01..2023-10-01: $0.093212 1,429,792 B (2.83s)
[2026-09-23 20:36:32 PDT] [486/4295] A M2K ohlcv-1m 2024-02-01..2024-03-01: $0.100276 1,538,152 B (0.99s)
[2026-09-23 20:36:33 PDT] [487/4295] A M2K ohlcv-1m 2024-01-01..2024-02-01: $0.106081 1,627,192 B (2.79s)
[2026-09-23 20:36:34 PDT] [488/4295] A M2K ohlcv-1m 2024-05-01..2024-06-01: $0.103489 1,587,432 B (1.16s)
[2026-09-23 20:36:35 PDT] [489/4295] A M2K ohlcv-1m 2024-04-01..2024-05-01: $0.106249 1,629,768 B (3.07s)
[2026-09-23 20:36:36 PDT] [490/4295] A M2K ohlcv-1m 2024-06-01..2024-07-01: $0.089627 1,374,800 B (2.16s)
[2026-09-23 20:36:37 PDT] [491/4295] A M2K ohlcv-1m 2024-03-01..2024-04-01: $0.094431 1,448,496 B (5.26s)
[2026-09-23 20:36:37 PDT] [492/4295] A M2K ohlcv-1m 2024-07-01..2024-08-01: $0.107691 1,651,888 B (1.76s)
[2026-09-23 20:36:38 PDT] [493/4295] A M2K ohlcv-1m 2024-09-01..2024-10-01: $0.099670 1,528,856 B (1.31s)
[2026-09-23 20:36:38 PDT] [494/4295] A M2K ohlcv-1m 2024-08-01..2024-09-01: $0.106340 1,631,168 B (1.62s)
[2026-09-23 20:36:38 PDT] [495/4295] A M2K ohlcv-1m 2024-10-01..2024-11-01: $0.111115 1,704,416 B (1.38s)
[2026-09-23 20:36:39 PDT] [496/4295] A M2K ohlcv-1m 2023-12-01..2024-01-01: $0.092701 1,421,952 B (8.70s)
[2026-09-23 20:36:39 PDT] [497/4295] A M2K ohlcv-1m 2024-11-01..2024-12-01: $0.100769 1,545,712 B (1.28s)
[2026-09-23 20:36:42 PDT] [498/4295] A M2K ohlcv-1m 2025-01-01..2025-02-01: $0.102905 1,578,472 B (3.47s)
[2026-09-23 20:36:42 PDT] [499/4295] A M2K ohlcv-1m 2024-12-01..2025-01-01: $0.097753 1,499,456 B (3.97s)
[2026-09-23 20:36:43 PDT] [500/4295] A M2K ohlcv-1m 2025-05-01..2025-06-01: $0.106227 1,629,432 B (0.98s)
[2026-09-23 20:36:43 PDT] [501/4295] A M2K ohlcv-1m 2025-02-01..2025-03-01: $0.093548 1,434,944 B (4.44s)
[2026-09-23 20:36:44 PDT] [502/4295] A M2K ohlcv-1m 2025-07-01..2025-08-01: $0.108797 1,668,856 B (1.05s)
[2026-09-23 20:36:45 PDT] [503/4295] A M2K ohlcv-1m 2025-03-01..2025-04-01: $0.101313 1,554,056 B (5.93s)
[2026-09-23 20:36:46 PDT] [504/4295] A M2K ohlcv-1m 2025-09-01..2025-10-01: $0.101667 1,559,488 B (1.08s)
[2026-09-23 20:36:47 PDT] [505/4295] A M2K ohlcv-1m 2025-08-01..2025-09-01: $0.101382 1,555,120 B (2.69s)
[2026-09-23 20:36:47 PDT] [506/4295] A M2K ohlcv-1m 2025-10-01..2025-11-01: $0.112922 1,732,136 B (0.74s)
[2026-09-23 20:36:48 PDT] [507/4295] A M2K ohlcv-1m 2025-11-01..2025-12-01: $0.095187 1,460,088 B (1.03s)
[2026-09-23 20:36:49 PDT] [508/4295] A M2K ohlcv-1m 2025-04-01..2025-05-01: $0.104460 1,602,328 B (6.65s)
[2026-09-23 20:36:50 PDT] [509/4295] A M2K ohlcv-1m 2026-02-01..2026-03-01: $0.098557 1,511,776 B (1.30s)
[2026-09-23 20:36:51 PDT] [510/4295] A M2K ohlcv-1m 2025-12-01..2026-01-01: $0.103861 1,593,144 B (3.51s)
[2026-09-23 20:36:51 PDT] [511/4295] A M2K ohlcv-1m 2025-06-01..2025-07-01: $0.099958 1,533,280 B (8.24s)
[2026-09-23 20:36:52 PDT] [512/4295] A M2K ohlcv-1m 2026-03-01..2026-04-01: $0.110181 1,690,080 B (1.84s)
[2026-09-23 20:36:53 PDT] [513/4295] A M2K ohlcv-1m 2026-04-01..2026-05-01: $0.107811 1,653,736 B (2.05s)
[2026-09-23 20:36:53 PDT] [514/4295] A M2K ohlcv-1m 2026-06-01..2026-06-21: $0.073019 1,120,056 B (1.28s)
[2026-09-23 20:36:55 PDT] [515/4295] A MYM ohlcv-1m 2019-06-01..2019-07-01: $0.085239 1,307,488 B (1.99s)
[2026-09-23 20:36:57 PDT] [516/4295] A MYM ohlcv-1m 2019-07-01..2019-08-01: $0.099528 1,526,672 B (2.10s)
[2026-09-23 20:36:57 PDT] [517/4295] A M2K ohlcv-1m 2026-05-01..2026-06-01: $0.103865 1,593,200 B (5.92s)
[2026-09-23 20:36:58 PDT] [518/4295] A MYM ohlcv-1m 2019-09-01..2019-10-01: $0.092438 1,417,920 B (1.04s)
[2026-09-23 20:36:58 PDT] [519/4295] A M2K ohlcv-1m 2026-01-01..2026-02-01: $0.102072 1,565,704 B (10.42s)
[2026-09-23 20:36:58 PDT] [520/4295] A MYM ohlcv-1m 2019-05-01..2019-06-01: $0.080299 1,231,720 B (5.80s)
[2026-09-23 20:36:59 PDT] [521/4295] A MYM ohlcv-1m 2019-11-01..2019-12-01: $0.092076 1,412,376 B (1.05s)
[2026-09-23 20:37:00 PDT] [522/4295] A MYM ohlcv-1m 2019-10-01..2019-11-01: $0.103390 1,585,920 B (1.41s)
[2026-09-23 20:37:00 PDT] [523/4295] A MYM ohlcv-1m 2019-12-01..2020-01-01: $0.092540 1,419,488 B (1.48s)
[2026-09-23 20:37:00 PDT] [524/4295] A MYM ohlcv-1m 2020-01-01..2020-02-01: $0.104920 1,609,384 B (0.90s)
[2026-09-23 20:37:01 PDT] [525/4295] A MYM ohlcv-1m 2020-03-01..2020-04-01: $0.102532 1,572,760 B (1.52s)
[2026-09-23 20:37:01 PDT] [526/4295] A MYM ohlcv-1m 2020-04-01..2020-05-01: $0.104639 1,605,072 B (1.25s)
[2026-09-23 20:37:02 PDT] [527/4295] A MYM ohlcv-1m 2020-05-01..2020-06-01: $0.103741 1,591,296 B (0.88s)
[2026-09-23 20:37:03 PDT] [528/4295] A MYM ohlcv-1m 2020-07-01..2020-08-01: $0.113120 1,735,160 B (1.16s)
[2026-09-23 20:37:04 PDT] [529/4295] A MYM ohlcv-1m 2020-06-01..2020-07-01: $0.107698 1,652,000 B (2.58s)
[2026-09-23 20:37:04 PDT] [530/4295] A MYM ohlcv-1m 2019-08-01..2019-09-01: $0.101437 1,555,960 B (7.13s)
[2026-09-23 20:37:05 PDT] [531/4295] A MYM ohlcv-1m 2020-08-01..2020-09-01: $0.103478 1,587,264 B (1.55s)
[2026-09-23 20:37:05 PDT] [532/4295] A MYM ohlcv-1m 2020-10-01..2020-11-01: $0.108563 1,665,272 B (1.24s)
[2026-09-23 20:37:06 PDT] [533/4295] A MYM ohlcv-1m 2020-09-01..2020-10-01: $0.108107 1,658,272 B (1.87s)
[2026-09-23 20:37:07 PDT] [534/4295] A MYM ohlcv-1m 2020-12-01..2021-01-01: $0.107731 1,652,504 B (1.51s)
[2026-09-23 20:37:07 PDT] [535/4295] A MYM ohlcv-1m 2020-11-01..2020-12-01: $0.103178 1,582,672 B (2.02s)
[2026-09-23 20:37:08 PDT] [536/4295] A MYM ohlcv-1m 2021-03-01..2021-04-01: $0.114591 1,757,728 B (1.04s)
[2026-09-23 20:37:09 PDT] [537/4295] A MYM ohlcv-1m 2021-02-01..2021-03-01: $0.098338 1,508,416 B (2.42s)
[2026-09-23 20:37:09 PDT] [538/4295] A MYM ohlcv-1m 2021-04-01..2021-05-01: $0.106143 1,628,144 B (1.44s)
[2026-09-23 20:37:10 PDT] [539/4295] A MYM ohlcv-1m 2021-01-01..2021-02-01: $0.098768 1,515,024 B (3.65s)
[2026-09-23 20:37:10 PDT] [540/4295] A MYM ohlcv-1m 2020-02-01..2020-03-01: $0.093686 1,437,072 B (9.97s)
[2026-09-23 20:37:11 PDT] [541/4295] A MYM ohlcv-1m 2021-08-01..2021-09-01: $0.110126 1,689,240 B (1.24s)
[2026-09-23 20:37:11 PDT] [542/4295] A MYM ohlcv-1m 2021-05-01..2021-06-01: $0.103361 1,585,472 B (1.52s)
[2026-09-23 20:37:11 PDT] [543/4295] A MYM ohlcv-1m 2021-06-01..2021-07-01: $0.107581 1,650,208 B (1.59s)
[2026-09-23 20:37:12 PDT] [544/4295] A MYM ohlcv-1m 2021-11-01..2021-12-01: $0.108147 1,658,888 B (1.30s)
[2026-09-23 20:37:13 PDT] [545/4295] A MYM ohlcv-1m 2021-09-01..2021-10-01: $0.109155 1,674,344 B (2.16s)
[2026-09-23 20:37:13 PDT] [546/4295] A MYM ohlcv-1m 2021-12-01..2022-01-01: $0.109889 1,685,600 B (0.71s)
[2026-09-23 20:37:14 PDT] [547/4295] A MYM ohlcv-1m 2021-10-01..2021-11-01: $0.105519 1,618,568 B (2.80s)
[2026-09-23 20:37:14 PDT] [548/4295] A MYM ohlcv-1m 2021-07-01..2021-08-01: $0.108191 1,659,560 B (4.51s)
[2026-09-23 20:37:15 PDT] [549/4295] A MYM ohlcv-1m 2022-01-01..2022-02-01: $0.104909 1,609,216 B (2.20s)
[2026-09-23 20:37:16 PDT] [550/4295] A MYM ohlcv-1m 2022-03-01..2022-04-01: $0.115759 1,775,648 B (2.33s)
[2026-09-23 20:37:17 PDT] [551/4295] A MYM ohlcv-1m 2022-04-01..2022-05-01: $0.099750 1,530,088 B (3.28s)
[2026-09-23 20:37:18 PDT] [552/4295] A MYM ohlcv-1m 2022-06-01..2022-07-01: $0.109706 1,682,800 B (2.18s)
[2026-09-23 20:37:19 PDT] [553/4295] A MYM ohlcv-1m 2022-07-01..2022-08-01: $0.104650 1,605,240 B (1.72s)
[2026-09-23 20:37:19 PDT] [554/4295] A MYM ohlcv-1m 2022-08-01..2022-09-01: $0.114573 1,757,448 B (1.15s)
[2026-09-23 20:37:20 PDT] [555/4295] A MYM ohlcv-1m 2022-09-01..2022-10-01: $0.108921 1,670,760 B (1.02s)
[2026-09-23 20:37:20 PDT] [556/4295] A MYM ohlcv-1m 2022-05-01..2022-06-01: $0.110206 1,690,472 B (5.00s)
[2026-09-23 20:37:20 PDT] [557/4295] A MYM ohlcv-1m 2022-02-01..2022-03-01: $0.099739 1,529,920 B (7.40s)
[2026-09-23 20:37:21 PDT] [558/4295] A MYM ohlcv-1m 2022-10-01..2022-11-01: $0.106092 1,627,360 B (1.46s)
[2026-09-23 20:37:22 PDT] [559/4295] A MYM ohlcv-1m 2022-11-01..2022-12-01: $0.108476 1,663,928 B (1.52s)
[2026-09-23 20:37:22 PDT] [560/4295] A MYM ohlcv-1m 2023-01-01..2023-02-01: $0.104675 1,605,632 B (1.49s)
[2026-09-23 20:37:23 PDT] [561/4295] A MYM ohlcv-1m 2023-02-01..2023-03-01: $0.098845 1,516,200 B (1.95s)
[2026-09-23 20:37:23 PDT] [562/4295] A MYM ohlcv-1m 2023-04-01..2023-05-01: $0.096906 1,486,464 B (1.12s)
[2026-09-23 20:37:23 PDT] [563/4295] A MYM ohlcv-1m 2023-03-01..2023-04-01: $0.114901 1,762,488 B (1.51s)
[2026-09-23 20:37:24 PDT] [564/4295] A MYM ohlcv-1m 2023-07-01..2023-08-01: $0.099272 1,522,752 B (0.84s)
[2026-09-23 20:37:24 PDT] [565/4295] A MYM ohlcv-1m 2023-05-01..2023-06-01: $0.112922 1,732,136 B (1.56s)
[2026-09-23 20:37:25 PDT] [566/4295] A MYM ohlcv-1m 2023-08-01..2023-09-01: $0.112638 1,727,768 B (1.17s)
[2026-09-23 20:37:26 PDT] [567/4295] A MYM ohlcv-1m 2023-09-01..2023-10-01: $0.098312 1,508,024 B (1.83s)
[2026-09-23 20:37:27 PDT] [568/4295] A MYM ohlcv-1m 2023-11-01..2023-12-01: $0.102547 1,572,984 B (1.23s)
[2026-09-23 20:37:30 PDT] [569/4295] A MYM ohlcv-1m 2023-10-01..2023-11-01: $0.108815 1,669,136 B (4.60s)
[2026-09-23 20:37:32 PDT] [570/4295] A MYM ohlcv-1m 2022-12-01..2023-01-01: $0.104810 1,607,704 B (11.79s)
[2026-09-23 20:37:32 PDT] [571/4295] A MYM ohlcv-1m 2023-06-01..2023-07-01: $0.104741 1,606,640 B (9.23s)
[2026-09-23 20:37:33 PDT] [572/4295] A MYM ohlcv-1m 2024-03-01..2024-04-01: $0.094986 1,457,008 B (0.91s)
[2026-09-23 20:37:33 PDT] [573/4295] A MYM ohlcv-1m 2024-01-01..2024-02-01: $0.105771 1,622,432 B (3.60s)
[2026-09-23 20:37:34 PDT] [574/4295] A MYM ohlcv-1m 2024-04-01..2024-05-01: $0.107848 1,654,296 B (0.86s)
[2026-09-23 20:37:34 PDT] [575/4295] A MYM ohlcv-1m 2024-02-01..2024-03-01: $0.099900 1,532,384 B (2.34s)
[2026-09-23 20:37:35 PDT] [576/4295] A MYM ohlcv-1m 2024-05-01..2024-06-01: $0.108808 1,669,024 B (1.19s)
[2026-09-23 20:37:35 PDT] [577/4295] A MYM ohlcv-1m 2023-12-01..2024-01-01: $0.092007 1,411,312 B (7.53s)
[2026-09-23 20:37:35 PDT] [578/4295] A MYM ohlcv-1m 2024-06-01..2024-07-01: $0.093978 1,441,552 B (0.83s)
[2026-09-23 20:37:36 PDT] [579/4295] A MYM ohlcv-1m 2024-10-01..2024-11-01: $0.111875 1,716,064 B (0.99s)
[2026-09-23 20:37:36 PDT] [580/4295] A MYM ohlcv-1m 2024-09-01..2024-10-01: $0.100185 1,536,752 B (1.07s)
[2026-09-23 20:37:37 PDT] [581/4295] A MYM ohlcv-1m 2024-11-01..2024-12-01: $0.101729 1,560,440 B (0.91s)
[2026-09-23 20:37:38 PDT] [582/4295] A MYM ohlcv-1m 2024-12-01..2025-01-01: $0.100345 1,539,216 B (1.53s)
[2026-09-23 20:37:38 PDT] [583/4295] A MYM ohlcv-1m 2025-01-01..2025-02-01: $0.105548 1,619,016 B (1.22s)
[2026-09-23 20:37:40 PDT] [584/4295] A MYM ohlcv-1m 2025-03-01..2025-04-01: $0.103525 1,587,992 B (1.86s)
[2026-09-23 20:37:40 PDT] [585/4295] A MYM ohlcv-1m 2024-07-01..2024-08-01: $0.109385 1,677,872 B (5.87s)
[2026-09-23 20:37:40 PDT] [586/4295] A MYM ohlcv-1m 2025-02-01..2025-03-01: $0.096998 1,487,864 B (2.85s)
[2026-09-23 20:37:41 PDT] [587/4295] A MYM ohlcv-1m 2025-04-01..2025-05-01: $0.105292 1,615,096 B (1.42s)
[2026-09-23 20:37:41 PDT] [588/4295] A MYM ohlcv-1m 2025-06-01..2025-07-01: $0.102357 1,570,072 B (1.09s)
[2026-09-23 20:37:43 PDT] [589/4295] A MYM ohlcv-1m 2025-05-01..2025-06-01: $0.108326 1,661,632 B (2.68s)
[2026-09-23 20:37:43 PDT] [590/4295] A MYM ohlcv-1m 2025-07-01..2025-08-01: $0.111221 1,706,040 B (1.60s)
[2026-09-23 20:37:44 PDT] [591/4295] A MYM ohlcv-1m 2025-08-01..2025-09-01: $0.103383 1,585,808 B (2.45s)
[2026-09-23 20:37:45 PDT] [592/4295] A MYM ohlcv-1m 2025-09-01..2025-10-01: $0.104599 1,604,456 B (2.18s)
[2026-09-23 20:37:46 PDT] [593/4295] A MYM ohlcv-1m 2025-11-01..2025-12-01: $0.095716 1,468,208 B (2.55s)
[2026-09-23 20:37:47 PDT] [594/4295] A MYM ohlcv-1m 2025-10-01..2025-11-01: $0.113700 1,744,064 B (3.60s)
[2026-09-23 20:37:47 PDT] [595/4295] A MYM ohlcv-1m 2024-08-01..2024-09-01: $0.106336 1,631,112 B (12.18s)
[2026-09-23 20:37:47 PDT] [596/4295] A MYM ohlcv-1m 2025-12-01..2026-01-01: $0.104734 1,606,528 B (2.32s)
[2026-09-23 20:37:48 PDT] [597/4295] A MYM ohlcv-1m 2026-02-01..2026-03-01: $0.099057 1,519,448 B (1.00s)
[2026-09-23 20:37:49 PDT] [598/4295] A MYM ohlcv-1m 2026-04-01..2026-05-01: $0.108377 1,662,416 B (1.20s)
[2026-09-23 20:37:49 PDT] [599/4295] A MYM ohlcv-1m 2026-03-01..2026-04-01: $0.110389 1,693,272 B (2.56s)
[2026-09-23 20:37:50 PDT] [600/4295] A MYM ohlcv-1m 2026-06-01..2026-06-21: $0.073052 1,120,560 B (1.24s)
[2026-09-23 20:37:51 PDT] [601/4295] A NKD ohlcv-1m 2019-05-01..2019-06-01: $0.084983 1,303,568 B (1.56s)
[2026-09-23 20:37:51 PDT] [602/4295] A MYM ohlcv-1m 2026-01-01..2026-02-01: $0.102996 1,579,872 B (5.02s)
[2026-09-23 20:37:52 PDT] [603/4295] A MYM ohlcv-1m 2026-05-01..2026-06-01: $0.104146 1,597,512 B (4.03s)
[2026-09-23 20:37:53 PDT] [604/4295] A NKD ohlcv-1m 2019-07-01..2019-08-01: $0.065382 1,002,904 B (1.71s)
[2026-09-23 20:37:53 PDT] [605/4295] A NKD ohlcv-1m 2019-09-01..2019-10-01: $0.061735 946,960 B (1.11s)
[2026-09-23 20:37:54 PDT] [606/4295] A NKD ohlcv-1m 2019-11-01..2019-12-01: $0.065046 997,752 B (0.97s)
[2026-09-23 20:37:54 PDT] [607/4295] A NKD ohlcv-1m 2019-08-01..2019-09-01: $0.081113 1,244,208 B (2.38s)
[2026-09-23 20:37:55 PDT] [608/4295] A NKD ohlcv-1m 2019-12-01..2020-01-01: $0.058781 901,656 B (1.17s)
[2026-09-23 20:37:55 PDT] [609/4295] A NKD ohlcv-1m 2019-06-01..2019-07-01: $0.066448 1,019,256 B (5.51s)
[2026-09-23 20:37:56 PDT] [610/4295] A NKD ohlcv-1m 2019-10-01..2019-11-01: $0.072775 1,116,304 B (3.34s)
[2026-09-23 20:37:56 PDT] [611/4295] A NKD ohlcv-1m 2020-02-01..2020-03-01: $0.079613 1,221,192 B (1.16s)
[2026-09-23 20:37:57 PDT] [612/4295] A NKD ohlcv-1m 2020-04-01..2020-05-01: $0.076583 1,174,712 B (0.84s)
[2026-09-23 20:37:57 PDT] [613/4295] A NKD ohlcv-1m 2020-03-01..2020-04-01: $0.093876 1,439,984 B (2.07s)
[2026-09-23 20:37:58 PDT] [614/4295] A NKD ohlcv-1m 2020-06-01..2020-07-01: $0.079364 1,217,384 B (0.98s)
[2026-09-23 20:37:58 PDT] [615/4295] A NKD ohlcv-1m 2020-05-01..2020-06-01: $0.069157 1,060,808 B (2.42s)
[2026-09-23 20:37:59 PDT] [616/4295] A NKD ohlcv-1m 2020-08-01..2020-09-01: $0.063016 966,616 B (1.09s)
[2026-09-23 20:37:59 PDT] [617/4295] A NKD ohlcv-1m 2020-01-01..2020-02-01: $0.075224 1,153,880 B (5.49s)
[2026-09-23 20:38:00 PDT] [618/4295] A NKD ohlcv-1m 2020-10-01..2020-11-01: $0.061016 935,928 B (1.23s)
[2026-09-23 20:38:00 PDT] [619/4295] A NKD ohlcv-1m 2020-09-01..2020-10-01: $0.069909 1,072,344 B (1.82s)
[2026-09-23 20:38:02 PDT] [620/4295] A NKD ohlcv-1m 2020-12-01..2021-01-01: $0.058562 898,296 B (1.55s)
[2026-09-23 20:38:02 PDT] [621/4295] A NKD ohlcv-1m 2021-01-01..2021-02-01: $0.064458 988,736 B (1.62s)
[2026-09-23 20:38:03 PDT] [622/4295] A NKD ohlcv-1m 2021-02-01..2021-03-01: $0.063462 973,448 B (0.92s)
[2026-09-23 20:38:03 PDT] [623/4295] A NKD ohlcv-1m 2020-11-01..2020-12-01: $0.072063 1,105,384 B (3.39s)
[2026-09-23 20:38:03 PDT] [624/4295] A NKD ohlcv-1m 2021-03-01..2021-04-01: $0.077499 1,188,768 B (0.99s)
[2026-09-23 20:38:04 PDT] [625/4295] A NKD ohlcv-1m 2021-06-01..2021-07-01: $0.053097 814,464 B (0.84s)
[2026-09-23 20:38:04 PDT] [626/4295] A NKD ohlcv-1m 2021-04-01..2021-05-01: $0.062030 951,496 B (1.18s)
[2026-09-23 20:38:04 PDT] [627/4295] A NKD ohlcv-1m 2021-05-01..2021-06-01: $0.060665 930,552 B (1.19s)
[2026-09-23 20:38:05 PDT] [628/4295] A NKD ohlcv-1m 2021-08-01..2021-09-01: $0.057117 876,120 B (1.30s)
[2026-09-23 20:38:05 PDT] [629/4295] A NKD ohlcv-1m 2021-09-01..2021-10-01: $0.072943 1,118,880 B (1.50s)
[2026-09-23 20:38:06 PDT] [630/4295] A NKD ohlcv-1m 2020-07-01..2020-08-01: $0.076637 1,175,552 B (8.39s)
[2026-09-23 20:38:07 PDT] [631/4295] A NKD ohlcv-1m 2021-07-01..2021-08-01: $0.060519 928,312 B (3.39s)
[2026-09-23 20:38:07 PDT] [632/4295] A NKD ohlcv-1m 2021-12-01..2022-01-01: $0.062494 958,608 B (1.32s)
[2026-09-23 20:38:08 PDT] [633/4295] A NKD ohlcv-1m 2022-02-01..2022-03-01: $0.069332 1,063,496 B (1.19s)
[2026-09-23 20:38:08 PDT] [634/4295] A NKD ohlcv-1m 2022-01-01..2022-02-01: $0.075009 1,150,576 B (1.43s)
[2026-09-23 20:38:08 PDT] [635/4295] A NKD ohlcv-1m 2021-11-01..2021-12-01: $0.061151 938,000 B (3.05s)
[2026-09-23 20:38:09 PDT] [636/4295] A NKD ohlcv-1m 2022-03-01..2022-04-01: $0.070953 1,088,360 B (0.83s)
[2026-09-23 20:38:10 PDT] [637/4295] A NKD ohlcv-1m 2021-10-01..2021-11-01: $0.070303 1,078,392 B (4.98s)
[2026-09-23 20:38:10 PDT] [638/4295] A NKD ohlcv-1m 2022-04-01..2022-05-01: $0.062447 957,880 B (1.64s)
[2026-09-23 20:38:10 PDT] [639/4295] A NKD ohlcv-1m 2022-06-01..2022-07-01: $0.065440 1,003,800 B (1.29s)
[2026-09-23 20:38:10 PDT] [640/4295] A NKD ohlcv-1m 2022-05-01..2022-06-01: $0.072815 1,116,920 B (1.97s)
[2026-09-23 20:38:11 PDT] [641/4295] A NKD ohlcv-1m 2022-10-01..2022-11-01: $0.069756 1,069,992 B (0.91s)
[2026-09-23 20:38:11 PDT] [642/4295] A NKD ohlcv-1m 2022-08-01..2022-09-01: $0.063757 977,984 B (1.29s)
[2026-09-23 20:38:13 PDT] [643/4295] A NKD ohlcv-1m 2022-11-01..2022-12-01: $0.069934 1,072,736 B (2.06s)
[2026-09-23 20:38:14 PDT] [644/4295] A NKD ohlcv-1m 2022-12-01..2023-01-01: $0.061950 950,264 B (2.54s)
[2026-09-23 20:38:14 PDT] [645/4295] A NKD ohlcv-1m 2022-07-01..2022-08-01: $0.057854 887,432 B (3.99s)
[2026-09-23 20:38:14 PDT] [646/4295] A NKD ohlcv-1m 2023-01-01..2023-02-01: $0.063173 969,024 B (0.99s)
[2026-09-23 20:38:15 PDT] [647/4295] A NKD ohlcv-1m 2023-03-01..2023-04-01: $0.064013 981,904 B (1.12s)
[2026-09-23 20:38:16 PDT] [648/4295] A NKD ohlcv-1m 2023-04-01..2023-05-01: $0.050724 778,064 B (1.16s)
[2026-09-23 20:38:16 PDT] [649/4295] A NKD ohlcv-1m 2022-09-01..2022-10-01: $0.065783 1,009,064 B (5.47s)
[2026-09-23 20:38:16 PDT] [650/4295] A NKD ohlcv-1m 2023-05-01..2023-06-01: $0.074425 1,141,616 B (1.10s)
[2026-09-23 20:38:17 PDT] [651/4295] A NKD ohlcv-1m 2023-07-01..2023-08-01: $0.078806 1,208,816 B (1.16s)
[2026-09-23 20:38:17 PDT] [652/4295] A NKD ohlcv-1m 2023-06-01..2023-07-01: $0.083643 1,283,016 B (1.61s)
[2026-09-23 20:38:18 PDT] [653/4295] A NKD ohlcv-1m 2023-09-01..2023-10-01: $0.068284 1,047,424 B (1.31s)
[2026-09-23 20:38:19 PDT] [654/4295] A NKD ohlcv-1m 2023-10-01..2023-11-01: $0.085881 1,317,344 B (1.67s)
[2026-09-23 20:38:19 PDT] [655/4295] A NKD ohlcv-1m 2023-02-01..2023-03-01: $0.051739 793,632 B (5.16s)
[2026-09-23 20:38:19 PDT] [656/4295] A NKD ohlcv-1m 2023-08-01..2023-09-01: $0.081993 1,257,704 B (3.25s)
[2026-09-23 20:38:21 PDT] [657/4295] A NKD ohlcv-1m 2024-02-01..2024-03-01: $0.081179 1,245,216 B (1.17s)
[2026-09-23 20:38:21 PDT] [658/4295] A NKD ohlcv-1m 2024-01-01..2024-02-01: $0.084936 1,302,840 B (2.05s)
[2026-09-23 20:38:22 PDT] [659/4295] A NKD ohlcv-1m 2024-03-01..2024-04-01: $0.077167 1,183,672 B (1.27s)
[2026-09-23 20:38:22 PDT] [660/4295] A NKD ohlcv-1m 2024-04-01..2024-05-01: $0.089192 1,368,136 B (1.02s)
[2026-09-23 20:38:22 PDT] [661/4295] A NKD ohlcv-1m 2023-11-01..2023-12-01: $0.075170 1,153,040 B (4.04s)
[2026-09-23 20:38:23 PDT] [662/4295] A NKD ohlcv-1m 2024-05-01..2024-06-01: $0.079489 1,219,288 B (0.82s)
[2026-09-23 20:38:23 PDT] [663/4295] A NKD ohlcv-1m 2024-06-01..2024-07-01: $0.074264 1,139,152 B (1.00s)
[2026-09-23 20:38:24 PDT] [664/4295] A NKD ohlcv-1m 2024-07-01..2024-08-01: $0.091711 1,406,776 B (1.52s)
[2026-09-23 20:38:24 PDT] [665/4295] A NKD ohlcv-1m 2023-12-01..2024-01-01: $0.065130 999,040 B (5.46s)
[2026-09-23 20:38:24 PDT] [666/4295] A NKD ohlcv-1m 2024-09-01..2024-10-01: $0.082650 1,267,784 B (1.17s)
[2026-09-23 20:38:24 PDT] [667/4295] A NKD ohlcv-1m 2024-08-01..2024-09-01: $0.093989 1,441,720 B (1.75s)
[2026-09-23 20:38:26 PDT] [668/4295] A NKD ohlcv-1m 2024-11-01..2024-12-01: $0.072552 1,112,888 B (1.86s)
[2026-09-23 20:38:27 PDT] [669/4295] A NKD ohlcv-1m 2024-12-01..2025-01-01: $0.066411 1,018,696 B (2.46s)
[2026-09-23 20:38:27 PDT] [670/4295] A NKD ohlcv-1m 2025-01-01..2025-02-01: $0.082909 1,271,760 B (2.47s)
[2026-09-23 20:38:27 PDT] [671/4295] A NKD ohlcv-1m 2025-02-01..2025-03-01: $0.072760 1,116,080 B (1.33s)
[2026-09-23 20:38:28 PDT] [672/4295] A NKD ohlcv-1m 2025-04-01..2025-05-01: $0.074377 1,140,888 B (1.12s)
[2026-09-23 20:38:28 PDT] [673/4295] A NKD ohlcv-1m 2025-03-01..2025-04-01: $0.070285 1,078,112 B (1.33s)
[2026-09-23 20:38:29 PDT] [674/4295] A NKD ohlcv-1m 2025-05-01..2025-06-01: $0.058748 901,152 B (1.51s)
[2026-09-23 20:38:29 PDT] [675/4295] A NKD ohlcv-1m 2025-06-01..2025-07-01: $0.054331 833,392 B (1.22s)
[2026-09-23 20:38:31 PDT] [676/4295] A NKD ohlcv-1m 2025-08-01..2025-09-01: $0.055861 856,856 B (2.46s)
[2026-09-23 20:38:33 PDT] [677/4295] A NKD ohlcv-1m 2025-10-01..2025-11-01: $0.080350 1,232,504 B (1.04s)
[2026-09-23 20:38:36 PDT] [678/4295] A NKD ohlcv-1m 2025-09-01..2025-10-01: $0.059873 918,400 B (6.48s)
[2026-09-23 20:38:36 PDT] [679/4295] A NKD ohlcv-1m 2025-11-01..2025-12-01: $0.063465 973,504 B (3.46s)
[2026-09-23 20:38:37 PDT] [680/4295] A NKD ohlcv-1m 2024-10-01..2024-11-01: $0.077678 1,191,512 B (13.31s)
[2026-09-23 20:38:37 PDT] [681/4295] A NKD ohlcv-1m 2026-01-01..2026-02-01: $0.060026 920,752 B (1.31s)
[2026-09-23 20:38:38 PDT] [682/4295] A NKD ohlcv-1m 2025-07-01..2025-08-01: $0.055985 858,760 B (9.39s)
[2026-09-23 20:38:38 PDT] [683/4295] A NKD ohlcv-1m 2026-04-01..2026-05-01: $0.069777 1,070,328 B (0.72s)
[2026-09-23 20:38:38 PDT] [684/4295] A NKD ohlcv-1m 2026-02-01..2026-03-01: $0.065185 999,880 B (1.09s)
[2026-09-23 20:38:39 PDT] [685/4295] A NKD ohlcv-1m 2026-03-01..2026-04-01: $0.075944 1,164,912 B (1.85s)
[2026-09-23 20:38:41 PDT] [686/4295] A ZT ohlcv-1m 2019-05-01..2019-06-01: $0.082497 1,265,432 B (1.50s)
[2026-09-23 20:38:42 PDT] [687/4295] A NKD ohlcv-1m 2026-05-01..2026-06-01: $0.063126 968,296 B (3.43s)
[2026-09-23 20:38:42 PDT] [688/4295] A ZT ohlcv-1m 2019-06-01..2019-07-01: $0.078025 1,196,832 B (1.87s)
[2026-09-23 20:38:43 PDT] [689/4295] A ZT ohlcv-1m 2019-07-01..2019-08-01: $0.081555 1,250,984 B (1.40s)
[2026-09-23 20:38:43 PDT] [690/4295] A NKD ohlcv-1m 2025-12-01..2026-01-01: $0.056266 863,072 B (7.54s)
[2026-09-23 20:38:44 PDT] [691/4295] A ZT ohlcv-1m 2019-08-01..2019-09-01: $0.090258 1,384,488 B (1.93s)
[2026-09-23 20:38:45 PDT] [692/4295] A ZT ohlcv-1m 2019-10-01..2019-11-01: $0.086571 1,327,928 B (1.26s)
[2026-09-23 20:38:45 PDT] [693/4295] A ZT ohlcv-1m 2019-12-01..2020-01-01: $0.073516 1,127,672 B (0.78s)
[2026-09-23 20:38:46 PDT] [694/4295] A NKD ohlcv-1m 2026-06-01..2026-06-21: $0.045200 693,336 B (7.24s)
[2026-09-23 20:38:46 PDT] [695/4295] A ZT ohlcv-1m 2019-11-01..2019-12-01: $0.071997 1,104,376 B (1.84s)
[2026-09-23 20:38:47 PDT] [696/4295] A ZT ohlcv-1m 2020-01-01..2020-02-01: $0.076838 1,178,632 B (1.30s)
[2026-09-23 20:38:48 PDT] [697/4295] A ZT ohlcv-1m 2020-04-01..2020-05-01: $0.076385 1,171,688 B (0.96s)
[2026-09-23 20:38:48 PDT] [698/4295] A ZT ohlcv-1m 2019-09-01..2019-10-01: $0.083577 1,282,008 B (4.54s)
[2026-09-23 20:38:48 PDT] [699/4295] A ZT ohlcv-1m 2020-02-01..2020-03-01: $0.075053 1,151,248 B (2.78s)
[2026-09-23 20:38:49 PDT] [700/4295] A ZT ohlcv-1m 2020-03-01..2020-04-01: $0.103544 1,588,272 B (2.76s)
[2026-09-23 20:38:50 PDT] [701/4295] A ZT ohlcv-1m 2020-08-01..2020-09-01: $0.071566 1,097,768 B (1.18s)
[2026-09-23 20:38:51 PDT] [702/4295] A ZT ohlcv-1m 2020-09-01..2020-10-01: $0.069712 1,069,320 B (0.98s)
[2026-09-23 20:38:51 PDT] [703/4295] A ZT ohlcv-1m 2020-07-01..2020-08-01: $0.072348 1,109,752 B (2.97s)
[2026-09-23 20:38:52 PDT] [704/4295] A ZT ohlcv-1m 2020-06-01..2020-07-01: $0.074545 1,143,464 B (4.13s)
[2026-09-23 20:38:52 PDT] [705/4295] A ZT ohlcv-1m 2020-05-01..2020-06-01: $0.065013 997,248 B (4.34s)
[2026-09-23 20:38:52 PDT] [706/4295] A ZT ohlcv-1m 2020-10-01..2020-11-01: $0.070278 1,078,000 B (0.89s)
[2026-09-23 20:38:52 PDT] [707/4295] A ZT ohlcv-1m 2020-11-01..2020-12-01: $0.068379 1,048,880 B (1.10s)
[2026-09-23 20:38:53 PDT] [708/4295] A ZT ohlcv-1m 2020-12-01..2021-01-01: $0.071621 1,098,608 B (1.00s)
[2026-09-23 20:38:53 PDT] [709/4295] A ZT ohlcv-1m 2021-03-01..2021-04-01: $0.082562 1,266,440 B (0.89s)
[2026-09-23 20:38:54 PDT] [710/4295] A ZT ohlcv-1m 2021-04-01..2021-05-01: $0.074549 1,143,520 B (1.06s)
[2026-09-23 20:38:54 PDT] [711/4295] A ZT ohlcv-1m 2021-05-01..2021-06-01: $0.066043 1,013,040 B (0.90s)
[2026-09-23 20:38:55 PDT] [712/4295] A ZT ohlcv-1m 2021-07-01..2021-08-01: $0.073125 1,121,680 B (1.03s)
[2026-09-23 20:38:56 PDT] [713/4295] A ZT ohlcv-1m 2021-06-01..2021-07-01: $0.075498 1,158,080 B (1.93s)
[2026-09-23 20:38:56 PDT] [714/4295] A ZT ohlcv-1m 2021-01-01..2021-02-01: $0.067554 1,036,224 B (4.03s)
[2026-09-23 20:38:56 PDT] [715/4295] A ZT ohlcv-1m 2021-08-01..2021-09-01: $0.065459 1,004,080 B (0.88s)
[2026-09-23 20:38:57 PDT] [716/4295] A ZT ohlcv-1m 2021-10-01..2021-11-01: $0.074450 1,142,008 B (1.31s)
[2026-09-23 20:38:58 PDT] [717/4295] A ZT ohlcv-1m 2021-11-01..2021-12-01: $0.075772 1,162,280 B (1.73s)
[2026-09-23 20:38:58 PDT] [718/4295] A ZT ohlcv-1m 2021-09-01..2021-10-01: $0.067616 1,037,176 B (2.30s)
[2026-09-23 20:38:58 PDT] [719/4295] A ZT ohlcv-1m 2021-12-01..2022-01-01: $0.077784 1,193,136 B (0.85s)
[2026-09-23 20:38:58 PDT] [720/4295] A ZT ohlcv-1m 2021-02-01..2021-03-01: $0.063776 978,264 B (6.22s)
[2026-09-23 20:38:59 PDT] [721/4295] A ZT ohlcv-1m 2022-02-01..2022-03-01: $0.084085 1,289,792 B (1.27s)
[2026-09-23 20:39:01 PDT] [722/4295] A ZT ohlcv-1m 2022-01-01..2022-02-01: $0.081774 1,254,344 B (2.92s)
[2026-09-23 20:39:01 PDT] [723/4295] A ZT ohlcv-1m 2022-05-01..2022-06-01: $0.098743 1,514,632 B (1.58s)
[2026-09-23 20:39:01 PDT] [724/4295] A ZT ohlcv-1m 2022-04-01..2022-05-01: $0.092285 1,415,568 B (2.87s)
[2026-09-23 20:39:02 PDT] [725/4295] A ZT ohlcv-1m 2022-07-01..2022-08-01: $0.094964 1,456,672 B (1.38s)
[2026-09-23 20:39:03 PDT] [726/4295] A ZT ohlcv-1m 2022-08-01..2022-09-01: $0.102879 1,578,080 B (1.78s)
[2026-09-23 20:39:03 PDT] [727/4295] A ZT ohlcv-1m 2022-06-01..2022-07-01: $0.098896 1,516,984 B (2.62s)
[2026-09-23 20:39:04 PDT] [728/4295] A ZT ohlcv-1m 2022-10-01..2022-11-01: $0.097534 1,496,096 B (1.00s)
[2026-09-23 20:39:05 PDT] [729/4295] A ZT ohlcv-1m 2022-11-01..2022-12-01: $0.096362 1,478,120 B (1.71s)
[2026-09-23 20:39:06 PDT] [730/4295] A ZT ohlcv-1m 2023-01-01..2023-02-01: $0.091825 1,408,512 B (1.21s)
[2026-09-23 20:39:07 PDT] [731/4295] A ZT ohlcv-1m 2022-09-01..2022-10-01: $0.099550 1,527,008 B (4.51s)
[2026-09-23 20:39:08 PDT] [732/4295] A ZT ohlcv-1m 2022-12-01..2023-01-01: $0.091489 1,403,360 B (3.84s)
[2026-09-23 20:39:09 PDT] [733/4295] A ZT ohlcv-1m 2023-04-01..2023-05-01: $0.087571 1,343,272 B (0.86s)
[2026-09-23 20:39:09 PDT] [734/4295] A ZT ohlcv-1m 2022-03-01..2022-04-01: $0.104562 1,603,896 B (11.32s)
[2026-09-23 20:39:10 PDT] [735/4295] A ZT ohlcv-1m 2023-02-01..2023-03-01: $0.084910 1,302,448 B (3.49s)
[2026-09-23 20:39:10 PDT] [736/4295] A ZT ohlcv-1m 2023-03-01..2023-04-01: $0.108943 1,671,096 B (3.43s)
[2026-09-23 20:39:10 PDT] [737/4295] A ZT ohlcv-1m 2023-05-01..2023-06-01: $0.100393 1,539,944 B (1.55s)
[2026-09-23 20:39:12 PDT] [738/4295] A ZT ohlcv-1m 2023-07-01..2023-08-01: $0.088867 1,363,152 B (1.79s)
[2026-09-23 20:39:12 PDT] [739/4295] A ZT ohlcv-1m 2023-09-01..2023-10-01: $0.086491 1,326,696 B (1.83s)
[2026-09-23 20:39:12 PDT] [740/4295] A ZT ohlcv-1m 2023-06-01..2023-07-01: $0.093037 1,427,104 B (2.67s)
[2026-09-23 20:39:13 PDT] [741/4295] A ZT ohlcv-1m 2023-10-01..2023-11-01: $0.097677 1,498,280 B (1.69s)
[2026-09-23 20:39:14 PDT] [742/4295] A ZT ohlcv-1m 2024-01-01..2024-02-01: $0.093679 1,436,960 B (1.04s)
[2026-09-23 20:39:15 PDT] [743/4295] A ZT ohlcv-1m 2023-12-01..2024-01-01: $0.086421 1,325,632 B (3.17s)
[2026-09-23 20:39:16 PDT] [744/4295] A ZT ohlcv-1m 2024-02-01..2024-03-01: $0.088331 1,354,920 B (1.39s)
[2026-09-23 20:39:16 PDT] [745/4295] A ZT ohlcv-1m 2023-08-01..2023-09-01: $0.096629 1,482,208 B (6.12s)
[2026-09-23 20:39:17 PDT] [746/4295] A ZT ohlcv-1m 2024-03-01..2024-04-01: $0.084914 1,302,504 B (1.63s)
[2026-09-23 20:39:17 PDT] [747/4295] A ZT ohlcv-1m 2023-11-01..2023-12-01: $0.093606 1,435,840 B (5.46s)
[2026-09-23 20:39:18 PDT] [748/4295] A ZT ohlcv-1m 2024-05-01..2024-06-01: $0.087418 1,340,920 B (1.26s)
[2026-09-23 20:39:18 PDT] [749/4295] A ZT ohlcv-1m 2024-06-01..2024-07-01: $0.082292 1,262,296 B (1.31s)
[2026-09-23 20:39:19 PDT] [750/4295] A ZT ohlcv-1m 2024-07-01..2024-08-01: $0.096698 1,483,272 B (1.25s)
[2026-09-23 20:39:19 PDT] [751/4295] A ZT ohlcv-1m 2024-09-01..2024-10-01: $0.091854 1,408,960 B (0.94s)
[2026-09-23 20:39:19 PDT] [752/4295] A ZT ohlcv-1m 2024-10-01..2024-11-01: $0.098071 1,504,328 B (0.76s)
[2026-09-23 20:39:20 PDT] [753/4295] A ZT ohlcv-1m 2024-11-01..2024-12-01: $0.089335 1,370,320 B (1.12s)
[2026-09-23 20:39:21 PDT] [754/4295] A ZT ohlcv-1m 2024-08-01..2024-09-01: $0.095672 1,467,536 B (3.62s)
[2026-09-23 20:39:22 PDT] [755/4295] A ZT ohlcv-1m 2024-12-01..2025-01-01: $0.082369 1,263,472 B (2.38s)
[2026-09-23 20:39:23 PDT] [756/4295] A ZT ohlcv-1m 2025-01-01..2025-02-01: $0.088020 1,350,160 B (2.86s)
[2026-09-23 20:39:24 PDT] [757/4295] A ZT ohlcv-1m 2025-04-01..2025-05-01: $0.096114 1,474,312 B (1.07s)
[2026-09-23 20:39:24 PDT] [758/4295] A ZT ohlcv-1m 2025-03-01..2025-04-01: $0.090313 1,385,328 B (2.58s)
[2026-09-23 20:39:25 PDT] [759/4295] A ZT ohlcv-1m 2025-02-01..2025-03-01: $0.080339 1,232,336 B (3.70s)
[2026-09-23 20:39:25 PDT] [760/4295] A ZT ohlcv-1m 2025-05-01..2025-06-01: $0.089853 1,378,272 B (0.83s)
[2026-09-23 20:39:27 PDT] [761/4295] A ZT ohlcv-1m 2025-06-01..2025-07-01: $0.084574 1,297,296 B (2.61s)
[2026-09-23 20:39:27 PDT] [762/4295] A ZT ohlcv-1m 2025-08-01..2025-09-01: $0.082818 1,270,360 B (2.38s)
[2026-09-23 20:39:28 PDT] [763/4295] A ZT ohlcv-1m 2024-04-01..2024-05-01: $0.093628 1,436,176 B (11.80s)
[2026-09-23 20:39:28 PDT] [764/4295] A ZT ohlcv-1m 2025-09-01..2025-10-01: $0.081825 1,255,128 B (0.87s)
[2026-09-23 20:39:29 PDT] [765/4295] A ZT ohlcv-1m 2025-10-01..2025-11-01: $0.085921 1,317,960 B (1.59s)
[2026-09-23 20:39:29 PDT] [766/4295] A ZT ohlcv-1m 2025-11-01..2025-12-01: $0.072289 1,108,856 B (1.61s)
[2026-09-23 20:39:29 PDT] [767/4295] A ZT ohlcv-1m 2025-12-01..2026-01-01: $0.082113 1,259,552 B (1.41s)
[2026-09-23 20:39:30 PDT] [768/4295] A ZT ohlcv-1m 2026-01-01..2026-02-01: $0.083833 1,285,928 B (1.43s)
[2026-09-23 20:39:31 PDT] [769/4295] A ZT ohlcv-1m 2026-03-01..2026-04-01: $0.101506 1,557,024 B (1.30s)
[2026-09-23 20:39:31 PDT] [770/4295] A ZT ohlcv-1m 2025-07-01..2025-08-01: $0.091974 1,410,808 B (6.23s)
[2026-09-23 20:39:31 PDT] [771/4295] A ZT ohlcv-1m 2026-04-01..2026-05-01: $0.091445 1,402,688 B (0.80s)
[2026-09-23 20:39:32 PDT] [772/4295] A ZT ohlcv-1m 2026-02-01..2026-03-01: $0.078985 1,211,560 B (2.70s)
[2026-09-23 20:39:32 PDT] [773/4295] A ZT ohlcv-1m 2026-05-01..2026-06-01: $0.086819 1,331,736 B (1.36s)
[2026-09-23 20:39:32 PDT] [774/4295] A ZF ohlcv-1m 2019-05-01..2019-06-01: $0.102521 1,572,592 B (0.93s)
[2026-09-23 20:39:33 PDT] [775/4295] A ZT ohlcv-1m 2026-06-01..2026-06-21: $0.061242 939,400 B (2.36s)
[2026-09-23 20:39:36 PDT] [776/4295] A ZF ohlcv-1m 2019-08-01..2019-09-01: $0.102134 1,566,656 B (3.77s)
[2026-09-23 20:39:38 PDT] [777/4295] A ZF ohlcv-1m 2019-06-01..2019-07-01: $0.093701 1,437,296 B (5.74s)
[2026-09-23 20:39:38 PDT] [778/4295] A ZF ohlcv-1m 2019-09-01..2019-10-01: $0.097118 1,489,712 B (4.56s)
[2026-09-23 20:39:38 PDT] [779/4295] A ZF ohlcv-1m 2019-10-01..2019-11-01: $0.105778 1,622,544 B (2.19s)
[2026-09-23 20:39:39 PDT] [780/4295] A ZF ohlcv-1m 2019-11-01..2019-12-01: $0.091310 1,400,616 B (1.11s)
[2026-09-23 20:39:40 PDT] [781/4295] A ZF ohlcv-1m 2019-12-01..2020-01-01: $0.093124 1,428,448 B (2.20s)
[2026-09-23 20:39:40 PDT] [782/4295] A ZF ohlcv-1m 2020-01-01..2020-02-01: $0.099137 1,520,680 B (2.35s)
[2026-09-23 20:39:41 PDT] [783/4295] A ZF ohlcv-1m 2019-07-01..2019-08-01: $0.100035 1,534,456 B (8.72s)
[2026-09-23 20:39:41 PDT] [784/4295] A ZF ohlcv-1m 2020-03-01..2020-04-01: $0.109553 1,680,448 B (1.23s)
[2026-09-23 20:39:42 PDT] [785/4295] A ZF ohlcv-1m 2020-04-01..2020-05-01: $0.094438 1,448,608 B (1.34s)
[2026-09-23 20:39:42 PDT] [786/4295] A ZF ohlcv-1m 2020-05-01..2020-06-01: $0.088294 1,354,360 B (1.30s)
[2026-09-23 20:39:43 PDT] [787/4295] A ZF ohlcv-1m 2020-06-01..2020-07-01: $0.097184 1,490,720 B (1.15s)
[2026-09-23 20:39:43 PDT] [788/4295] A ZF ohlcv-1m 2020-08-01..2020-09-01: $0.089944 1,379,672 B (1.17s)
[2026-09-23 20:39:44 PDT] [789/4295] A ZF ohlcv-1m 2020-09-01..2020-10-01: $0.093161 1,429,008 B (1.45s)
[2026-09-23 20:39:44 PDT] [790/4295] A ZF ohlcv-1m 2020-07-01..2020-08-01: $0.097607 1,497,216 B (2.64s)
[2026-09-23 20:39:45 PDT] [791/4295] A ZF ohlcv-1m 2020-11-01..2020-12-01: $0.089287 1,369,592 B (1.33s)
[2026-09-23 20:39:46 PDT] [792/4295] A ZF ohlcv-1m 2020-10-01..2020-11-01: $0.096651 1,482,544 B (2.59s)
[2026-09-23 20:39:46 PDT] [793/4295] A ZF ohlcv-1m 2020-02-01..2020-03-01: $0.089652 1,375,192 B (7.15s)
[2026-09-23 20:39:46 PDT] [794/4295] A ZF ohlcv-1m 2020-12-01..2021-01-01: $0.097082 1,489,152 B (2.04s)
[2026-09-23 20:39:47 PDT] [795/4295] A ZF ohlcv-1m 2021-03-01..2021-04-01: $0.110571 1,696,072 B (1.25s)
[2026-09-23 20:39:48 PDT] [796/4295] A ZF ohlcv-1m 2021-04-01..2021-05-01: $0.100769 1,545,712 B (1.13s)
[2026-09-23 20:39:48 PDT] [797/4295] A ZF ohlcv-1m 2021-01-01..2021-02-01: $0.088911 1,363,824 B (2.49s)
[2026-09-23 20:39:48 PDT] [798/4295] A ZF ohlcv-1m 2021-02-01..2021-03-01: $0.089652 1,375,192 B (2.39s)
[2026-09-23 20:39:48 PDT] [799/4295] A ZF ohlcv-1m 2021-05-01..2021-06-01: $0.090985 1,395,632 B (1.18s)
[2026-09-23 20:39:49 PDT] [800/4295] A ZF ohlcv-1m 2021-07-01..2021-08-01: $0.101426 1,555,792 B (1.19s)
[2026-09-23 20:39:49 PDT] [801/4295] A ZF ohlcv-1m 2021-09-01..2021-10-01: $0.096059 1,473,472 B (0.88s)
[2026-09-23 20:39:50 PDT] [802/4295] A ZF ohlcv-1m 2021-06-01..2021-07-01: $0.103445 1,586,760 B (1.95s)
[2026-09-23 20:39:50 PDT] [803/4295] A ZF ohlcv-1m 2021-10-01..2021-11-01: $0.097031 1,488,368 B (1.04s)
[2026-09-23 20:39:50 PDT] [804/4295] A ZF ohlcv-1m 2021-08-01..2021-09-01: $0.097826 1,500,576 B (2.03s)
[2026-09-23 20:39:50 PDT] [805/4295] A ZF ohlcv-1m 2021-11-01..2021-12-01: $0.100013 1,534,120 B (1.35s)
[2026-09-23 20:39:51 PDT] [806/4295] A ZF ohlcv-1m 2021-12-01..2022-01-01: $0.099415 1,524,936 B (1.11s)
[2026-09-23 20:39:52 PDT] [807/4295] A ZF ohlcv-1m 2022-03-01..2022-04-01: $0.112700 1,728,720 B (1.64s)
[2026-09-23 20:39:52 PDT] [808/4295] A ZF ohlcv-1m 2022-02-01..2022-03-01: $0.094223 1,445,304 B (1.94s)
[2026-09-23 20:39:53 PDT] [809/4295] A ZF ohlcv-1m 2022-04-01..2022-05-01: $0.097699 1,498,616 B (2.25s)
[2026-09-23 20:39:54 PDT] [810/4295] A ZF ohlcv-1m 2022-01-01..2022-02-01: $0.098757 1,514,856 B (3.47s)
[2026-09-23 20:39:54 PDT] [811/4295] A ZF ohlcv-1m 2022-05-01..2022-06-01: $0.106694 1,636,600 B (1.83s)
[2026-09-23 20:39:55 PDT] [812/4295] A ZF ohlcv-1m 2022-09-01..2022-10-01: $0.103000 1,579,928 B (0.94s)
[2026-09-23 20:39:55 PDT] [813/4295] A ZF ohlcv-1m 2022-07-01..2022-08-01: $0.101422 1,555,736 B (2.27s)
[2026-09-23 20:39:55 PDT] [814/4295] A ZF ohlcv-1m 2022-08-01..2022-09-01: $0.109746 1,683,416 B (1.81s)
[2026-09-23 20:39:56 PDT] [815/4295] A ZF ohlcv-1m 2022-11-01..2022-12-01: $0.101579 1,558,144 B (0.80s)
[2026-09-23 20:39:56 PDT] [816/4295] A ZF ohlcv-1m 2022-10-01..2022-11-01: $0.101145 1,551,480 B (1.56s)
[2026-09-23 20:39:56 PDT] [817/4295] A ZF ohlcv-1m 2022-06-01..2022-07-01: $0.105993 1,625,848 B (4.30s)
[2026-09-23 20:39:57 PDT] [818/4295] A ZF ohlcv-1m 2022-12-01..2023-01-01: $0.098403 1,509,424 B (1.98s)
[2026-09-23 20:39:58 PDT] [819/4295] A ZF ohlcv-1m 2023-02-01..2023-03-01: $0.090339 1,385,720 B (1.27s)
[2026-09-23 20:39:58 PDT] [820/4295] A ZF ohlcv-1m 2023-03-01..2023-04-01: $0.112075 1,719,144 B (1.38s)
[2026-09-23 20:39:59 PDT] [821/4295] A ZF ohlcv-1m 2023-01-01..2023-02-01: $0.097556 1,496,432 B (2.54s)
[2026-09-23 20:39:59 PDT] [822/4295] A ZF ohlcv-1m 2023-05-01..2023-06-01: $0.103646 1,589,840 B (1.63s)
[2026-09-23 20:40:00 PDT] [823/4295] A ZF ohlcv-1m 2023-07-01..2023-08-01: $0.096330 1,477,616 B (1.51s)
[2026-09-23 20:40:00 PDT] [824/4295] A ZF ohlcv-1m 2023-06-01..2023-07-01: $0.100156 1,536,304 B (2.55s)
[2026-09-23 20:40:01 PDT] [825/4295] A ZF ohlcv-1m 2023-08-01..2023-09-01: $0.105223 1,614,032 B (1.36s)
[2026-09-23 20:40:01 PDT] [826/4295] A ZF ohlcv-1m 2023-09-01..2023-10-01: $0.094665 1,452,080 B (1.00s)
[2026-09-23 20:40:02 PDT] [827/4295] A ZF ohlcv-1m 2023-11-01..2023-12-01: $0.100484 1,541,344 B (0.96s)
[2026-09-23 20:40:02 PDT] [828/4295] A ZF ohlcv-1m 2023-10-01..2023-11-01: $0.105263 1,614,648 B (1.55s)
[2026-09-23 20:40:02 PDT] [829/4295] A ZF ohlcv-1m 2024-01-01..2024-02-01: $0.102445 1,571,416 B (0.76s)
[2026-09-23 20:40:03 PDT] [830/4295] A ZF ohlcv-1m 2023-12-01..2024-01-01: $0.094369 1,447,544 B (1.80s)
[2026-09-23 20:40:06 PDT] [831/4295] A ZF ohlcv-1m 2024-02-01..2024-03-01: $0.092993 1,426,432 B (3.75s)
[2026-09-23 20:40:06 PDT] [832/4295] A ZF ohlcv-1m 2024-04-01..2024-05-01: $0.101729 1,560,440 B (3.28s)
[2026-09-23 20:40:07 PDT] [833/4295] A ZF ohlcv-1m 2024-05-01..2024-06-01: $0.098947 1,517,768 B (0.84s)
[2026-09-23 20:40:07 PDT] [834/4295] A ZF ohlcv-1m 2024-06-01..2024-07-01: $0.090634 1,390,256 B (1.20s)
[2026-09-23 20:40:08 PDT] [835/4295] A ZF ohlcv-1m 2024-07-01..2024-08-01: $0.103759 1,591,576 B (1.43s)
[2026-09-23 20:40:09 PDT] [836/4295] A ZF ohlcv-1m 2024-03-01..2024-04-01: $0.092215 1,414,504 B (6.32s)
[2026-09-23 20:40:11 PDT] [837/4295] A ZF ohlcv-1m 2024-10-01..2024-11-01: $0.105267 1,614,704 B (2.62s)
[2026-09-23 20:40:12 PDT] [838/4295] A ZF ohlcv-1m 2023-04-01..2023-05-01: $0.092814 1,423,688 B (14.22s)
[2026-09-23 20:40:12 PDT] [839/4295] A ZF ohlcv-1m 2024-08-01..2024-09-01: $0.101517 1,557,192 B (4.25s)
[2026-09-23 20:40:13 PDT] [840/4295] A ZF ohlcv-1m 2024-11-01..2024-12-01: $0.093927 1,440,768 B (1.21s)
[2026-09-23 20:40:13 PDT] [841/4295] A ZF ohlcv-1m 2024-12-01..2025-01-01: $0.091131 1,397,872 B (1.13s)
[2026-09-23 20:40:13 PDT] [842/4295] A ZF ohlcv-1m 2025-02-01..2025-03-01: $0.087925 1,348,704 B (0.93s)
[2026-09-23 20:40:14 PDT] [843/4295] A ZF ohlcv-1m 2024-09-01..2024-10-01: $0.097396 1,493,968 B (5.86s)
[2026-09-23 20:40:14 PDT] [844/4295] A ZF ohlcv-1m 2025-03-01..2025-04-01: $0.096556 1,481,088 B (1.26s)
[2026-09-23 20:40:15 PDT] [845/4295] A ZF ohlcv-1m 2025-01-01..2025-02-01: $0.095983 1,472,296 B (3.45s)
[2026-09-23 20:40:15 PDT] [846/4295] A ZF ohlcv-1m 2025-06-01..2025-07-01: $0.093456 1,433,544 B (1.33s)
[2026-09-23 20:40:16 PDT] [847/4295] A ZF ohlcv-1m 2025-05-01..2025-06-01: $0.097542 1,496,208 B (1.72s)
[2026-09-23 20:40:16 PDT] [848/4295] A ZF ohlcv-1m 2025-09-01..2025-10-01: $0.092212 1,414,448 B (0.72s)
[2026-09-23 20:40:16 PDT] [849/4295] A ZF ohlcv-1m 2025-04-01..2025-05-01: $0.101842 1,562,176 B (2.84s)
[2026-09-23 20:40:16 PDT] [850/4295] A ZF ohlcv-1m 2025-07-01..2025-08-01: $0.099652 1,528,576 B (1.35s)
[2026-09-23 20:40:17 PDT] [851/4295] A ZF ohlcv-1m 2025-08-01..2025-09-01: $0.089901 1,379,000 B (1.76s)
[2026-09-23 20:40:17 PDT] [852/4295] A ZF ohlcv-1m 2025-12-01..2026-01-01: $0.092222 1,414,616 B (0.99s)
[2026-09-23 20:40:18 PDT] [853/4295] A ZF ohlcv-1m 2025-11-01..2025-12-01: $0.081350 1,247,848 B (2.07s)
[2026-09-23 20:40:19 PDT] [854/4295] A ZF ohlcv-1m 2026-02-01..2026-03-01: $0.086250 1,323,000 B (1.34s)
[2026-09-23 20:40:19 PDT] [855/4295] A ZF ohlcv-1m 2026-01-01..2026-02-01: $0.090769 1,392,328 B (1.90s)
[2026-09-23 20:40:20 PDT] [856/4295] A ZF ohlcv-1m 2026-04-01..2026-05-01: $0.095731 1,468,432 B (0.83s)
[2026-09-23 20:40:20 PDT] [857/4295] A ZF ohlcv-1m 2026-03-01..2026-04-01: $0.104938 1,609,664 B (1.61s)
[2026-09-23 20:40:21 PDT] [858/4295] A ZF ohlcv-1m 2025-10-01..2025-11-01: $0.096373 1,478,288 B (4.86s)
[2026-09-23 20:40:21 PDT] [859/4295] A ZN ohlcv-1m 2019-10-01..2019-11-01: $0.107676 1,651,664 B (1.32s)
[2026-09-23 20:40:22 PDT] [860/4295] A ZF ohlcv-1m 2026-06-01..2026-06-21: $0.064038 982,296 B (2.24s)
[2026-09-23 20:40:22 PDT] [861/4295] A ZN ohlcv-1m 2019-11-01..2019-12-01: $0.094490 1,449,392 B (0.75s)
[2026-09-23 20:40:23 PDT] [862/4295] A ZF ohlcv-1m 2026-05-01..2026-06-01: $0.091233 1,399,440 B (3.70s)
[2026-09-23 20:40:23 PDT] [863/4295] A ZN ohlcv-1m 2020-02-01..2020-03-01: $0.092241 1,414,896 B (1.13s)
[2026-09-23 20:40:24 PDT] [864/4295] A ZN ohlcv-1m 2020-03-01..2020-04-01: $0.110615 1,696,744 B (1.19s)
[2026-09-23 20:40:25 PDT] [865/4295] A ZN ohlcv-1m 2020-01-01..2020-02-01: $0.103887 1,593,536 B (3.05s)
[2026-09-23 20:40:25 PDT] [866/4295] A ZN ohlcv-1m 2019-12-01..2020-01-01: $0.096092 1,473,976 B (3.73s)
[2026-09-23 20:40:26 PDT] [867/4295] A ZN ohlcv-1m 2020-04-01..2020-05-01: $0.099838 1,531,432 B (2.95s)
[2026-09-23 20:40:26 PDT] [868/4295] A ZN ohlcv-1m 2020-05-01..2020-06-01: $0.093007 1,426,656 B (2.49s)
[2026-09-23 20:40:27 PDT] [869/4295] A ZN ohlcv-1m 2020-06-01..2020-07-01: $0.102470 1,571,808 B (1.78s)
[2026-09-23 20:40:27 PDT] [870/4295] A ZN ohlcv-1m 2020-07-01..2020-08-01: $0.106176 1,628,648 B (1.85s)
[2026-09-23 20:40:28 PDT] [871/4295] A ZN ohlcv-1m 2020-10-01..2020-11-01: $0.101667 1,559,488 B (1.56s)
[2026-09-23 20:40:29 PDT] [872/4295] A ZN ohlcv-1m 2020-11-01..2020-12-01: $0.094950 1,456,448 B (2.36s)
[2026-09-23 20:40:29 PDT] [873/4295] A ZN ohlcv-1m 2020-12-01..2021-01-01: $0.102153 1,566,936 B (1.35s)
[2026-09-23 20:40:31 PDT] [874/4295] A ZN ohlcv-1m 2021-02-01..2021-03-01: $0.095526 1,465,296 B (1.52s)
[2026-09-23 20:40:32 PDT] [875/4295] A ZN ohlcv-1m 2021-03-01..2021-04-01: $0.112784 1,730,008 B (1.20s)
[2026-09-23 20:40:33 PDT] [876/4295] A ZN ohlcv-1m 2021-01-01..2021-02-01: $0.094679 1,452,304 B (3.56s)
[2026-09-23 20:40:34 PDT] [877/4295] A ZN ohlcv-1m 2021-05-01..2021-06-01: $0.096096 1,474,032 B (1.00s)
[2026-09-23 20:40:35 PDT] [878/4295] A ZN ohlcv-1m 2021-06-01..2021-07-01: $0.107037 1,641,864 B (1.07s)
[2026-09-23 20:40:35 PDT] [879/4295] A ZN ohlcv-1m 2020-08-01..2020-09-01: $0.098283 1,507,576 B (9.31s)
[2026-09-23 20:40:35 PDT] [880/4295] A ZN ohlcv-1m 2020-09-01..2020-10-01: $0.100663 1,544,088 B (9.06s)
[2026-09-23 20:40:36 PDT] [881/4295] A ZN ohlcv-1m 2021-09-01..2021-10-01: $0.103087 1,581,272 B (0.84s)
[2026-09-23 20:40:36 PDT] [882/4295] A ZN ohlcv-1m 2021-08-01..2021-09-01: $0.103547 1,588,328 B (0.97s)
[2026-09-23 20:40:37 PDT] [883/4295] A ZN ohlcv-1m 2021-04-01..2021-05-01: $0.105570 1,619,352 B (4.64s)
[2026-09-23 20:40:37 PDT] [884/4295] A ZN ohlcv-1m 2021-11-01..2021-12-01: $0.101547 1,557,640 B (0.99s)
[2026-09-23 20:40:37 PDT] [885/4295] A ZN ohlcv-1m 2021-07-01..2021-08-01: $0.105789 1,622,712 B (2.36s)
[2026-09-23 20:40:37 PDT] [886/4295] A ZN ohlcv-1m 2021-10-01..2021-11-01: $0.101477 1,556,576 B (1.17s)
[2026-09-23 20:40:38 PDT] [887/4295] A ZN ohlcv-1m 2021-12-01..2022-01-01: $0.103711 1,590,848 B (1.31s)
[2026-09-23 20:40:38 PDT] [888/4295] A ZN ohlcv-1m 2022-02-01..2022-03-01: $0.095928 1,471,456 B (1.22s)
[2026-09-23 20:40:39 PDT] [889/4295] A ZN ohlcv-1m 2022-01-01..2022-02-01: $0.101087 1,550,584 B (1.71s)
[2026-09-23 20:40:39 PDT] [890/4295] A ZN ohlcv-1m 2022-04-01..2022-05-01: $0.098703 1,514,016 B (1.07s)
[2026-09-23 20:40:40 PDT] [891/4295] A ZN ohlcv-1m 2022-03-01..2022-04-01: $0.113481 1,740,704 B (2.37s)
[2026-09-23 20:40:41 PDT] [892/4295] A ZN ohlcv-1m 2022-08-01..2022-09-01: $0.111360 1,708,168 B (0.93s)
[2026-09-23 20:40:42 PDT] [893/4295] A ZN ohlcv-1m 2022-09-01..2022-10-01: $0.105811 1,623,048 B (0.94s)
[2026-09-23 20:40:44 PDT] [894/4295] A ZN ohlcv-1m 2022-10-01..2022-11-01: $0.103343 1,585,192 B (2.59s)
[2026-09-23 20:40:45 PDT] [895/4295] A ZN ohlcv-1m 2022-11-01..2022-12-01: $0.104522 1,603,280 B (0.77s)
[2026-09-23 20:40:46 PDT] [896/4295] A ZN ohlcv-1m 2022-06-01..2022-07-01: $0.107589 1,650,320 B (6.67s)
[2026-09-23 20:40:46 PDT] [897/4295] A ZN ohlcv-1m 2022-12-01..2023-01-01: $0.101707 1,560,104 B (1.33s)
[2026-09-23 20:40:47 PDT] [898/4295] A ZN ohlcv-1m 2023-01-01..2023-02-01: $0.101025 1,549,632 B (0.98s)
[2026-09-23 20:40:47 PDT] [899/4295] A ZN ohlcv-1m 2023-03-01..2023-04-01: $0.113554 1,741,824 B (0.79s)
[2026-09-23 20:40:48 PDT] [900/4295] A ZN ohlcv-1m 2022-05-01..2022-06-01: $0.107534 1,649,480 B (9.19s)
[2026-09-23 20:40:48 PDT] [901/4295] A ZN ohlcv-1m 2023-02-01..2023-03-01: $0.093051 1,427,328 B (1.63s)
[2026-09-23 20:40:50 PDT] [902/4295] A ZN ohlcv-1m 2023-06-01..2023-07-01: $0.103361 1,585,472 B (1.99s)
[2026-09-23 20:40:51 PDT] [903/4295] A ZN ohlcv-1m 2023-05-01..2023-06-01: $0.105599 1,619,800 B (3.72s)
[2026-09-23 20:40:51 PDT] [904/4295] A ZN ohlcv-1m 2023-04-01..2023-05-01: $0.095231 1,460,760 B (4.12s)
[2026-09-23 20:40:52 PDT] [905/4295] A ZN ohlcv-1m 2023-07-01..2023-08-01: $0.099440 1,525,328 B (1.68s)
[2026-09-23 20:40:53 PDT] [906/4295] A ZN ohlcv-1m 2023-09-01..2023-10-01: $0.098418 1,509,648 B (1.14s)
[2026-09-23 20:40:53 PDT] [907/4295] A ZN ohlcv-1m 2023-08-01..2023-09-01: $0.108972 1,671,544 B (1.22s)
[2026-09-23 20:40:53 PDT] [908/4295] A ZN ohlcv-1m 2023-10-01..2023-11-01: $0.107643 1,651,160 B (1.06s)
[2026-09-23 20:40:53 PDT] [909/4295] A ZN ohlcv-1m 2023-12-01..2024-01-01: $0.095523 1,465,240 B (0.83s)
[2026-09-23 20:40:54 PDT] [910/4295] A ZN ohlcv-1m 2024-01-01..2024-02-01: $0.105854 1,623,720 B (1.09s)
[2026-09-23 20:40:55 PDT] [911/4295] A ZN ohlcv-1m 2022-07-01..2022-08-01: $0.102565 1,573,264 B (15.31s)
[2026-09-23 20:40:55 PDT] [912/4295] A ZN ohlcv-1m 2024-02-01..2024-03-01: $0.098334 1,508,360 B (1.15s)
[2026-09-23 20:40:55 PDT] [913/4295] A ZN ohlcv-1m 2024-04-01..2024-05-01: $0.105946 1,625,120 B (0.83s)
[2026-09-23 20:40:56 PDT] [914/4295] A ZN ohlcv-1m 2024-05-01..2024-06-01: $0.103927 1,594,152 B (1.09s)
[2026-09-23 20:40:56 PDT] [915/4295] A ZN ohlcv-1m 2024-03-01..2024-04-01: $0.095902 1,471,064 B (2.19s)
[2026-09-23 20:40:57 PDT] [916/4295] A ZN ohlcv-1m 2024-06-01..2024-07-01: $0.094271 1,446,032 B (1.35s)
[2026-09-23 20:40:58 PDT] [917/4295] A ZN ohlcv-1m 2024-09-01..2024-10-01: $0.099301 1,523,200 B (0.91s)
[2026-09-23 20:40:58 PDT] [918/4295] A ZN ohlcv-1m 2024-07-01..2024-08-01: $0.107322 1,646,232 B (2.54s)
[2026-09-23 20:40:59 PDT] [919/4295] A ZN ohlcv-1m 2023-11-01..2023-12-01: $0.103792 1,592,080 B (6.81s)
[2026-09-23 20:41:00 PDT] [920/4295] A ZN ohlcv-1m 2024-10-01..2024-11-01: $0.109221 1,675,352 B (1.96s)
[2026-09-23 20:41:00 PDT] [921/4295] A ZN ohlcv-1m 2024-11-01..2024-12-01: $0.097593 1,496,992 B (1.45s)
[2026-09-23 20:41:02 PDT] [922/4295] A ZN ohlcv-1m 2025-01-01..2025-02-01: $0.102189 1,567,496 B (1.97s)
[2026-09-23 20:41:02 PDT] [923/4295] A ZN ohlcv-1m 2024-08-01..2024-09-01: $0.102948 1,579,144 B (5.82s)
[2026-09-23 20:41:03 PDT] [924/4295] A ZN ohlcv-1m 2025-03-01..2025-04-01: $0.100309 1,538,656 B (1.20s)
[2026-09-23 20:41:03 PDT] [925/4295] A ZN ohlcv-1m 2024-12-01..2025-01-01: $0.097290 1,492,344 B (3.75s)
[2026-09-23 20:41:04 PDT] [926/4295] A ZN ohlcv-1m 2025-04-01..2025-05-01: $0.102766 1,576,344 B (1.83s)
[2026-09-23 20:41:04 PDT] [927/4295] A ZN ohlcv-1m 2025-02-01..2025-03-01: $0.093314 1,431,360 B (4.35s)
[2026-09-23 20:41:04 PDT] [928/4295] A ZN ohlcv-1m 2025-05-01..2025-06-01: $0.101441 1,556,016 B (1.55s)
[2026-09-23 20:41:05 PDT] [929/4295] A ZN ohlcv-1m 2025-06-01..2025-07-01: $0.096830 1,485,288 B (1.71s)
[2026-09-23 20:41:05 PDT] [930/4295] A ZN ohlcv-1m 2025-08-01..2025-09-01: $0.094504 1,449,616 B (1.05s)
[2026-09-23 20:41:06 PDT] [931/4295] A ZN ohlcv-1m 2025-07-01..2025-08-01: $0.104788 1,607,368 B (2.09s)
[2026-09-23 20:41:06 PDT] [932/4295] A ZN ohlcv-1m 2025-09-01..2025-10-01: $0.099805 1,530,928 B (1.48s)
[2026-09-23 20:41:06 PDT] [933/4295] A ZN ohlcv-1m 2025-11-01..2025-12-01: $0.087327 1,339,520 B (0.78s)
[2026-09-23 20:41:06 PDT] [934/4295] A ZN ohlcv-1m 2025-10-01..2025-11-01: $0.104573 1,604,064 B (1.38s)
[2026-09-23 20:41:08 PDT] [935/4295] A ZN ohlcv-1m 2025-12-01..2026-01-01: $0.097217 1,491,224 B (2.23s)
[2026-09-23 20:41:08 PDT] [936/4295] A ZN ohlcv-1m 2026-02-01..2026-03-01: $0.091401 1,402,016 B (2.38s)
[2026-09-23 20:41:09 PDT] [937/4295] A ZN ohlcv-1m 2026-03-01..2026-04-01: $0.105946 1,625,120 B (2.61s)
[2026-09-23 20:41:09 PDT] [938/4295] A ZN ohlcv-1m 2026-04-01..2026-05-01: $0.099612 1,527,960 B (1.14s)
[2026-09-23 20:41:09 PDT] [939/4295] A ZN ohlcv-1m 2026-01-01..2026-02-01: $0.097600 1,497,104 B (3.52s)
[2026-09-23 20:41:09 PDT] [940/4295] A ZN ohlcv-1m 2026-05-01..2026-06-01: $0.095541 1,465,520 B (1.09s)
[2026-09-23 20:41:10 PDT] [941/4295] A ZN ohlcv-1m 2026-06-01..2026-06-21: $0.067010 1,027,880 B (0.85s)
[2026-09-23 20:41:10 PDT] [942/4295] A TN ohlcv-1m 2019-05-01..2019-06-01: $0.082051 1,258,600 B (1.28s)
[2026-09-23 20:41:10 PDT] [943/4295] A TN ohlcv-1m 2019-07-01..2019-08-01: $0.083807 1,285,536 B (1.05s)
[2026-09-23 20:41:11 PDT] [944/4295] A TN ohlcv-1m 2019-08-01..2019-09-01: $0.095829 1,469,944 B (0.92s)
[2026-09-23 20:41:12 PDT] [945/4295] A TN ohlcv-1m 2019-10-01..2019-11-01: $0.096534 1,480,752 B (1.62s)
[2026-09-23 20:41:12 PDT] [946/4295] A TN ohlcv-1m 2019-11-01..2019-12-01: $0.081336 1,247,624 B (1.56s)
[2026-09-23 20:41:13 PDT] [947/4295] A TN ohlcv-1m 2019-09-01..2019-10-01: $0.087761 1,346,184 B (2.31s)
[2026-09-23 20:41:14 PDT] [948/4295] A TN ohlcv-1m 2019-06-01..2019-07-01: $0.079182 1,214,584 B (4.74s)
[2026-09-23 20:41:15 PDT] [949/4295] A TN ohlcv-1m 2020-03-01..2020-04-01: $0.107464 1,648,416 B (1.09s)
[2026-09-23 20:41:15 PDT] [950/4295] A TN ohlcv-1m 2020-01-01..2020-02-01: $0.089692 1,375,808 B (3.19s)
[2026-09-23 20:41:16 PDT] [951/4295] A TN ohlcv-1m 2020-02-01..2020-03-01: $0.083125 1,275,064 B (3.51s)
[2026-09-23 20:41:16 PDT] [952/4295] A TN ohlcv-1m 2020-04-01..2020-05-01: $0.093080 1,427,776 B (1.15s)
[2026-09-23 20:41:17 PDT] [953/4295] A TN ohlcv-1m 2020-05-01..2020-06-01: $0.082471 1,265,040 B (1.24s)
[2026-09-23 20:41:17 PDT] [954/4295] A TN ohlcv-1m 2020-07-01..2020-08-01: $0.090050 1,381,296 B (0.80s)
[2026-09-23 20:41:17 PDT] [955/4295] A TN ohlcv-1m 2020-06-01..2020-07-01: $0.095172 1,459,864 B (1.03s)
[2026-09-23 20:41:18 PDT] [956/4295] A TN ohlcv-1m 2020-08-01..2020-09-01: $0.086315 1,324,008 B (0.88s)
[2026-09-23 20:41:18 PDT] [957/4295] A TN ohlcv-1m 2020-09-01..2020-10-01: $0.087827 1,347,192 B (1.13s)
[2026-09-23 20:41:18 PDT] [958/4295] A TN ohlcv-1m 2020-10-01..2020-11-01: $0.089127 1,367,128 B (1.17s)
[2026-09-23 20:41:18 PDT] [959/4295] A TN ohlcv-1m 2019-12-01..2020-01-01: $0.082723 1,268,904 B (6.49s)
[2026-09-23 20:41:19 PDT] [960/4295] A TN ohlcv-1m 2020-11-01..2020-12-01: $0.086323 1,324,120 B (1.93s)
[2026-09-23 20:41:20 PDT] [961/4295] A TN ohlcv-1m 2021-02-01..2021-03-01: $0.086005 1,319,248 B (1.45s)
[2026-09-23 20:41:21 PDT] [962/4295] A TN ohlcv-1m 2021-01-01..2021-02-01: $0.085735 1,315,104 B (2.68s)
[2026-09-23 20:41:21 PDT] [963/4295] A TN ohlcv-1m 2020-12-01..2021-01-01: $0.086984 1,334,256 B (3.21s)
[2026-09-23 20:41:22 PDT] [964/4295] A TN ohlcv-1m 2021-04-01..2021-05-01: $0.092427 1,417,752 B (2.13s)
[2026-09-23 20:41:22 PDT] [965/4295] A TN ohlcv-1m 2021-05-01..2021-06-01: $0.083453 1,280,104 B (1.45s)
[2026-09-23 20:41:23 PDT] [966/4295] A TN ohlcv-1m 2021-06-01..2021-07-01: $0.089521 1,373,176 B (1.46s)
[2026-09-23 20:41:25 PDT] [967/4295] A TN ohlcv-1m 2021-09-01..2021-10-01: $0.089758 1,376,816 B (1.93s)
[2026-09-23 20:41:25 PDT] [968/4295] A TN ohlcv-1m 2021-07-01..2021-08-01: $0.090937 1,394,904 B (2.88s)
[2026-09-23 20:41:26 PDT] [969/4295] A TN ohlcv-1m 2021-08-01..2021-09-01: $0.088575 1,358,672 B (3.98s)
[2026-09-23 20:41:27 PDT] [970/4295] A TN ohlcv-1m 2021-11-01..2021-12-01: $0.095351 1,462,608 B (1.97s)
[2026-09-23 20:41:27 PDT] [971/4295] A TN ohlcv-1m 2021-10-01..2021-11-01: $0.094384 1,447,768 B (2.38s)
[2026-09-23 20:41:27 PDT] [972/4295] A TN ohlcv-1m 2021-12-01..2022-01-01: $0.094668 1,452,136 B (1.04s)
[2026-09-23 20:41:28 PDT] [973/4295] A TN ohlcv-1m 2022-01-01..2022-02-01: $0.095238 1,460,872 B (0.85s)
[2026-09-23 20:41:28 PDT] [974/4295] A TN ohlcv-1m 2021-03-01..2021-04-01: $0.106760 1,637,608 B (8.59s)
[2026-09-23 20:41:29 PDT] [975/4295] A TN ohlcv-1m 2022-05-01..2022-06-01: $0.102868 1,577,912 B (1.19s)
[2026-09-23 20:41:29 PDT] [976/4295] A TN ohlcv-1m 2022-02-01..2022-03-01: $0.091912 1,409,856 B (2.05s)
[2026-09-23 20:41:30 PDT] [977/4295] A TN ohlcv-1m 2022-04-01..2022-05-01: $0.095647 1,467,144 B (1.80s)
[2026-09-23 20:41:31 PDT] [978/4295] A TN ohlcv-1m 2022-07-01..2022-08-01: $0.098060 1,504,160 B (1.38s)
[2026-09-23 20:41:32 PDT] [979/4295] A TN ohlcv-1m 2022-06-01..2022-07-01: $0.103018 1,580,208 B (2.43s)
[2026-09-23 20:41:32 PDT] [980/4295] A TN ohlcv-1m 2022-08-01..2022-09-01: $0.105497 1,618,232 B (2.13s)
[2026-09-23 20:41:32 PDT] [981/4295] A TN ohlcv-1m 2022-09-01..2022-10-01: $0.099918 1,532,664 B (1.60s)
[2026-09-23 20:41:33 PDT] [982/4295] A TN ohlcv-1m 2022-10-01..2022-11-01: $0.098615 1,512,672 B (1.30s)
[2026-09-23 20:41:33 PDT] [983/4295] A TN ohlcv-1m 2022-12-01..2023-01-01: $0.094920 1,456,000 B (1.27s)
[2026-09-23 20:41:34 PDT] [984/4295] A TN ohlcv-1m 2022-11-01..2022-12-01: $0.096775 1,484,448 B (2.21s)
[2026-09-23 20:41:35 PDT] [985/4295] A TN ohlcv-1m 2023-03-01..2023-04-01: $0.109042 1,672,608 B (1.38s)
[2026-09-23 20:41:35 PDT] [986/4295] A TN ohlcv-1m 2023-02-01..2023-03-01: $0.086710 1,330,056 B (1.87s)
[2026-09-23 20:41:35 PDT] [987/4295] A TN ohlcv-1m 2023-01-01..2023-02-01: $0.094679 1,452,304 B (2.54s)
[2026-09-23 20:41:36 PDT] [988/4295] A TN ohlcv-1m 2022-03-01..2022-04-01: $0.110356 1,692,768 B (8.19s)
[2026-09-23 20:41:37 PDT] [989/4295] A TN ohlcv-1m 2023-07-01..2023-08-01: $0.091080 1,397,088 B (1.69s)
[2026-09-23 20:41:38 PDT] [990/4295] A TN ohlcv-1m 2023-05-01..2023-06-01: $0.096392 1,478,568 B (2.22s)
[2026-09-23 20:41:38 PDT] [991/4295] A TN ohlcv-1m 2023-04-01..2023-05-01: $0.087155 1,336,888 B (2.71s)
[2026-09-23 20:41:40 PDT] [992/4295] A TN ohlcv-1m 2023-06-01..2023-07-01: $0.093668 1,436,792 B (4.34s)
[2026-09-23 20:41:40 PDT] [993/4295] A TN ohlcv-1m 2023-09-01..2023-10-01: $0.090021 1,380,848 B (2.62s)
[2026-09-23 20:41:41 PDT] [994/4295] A TN ohlcv-1m 2023-10-01..2023-11-01: $0.102280 1,568,896 B (3.32s)
[2026-09-23 20:41:42 PDT] [995/4295] A TN ohlcv-1m 2023-08-01..2023-09-01: $0.098462 1,510,320 B (4.20s)
[2026-09-23 20:41:42 PDT] [996/4295] A TN ohlcv-1m 2023-12-01..2024-01-01: $0.089174 1,367,856 B (1.74s)
[2026-09-23 20:41:43 PDT] [997/4295] A TN ohlcv-1m 2024-03-01..2024-04-01: $0.086688 1,329,720 B (1.10s)
[2026-09-23 20:41:44 PDT] [998/4295] A TN ohlcv-1m 2023-11-01..2023-12-01: $0.098045 1,503,936 B (3.76s)
[2026-09-23 20:41:45 PDT] [999/4295] A TN ohlcv-1m 2024-01-01..2024-02-01: $0.098465 1,510,376 B (3.33s)
[2026-09-23 20:41:46 PDT] [1000/4295] A TN ohlcv-1m 2024-04-01..2024-05-01: $0.098184 1,506,064 B (3.02s)
[2026-09-23 20:41:47 PDT] [1001/4295] A TN ohlcv-1m 2024-07-01..2024-08-01: $0.099407 1,524,824 B (1.03s)
[2026-09-23 20:41:47 PDT] [1002/4295] A TN ohlcv-1m 2024-05-01..2024-06-01: $0.095534 1,465,408 B (3.71s)
[2026-09-23 20:41:48 PDT] [1003/4295] A TN ohlcv-1m 2024-02-01..2024-03-01: $0.088911 1,363,824 B (6.73s)
[2026-09-23 20:41:49 PDT] [1004/4295] A TN ohlcv-1m 2024-09-01..2024-10-01: $0.092394 1,417,248 B (1.20s)
[2026-09-23 20:41:50 PDT] [1005/4295] A TN ohlcv-1m 2024-10-01..2024-11-01: $0.100236 1,537,536 B (2.16s)
[2026-09-23 20:41:51 PDT] [1006/4295] A TN ohlcv-1m 2024-06-01..2024-07-01: $0.085925 1,318,016 B (6.65s)
[2026-09-23 20:41:52 PDT] [1007/4295] A TN ohlcv-1m 2024-08-01..2024-09-01: $0.097881 1,501,416 B (5.23s)
[2026-09-23 20:41:53 PDT] [1008/4295] A TN ohlcv-1m 2025-01-01..2025-02-01: $0.094344 1,447,152 B (1.63s)
[2026-09-23 20:41:53 PDT] [1009/4295] A TN ohlcv-1m 2025-02-01..2025-03-01: $0.085644 1,313,704 B (1.08s)
[2026-09-23 20:41:53 PDT] [1010/4295] A TN ohlcv-1m 2024-12-01..2025-01-01: $0.088882 1,363,376 B (2.97s)
[2026-09-23 20:41:54 PDT] [1011/4295] A TN ohlcv-1m 2025-05-01..2025-06-01: $0.094457 1,448,888 B (0.89s)
[2026-09-23 20:41:55 PDT] [1012/4295] A TN ohlcv-1m 2025-03-01..2025-04-01: $0.094059 1,442,784 B (1.62s)
[2026-09-23 20:41:55 PDT] [1013/4295] A TN ohlcv-1m 2025-04-01..2025-05-01: $0.098812 1,515,696 B (1.57s)
[2026-09-23 20:41:56 PDT] [1014/4295] A TN ohlcv-1m 2025-06-01..2025-07-01: $0.089937 1,379,560 B (1.25s)
[2026-09-23 20:41:57 PDT] [1015/4295] A TN ohlcv-1m 2025-07-01..2025-08-01: $0.094099 1,443,400 B (2.53s)
[2026-09-23 20:41:57 PDT] [1016/4295] A TN ohlcv-1m 2024-11-01..2024-12-01: $0.089568 1,373,904 B (8.70s)
[2026-09-23 20:41:58 PDT] [1017/4295] A TN ohlcv-1m 2025-08-01..2025-09-01: $0.082946 1,272,320 B (2.61s)
[2026-09-23 20:41:58 PDT] [1018/4295] A TN ohlcv-1m 2025-11-01..2025-12-01: $0.075031 1,150,912 B (1.18s)
[2026-09-23 20:41:59 PDT] [1019/4295] A TN ohlcv-1m 2025-10-01..2025-11-01: $0.091930 1,410,136 B (1.54s)
[2026-09-23 20:42:00 PDT] [1020/4295] A TN ohlcv-1m 2026-02-01..2026-03-01: $0.080799 1,239,392 B (1.07s)
[2026-09-23 20:42:01 PDT] [1021/4295] A TN ohlcv-1m 2026-03-01..2026-04-01: $0.099820 1,531,152 B (0.98s)
[2026-09-23 20:42:01 PDT] [1022/4295] A TN ohlcv-1m 2025-12-01..2026-01-01: $0.083552 1,281,616 B (3.24s)
[2026-09-23 20:42:01 PDT] [1023/4295] A TN ohlcv-1m 2025-09-01..2025-10-01: $0.086374 1,324,904 B (5.37s)
[2026-09-23 20:42:01 PDT] [1024/4295] A TN ohlcv-1m 2026-01-01..2026-02-01: $0.087692 1,345,120 B (3.09s)
[2026-09-23 20:42:02 PDT] [1025/4295] A TN ohlcv-1m 2026-04-01..2026-05-01: $0.089481 1,372,560 B (0.87s)
[2026-09-23 20:42:02 PDT] [1026/4295] A TN ohlcv-1m 2026-05-01..2026-06-01: $0.083742 1,284,528 B (1.16s)
[2026-09-23 20:42:03 PDT] [1027/4295] A ZB ohlcv-1m 2019-06-01..2019-07-01: $0.089539 1,373,456 B (1.17s)
[2026-09-23 20:42:03 PDT] [1028/4295] A ZB ohlcv-1m 2019-05-01..2019-06-01: $0.094092 1,443,288 B (1.56s)
[2026-09-23 20:42:05 PDT] [1029/4295] A ZB ohlcv-1m 2019-07-01..2019-08-01: $0.094271 1,446,032 B (3.24s)
[2026-09-23 20:42:06 PDT] [1030/4295] A ZB ohlcv-1m 2019-08-01..2019-09-01: $0.102098 1,566,096 B (2.86s)
[2026-09-23 20:42:07 PDT] [1031/4295] A TN ohlcv-1m 2026-06-01..2026-06-21: $0.059417 911,400 B (5.86s)
[2026-09-23 20:42:07 PDT] [1032/4295] A ZB ohlcv-1m 2019-11-01..2019-12-01: $0.086659 1,329,272 B (1.38s)
[2026-09-23 20:42:08 PDT] [1033/4295] A ZB ohlcv-1m 2019-10-01..2019-11-01: $0.103890 1,593,592 B (2.41s)
[2026-09-23 20:42:08 PDT] [1034/4295] A ZB ohlcv-1m 2019-09-01..2019-10-01: $0.096899 1,486,352 B (4.66s)
[2026-09-23 20:42:08 PDT] [1035/4295] A ZB ohlcv-1m 2019-12-01..2020-01-01: $0.091065 1,396,864 B (1.34s)
[2026-09-23 20:42:09 PDT] [1036/4295] A ZB ohlcv-1m 2020-01-01..2020-02-01: $0.097848 1,500,912 B (2.25s)
[2026-09-23 20:42:09 PDT] [1037/4295] A ZB ohlcv-1m 2020-03-01..2020-04-01: $0.109604 1,681,232 B (1.61s)
[2026-09-23 20:42:09 PDT] [1038/4295] A ZB ohlcv-1m 2020-04-01..2020-05-01: $0.096906 1,486,464 B (1.31s)
[2026-09-23 20:42:10 PDT] [1039/4295] A ZB ohlcv-1m 2020-05-01..2020-06-01: $0.090415 1,386,896 B (1.18s)
[2026-09-23 20:42:11 PDT] [1040/4295] A ZB ohlcv-1m 2020-07-01..2020-08-01: $0.099944 1,533,056 B (1.14s)
[2026-09-23 20:42:11 PDT] [1041/4295] A ZB ohlcv-1m 2020-02-01..2020-03-01: $0.087889 1,348,144 B (3.60s)
[2026-09-23 20:42:11 PDT] [1042/4295] A ZB ohlcv-1m 2020-06-01..2020-07-01: $0.101663 1,559,432 B (2.01s)
[2026-09-23 20:42:12 PDT] [1043/4295] A ZB ohlcv-1m 2020-08-01..2020-09-01: $0.094537 1,450,120 B (1.59s)
[2026-09-23 20:42:13 PDT] [1044/4295] A ZB ohlcv-1m 2020-09-01..2020-10-01: $0.095216 1,460,536 B (2.63s)
[2026-09-23 20:42:14 PDT] [1045/4295] A ZB ohlcv-1m 2020-10-01..2020-11-01: $0.098038 1,503,824 B (2.47s)
[2026-09-23 20:42:14 PDT] [1046/4295] A ZB ohlcv-1m 2020-12-01..2021-01-01: $0.096717 1,483,552 B (1.84s)
[2026-09-23 20:42:14 PDT] [1047/4295] A ZB ohlcv-1m 2020-11-01..2020-12-01: $0.091992 1,411,088 B (2.73s)
[2026-09-23 20:42:15 PDT] [1048/4295] A ZB ohlcv-1m 2021-04-01..2021-05-01: $0.099002 1,518,608 B (0.99s)
[2026-09-23 20:42:15 PDT] [1049/4295] A ZB ohlcv-1m 2021-03-01..2021-04-01: $0.109757 1,683,584 B (1.60s)
[2026-09-23 20:42:16 PDT] [1050/4295] A ZB ohlcv-1m 2021-02-01..2021-03-01: $0.091197 1,398,880 B (2.42s)
[2026-09-23 20:42:16 PDT] [1051/4295] A ZB ohlcv-1m 2021-06-01..2021-07-01: $0.099856 1,531,712 B (0.87s)
[2026-09-23 20:42:16 PDT] [1052/4295] A ZB ohlcv-1m 2021-01-01..2021-02-01: $0.090813 1,393,000 B (3.17s)
[2026-09-23 20:42:18 PDT] [1053/4295] A ZB ohlcv-1m 2021-07-01..2021-08-01: $0.100747 1,545,376 B (1.52s)
[2026-09-23 20:42:18 PDT] [1054/4295] A ZB ohlcv-1m 2021-05-01..2021-06-01: $0.089700 1,375,920 B (2.85s)
[2026-09-23 20:42:18 PDT] [1055/4295] A ZB ohlcv-1m 2021-09-01..2021-10-01: $0.096425 1,479,072 B (1.70s)
[2026-09-23 20:42:19 PDT] [1056/4295] A ZB ohlcv-1m 2021-10-01..2021-11-01: $0.098038 1,503,824 B (0.87s)
[2026-09-23 20:42:19 PDT] [1057/4295] A ZB ohlcv-1m 2021-11-01..2021-12-01: $0.098108 1,504,888 B (1.24s)
[2026-09-23 20:42:20 PDT] [1058/4295] A ZB ohlcv-1m 2022-01-01..2022-02-01: $0.097330 1,492,960 B (1.19s)
[2026-09-23 20:42:20 PDT] [1059/4295] A ZB ohlcv-1m 2021-12-01..2022-01-01: $0.098425 1,509,760 B (2.40s)
[2026-09-23 20:42:22 PDT] [1060/4295] A ZB ohlcv-1m 2022-04-01..2022-05-01: $0.096122 1,474,424 B (1.35s)
[2026-09-23 20:42:23 PDT] [1061/4295] A ZB ohlcv-1m 2021-08-01..2021-09-01: $0.097125 1,489,824 B (6.60s)
[2026-09-23 20:42:23 PDT] [1062/4295] A ZB ohlcv-1m 2022-05-01..2022-06-01: $0.103821 1,592,528 B (1.33s)
[2026-09-23 20:42:24 PDT] [1063/4295] A ZB ohlcv-1m 2022-06-01..2022-07-01: $0.103715 1,590,904 B (1.04s)
[2026-09-23 20:42:25 PDT] [1064/4295] A ZB ohlcv-1m 2022-07-01..2022-08-01: $0.097929 1,502,144 B (1.35s)
[2026-09-23 20:42:25 PDT] [1065/4295] A ZB ohlcv-1m 2022-08-01..2022-09-01: $0.102700 1,575,336 B (1.25s)
[2026-09-23 20:42:25 PDT] [1066/4295] A ZB ohlcv-1m 2022-03-01..2022-04-01: $0.110663 1,697,472 B (5.59s)
[2026-09-23 20:42:26 PDT] [1067/4295] A ZB ohlcv-1m 2022-02-01..2022-03-01: $0.092248 1,415,008 B (6.41s)
[2026-09-23 20:42:26 PDT] [1068/4295] A ZB ohlcv-1m 2022-09-01..2022-10-01: $0.099845 1,531,544 B (1.19s)
[2026-09-23 20:42:26 PDT] [1069/4295] A ZB ohlcv-1m 2022-10-01..2022-11-01: $0.097772 1,499,736 B (0.84s)
[2026-09-23 20:42:27 PDT] [1070/4295] A ZB ohlcv-1m 2023-01-01..2023-02-01: $0.093701 1,437,296 B (1.25s)
[2026-09-23 20:42:28 PDT] [1071/4295] A ZB ohlcv-1m 2022-11-01..2022-12-01: $0.094877 1,455,328 B (2.76s)
[2026-09-23 20:42:28 PDT] [1072/4295] A ZB ohlcv-1m 2023-02-01..2023-03-01: $0.084957 1,303,176 B (2.17s)
[2026-09-23 20:42:29 PDT] [1073/4295] A ZB ohlcv-1m 2023-04-01..2023-05-01: $0.088364 1,355,424 B (0.81s)
[2026-09-23 20:42:30 PDT] [1074/4295] A ZB ohlcv-1m 2023-03-01..2023-04-01: $0.108421 1,663,088 B (2.54s)
[2026-09-23 20:42:30 PDT] [1075/4295] A ZB ohlcv-1m 2023-06-01..2023-07-01: $0.094563 1,450,512 B (1.11s)
[2026-09-23 20:42:31 PDT] [1076/4295] A ZB ohlcv-1m 2022-12-01..2023-01-01: $0.093924 1,440,712 B (5.26s)
[2026-09-23 20:42:32 PDT] [1077/4295] A ZB ohlcv-1m 2023-09-01..2023-10-01: $0.090430 1,387,120 B (0.94s)
[2026-09-23 20:42:32 PDT] [1078/4295] A ZB ohlcv-1m 2023-05-01..2023-06-01: $0.097297 1,492,456 B (3.77s)
[2026-09-23 20:42:33 PDT] [1079/4295] A ZB ohlcv-1m 2023-11-01..2023-12-01: $0.094198 1,444,912 B (0.88s)
[2026-09-23 20:42:33 PDT] [1080/4295] A ZB ohlcv-1m 2023-10-01..2023-11-01: $0.102470 1,571,808 B (1.12s)
[2026-09-23 20:42:33 PDT] [1081/4295] A ZB ohlcv-1m 2023-07-01..2023-08-01: $0.092171 1,413,832 B (3.58s)
[2026-09-23 20:42:34 PDT] [1082/4295] A ZB ohlcv-1m 2024-02-01..2024-03-01: $0.088031 1,350,328 B (0.73s)
[2026-09-23 20:42:34 PDT] [1083/4295] A ZB ohlcv-1m 2023-12-01..2024-01-01: $0.090777 1,392,440 B (0.99s)
[2026-09-23 20:42:35 PDT] [1084/4295] A ZB ohlcv-1m 2024-03-01..2024-04-01: $0.087367 1,340,136 B (0.97s)
[2026-09-23 20:42:35 PDT] [1085/4295] A ZB ohlcv-1m 2023-08-01..2023-09-01: $0.101831 1,562,008 B (4.84s)
[2026-09-23 20:42:35 PDT] [1086/4295] A ZB ohlcv-1m 2024-04-01..2024-05-01: $0.097560 1,496,488 B (0.99s)
[2026-09-23 20:42:36 PDT] [1087/4295] A ZB ohlcv-1m 2024-01-01..2024-02-01: $0.098626 1,512,840 B (2.81s)
[2026-09-23 20:42:36 PDT] [1088/4295] A ZB ohlcv-1m 2024-07-01..2024-08-01: $0.098316 1,508,080 B (1.07s)
[2026-09-23 20:42:36 PDT] [1089/4295] A ZB ohlcv-1m 2024-05-01..2024-06-01: $0.094263 1,445,920 B (1.34s)
[2026-09-23 20:42:36 PDT] [1090/4295] A ZB ohlcv-1m 2024-06-01..2024-07-01: $0.085133 1,305,864 B (1.34s)
[2026-09-23 20:42:37 PDT] [1091/4295] A ZB ohlcv-1m 2024-08-01..2024-09-01: $0.095840 1,470,112 B (0.85s)
[2026-09-23 20:42:37 PDT] [1092/4295] A ZB ohlcv-1m 2024-09-01..2024-10-01: $0.090671 1,390,816 B (1.51s)
[2026-09-23 20:42:37 PDT] [1093/4295] A ZB ohlcv-1m 2024-10-01..2024-11-01: $0.100389 1,539,888 B (1.37s)
[2026-09-23 20:42:38 PDT] [1094/4295] A ZB ohlcv-1m 2024-11-01..2024-12-01: $0.091233 1,399,440 B (1.99s)
[2026-09-23 20:42:38 PDT] [1095/4295] A ZB ohlcv-1m 2024-12-01..2025-01-01: $0.089024 1,365,560 B (1.71s)
[2026-09-23 20:42:38 PDT] [1096/4295] A ZB ohlcv-1m 2025-02-01..2025-03-01: $0.084235 1,292,088 B (0.87s)
[2026-09-23 20:42:39 PDT] [1097/4295] A ZB ohlcv-1m 2025-01-01..2025-02-01: $0.093697 1,437,240 B (1.19s)
[2026-09-23 20:42:39 PDT] [1098/4295] A ZB ohlcv-1m 2025-05-01..2025-06-01: $0.094512 1,449,728 B (0.84s)
[2026-09-23 20:42:40 PDT] [1099/4295] A ZB ohlcv-1m 2025-04-01..2025-05-01: $0.098465 1,510,376 B (2.20s)
[2026-09-23 20:42:41 PDT] [1100/4295] A ZB ohlcv-1m 2025-07-01..2025-08-01: $0.094844 1,454,824 B (1.41s)
[2026-09-23 20:42:41 PDT] [1101/4295] A ZB ohlcv-1m 2025-06-01..2025-07-01: $0.089441 1,371,944 B (2.77s)
[2026-09-23 20:42:42 PDT] [1102/4295] A ZB ohlcv-1m 2025-08-01..2025-09-01: $0.083271 1,277,304 B (1.24s)
[2026-09-23 20:42:42 PDT] [1103/4295] A ZB ohlcv-1m 2025-03-01..2025-04-01: $0.091620 1,405,376 B (3.75s)
[2026-09-23 20:42:43 PDT] [1104/4295] A ZB ohlcv-1m 2025-11-01..2025-12-01: $0.076677 1,176,168 B (1.40s)
[2026-09-23 20:42:43 PDT] [1105/4295] A ZB ohlcv-1m 2025-10-01..2025-11-01: $0.093026 1,426,936 B (1.73s)
[2026-09-23 20:42:45 PDT] [1106/4295] A ZB ohlcv-1m 2026-01-01..2026-02-01: $0.087973 1,349,432 B (1.57s)
[2026-09-23 20:42:45 PDT] [1107/4295] A ZB ohlcv-1m 2025-12-01..2026-01-01: $0.086491 1,326,696 B (3.58s)
[2026-09-23 20:42:46 PDT] [1108/4295] A ZB ohlcv-1m 2026-02-01..2026-03-01: $0.079682 1,222,256 B (2.57s)
[2026-09-23 20:42:46 PDT] [1109/4295] A ZB ohlcv-1m 2025-09-01..2025-10-01: $0.088422 1,356,320 B (5.67s)
[2026-09-23 20:42:47 PDT] [1110/4295] A ZB ohlcv-1m 2026-04-01..2026-05-01: $0.088656 1,359,904 B (1.66s)
[2026-09-23 20:42:47 PDT] [1111/4295] A ZB ohlcv-1m 2026-06-01..2026-06-21: $0.060395 926,408 B (1.15s)
[2026-09-23 20:42:47 PDT] [1112/4295] A ZB ohlcv-1m 2026-05-01..2026-06-01: $0.085133 1,305,864 B (1.81s)
[2026-09-23 20:42:48 PDT] [1113/4295] A UB ohlcv-1m 2019-05-01..2019-06-01: $0.091532 1,404,032 B (1.25s)
[2026-09-23 20:42:48 PDT] [1114/4295] A UB ohlcv-1m 2019-06-01..2019-07-01: $0.086560 1,327,760 B (1.07s)
[2026-09-23 20:42:49 PDT] [1115/4295] A UB ohlcv-1m 2019-08-01..2019-09-01: $0.099367 1,524,208 B (0.99s)
[2026-09-23 20:42:49 PDT] [1116/4295] A UB ohlcv-1m 2019-09-01..2019-10-01: $0.094690 1,452,472 B (0.90s)
[2026-09-23 20:42:50 PDT] [1117/4295] A UB ohlcv-1m 2019-11-01..2019-12-01: $0.087425 1,341,032 B (0.82s)
[2026-09-23 20:42:50 PDT] [1118/4295] A UB ohlcv-1m 2019-07-01..2019-08-01: $0.091649 1,405,824 B (2.85s)
[2026-09-23 20:42:51 PDT] [1119/4295] A UB ohlcv-1m 2019-10-01..2019-11-01: $0.101203 1,552,376 B (1.64s)
[2026-09-23 20:42:52 PDT] [1120/4295] A UB ohlcv-1m 2020-02-01..2020-03-01: $0.088356 1,355,312 B (0.87s)
[2026-09-23 20:42:53 PDT] [1121/4295] A UB ohlcv-1m 2020-03-01..2020-04-01: $0.101696 1,559,936 B (1.01s)
[2026-09-23 20:42:53 PDT] [1122/4295] A UB ohlcv-1m 2020-01-01..2020-02-01: $0.097932 1,502,200 B (2.88s)
[2026-09-23 20:42:56 PDT] [1123/4295] A UB ohlcv-1m 2020-04-01..2020-05-01: $0.092945 1,425,704 B (2.91s)
[2026-09-23 20:42:56 PDT] [1124/4295] A UB ohlcv-1m 2020-05-01..2020-06-01: $0.088838 1,362,704 B (2.93s)
[2026-09-23 20:42:57 PDT] [1125/4295] A ZB ohlcv-1m 2026-03-01..2026-04-01: $0.100243 1,537,648 B (12.42s)
[2026-09-23 20:42:58 PDT] [1126/4295] A UB ohlcv-1m 2020-07-01..2020-08-01: $0.102010 1,564,752 B (2.10s)
[2026-09-23 20:42:58 PDT] [1127/4295] A UB ohlcv-1m 2019-12-01..2020-01-01: $0.088491 1,357,384 B (8.14s)
[2026-09-23 20:42:59 PDT] [1128/4295] A UB ohlcv-1m 2020-06-01..2020-07-01: $0.102178 1,567,328 B (3.08s)
[2026-09-23 20:42:59 PDT] [1129/4295] A UB ohlcv-1m 2020-09-01..2020-10-01: $0.098823 1,515,864 B (1.24s)
[2026-09-23 20:43:01 PDT] [1130/4295] A UB ohlcv-1m 2020-12-01..2021-01-01: $0.098608 1,512,560 B (1.08s)
[2026-09-23 20:43:01 PDT] [1131/4295] A UB ohlcv-1m 2020-11-01..2020-12-01: $0.095716 1,468,208 B (1.88s)
[2026-09-23 20:43:01 PDT] [1132/4295] A UB ohlcv-1m 2020-08-01..2020-09-01: $0.097001 1,487,920 B (3.86s)
[2026-09-23 20:43:02 PDT] [1133/4295] A UB ohlcv-1m 2021-01-01..2021-02-01: $0.092135 1,413,272 B (0.98s)
[2026-09-23 20:43:02 PDT] [1134/4295] A UB ohlcv-1m 2021-02-01..2021-03-01: $0.090839 1,393,392 B (0.98s)
[2026-09-23 20:43:03 PDT] [1135/4295] A UB ohlcv-1m 2021-05-01..2021-06-01: $0.089309 1,369,928 B (1.07s)
[2026-09-23 20:43:03 PDT] [1136/4295] A UB ohlcv-1m 2021-04-01..2021-05-01: $0.098790 1,515,360 B (1.71s)
[2026-09-23 20:43:04 PDT] [1137/4295] A UB ohlcv-1m 2021-03-01..2021-04-01: $0.110206 1,690,472 B (2.61s)
[2026-09-23 20:43:04 PDT] [1138/4295] A UB ohlcv-1m 2021-06-01..2021-07-01: $0.098542 1,511,552 B (1.58s)
[2026-09-23 20:43:05 PDT] [1139/4295] A UB ohlcv-1m 2021-07-01..2021-08-01: $0.098199 1,506,288 B (1.80s)
[2026-09-23 20:43:06 PDT] [1140/4295] A UB ohlcv-1m 2021-09-01..2021-10-01: $0.095369 1,462,888 B (1.16s)
[2026-09-23 20:43:06 PDT] [1141/4295] A UB ohlcv-1m 2020-10-01..2020-11-01: $0.100068 1,534,960 B (7.78s)
[2026-09-23 20:43:06 PDT] [1142/4295] A UB ohlcv-1m 2021-08-01..2021-09-01: $0.094793 1,454,040 B (2.62s)
[2026-09-23 20:43:07 PDT] [1143/4295] A UB ohlcv-1m 2021-11-01..2021-12-01: $0.098819 1,515,808 B (1.38s)
[2026-09-23 20:43:07 PDT] [1144/4295] A UB ohlcv-1m 2021-12-01..2022-01-01: $0.100061 1,534,848 B (1.04s)
[2026-09-23 20:43:08 PDT] [1145/4295] A UB ohlcv-1m 2022-01-01..2022-02-01: $0.099634 1,528,296 B (1.80s)
[2026-09-23 20:43:09 PDT] [1146/4295] A UB ohlcv-1m 2022-03-01..2022-04-01: $0.111079 1,703,856 B (1.82s)
[2026-09-23 20:43:09 PDT] [1147/4295] A UB ohlcv-1m 2021-10-01..2021-11-01: $0.098202 1,506,344 B (4.05s)
[2026-09-23 20:43:10 PDT] [1148/4295] A UB ohlcv-1m 2022-05-01..2022-06-01: $0.103901 1,593,760 B (1.50s)
[2026-09-23 20:43:11 PDT] [1149/4295] A UB ohlcv-1m 2022-02-01..2022-03-01: $0.094413 1,448,216 B (3.58s)
[2026-09-23 20:43:11 PDT] [1150/4295] A UB ohlcv-1m 2022-04-01..2022-05-01: $0.096023 1,472,912 B (2.70s)
[2026-09-23 20:43:11 PDT] [1151/4295] A UB ohlcv-1m 2022-06-01..2022-07-01: $0.103317 1,584,800 B (2.31s)
[2026-09-23 20:43:12 PDT] [1152/4295] A UB ohlcv-1m 2022-08-01..2022-09-01: $0.105953 1,625,232 B (1.05s)
[2026-09-23 20:43:13 PDT] [1153/4295] A UB ohlcv-1m 2022-11-01..2022-12-01: $0.098432 1,509,872 B (1.56s)
[2026-09-23 20:43:14 PDT] [1154/4295] A UB ohlcv-1m 2022-10-01..2022-11-01: $0.097407 1,494,136 B (2.59s)
[2026-09-23 20:43:15 PDT] [1155/4295] A UB ohlcv-1m 2022-07-01..2022-08-01: $0.097907 1,501,808 B (4.63s)
[2026-09-23 20:43:15 PDT] [1156/4295] A UB ohlcv-1m 2022-12-01..2023-01-01: $0.096596 1,481,704 B (2.09s)
[2026-09-23 20:43:16 PDT] [1157/4295] A UB ohlcv-1m 2022-09-01..2022-10-01: $0.100429 1,540,504 B (5.46s)
[2026-09-23 20:43:16 PDT] [1158/4295] A UB ohlcv-1m 2023-01-01..2023-02-01: $0.096074 1,473,696 B (2.35s)
[2026-09-23 20:43:17 PDT] [1159/4295] A UB ohlcv-1m 2023-02-01..2023-03-01: $0.087210 1,337,728 B (1.67s)
[2026-09-23 20:43:17 PDT] [1160/4295] A UB ohlcv-1m 2023-04-01..2023-05-01: $0.088835 1,362,648 B (1.07s)
[2026-09-23 20:43:18 PDT] [1161/4295] A UB ohlcv-1m 2023-05-01..2023-06-01: $0.099349 1,523,928 B (1.20s)
[2026-09-23 20:43:18 PDT] [1162/4295] A UB ohlcv-1m 2023-06-01..2023-07-01: $0.094690 1,452,472 B (1.14s)
[2026-09-23 20:43:19 PDT] [1163/4295] A UB ohlcv-1m 2023-08-01..2023-09-01: $0.099528 1,526,672 B (1.34s)
[2026-09-23 20:43:20 PDT] [1164/4295] A UB ohlcv-1m 2023-07-01..2023-08-01: $0.091569 1,404,592 B (3.11s)
[2026-09-23 20:43:20 PDT] [1165/4295] A UB ohlcv-1m 2023-10-01..2023-11-01: $0.103047 1,580,656 B (1.55s)
[2026-09-23 20:43:21 PDT] [1166/4295] A UB ohlcv-1m 2023-11-01..2023-12-01: $0.100269 1,538,040 B (1.14s)
[2026-09-23 20:43:22 PDT] [1167/4295] A UB ohlcv-1m 2023-03-01..2023-04-01: $0.109454 1,678,936 B (6.45s)
[2026-09-23 20:43:22 PDT] [1168/4295] A UB ohlcv-1m 2023-12-01..2024-01-01: $0.091982 1,410,920 B (1.93s)
[2026-09-23 20:43:23 PDT] [1169/4295] A UB ohlcv-1m 2023-09-01..2023-10-01: $0.090912 1,394,512 B (5.23s)
[2026-09-23 20:43:24 PDT] [1170/4295] A UB ohlcv-1m 2024-03-01..2024-04-01: $0.091952 1,410,472 B (1.98s)
[2026-09-23 20:43:25 PDT] [1171/4295] A UB ohlcv-1m 2024-04-01..2024-05-01: $0.101171 1,551,872 B (2.01s)
[2026-09-23 20:43:25 PDT] [1172/4295] A UB ohlcv-1m 2024-01-01..2024-02-01: $0.102766 1,576,344 B (3.81s)
[2026-09-23 20:43:26 PDT] [1173/4295] A UB ohlcv-1m 2024-07-01..2024-08-01: $0.103682 1,590,400 B (1.11s)
[2026-09-23 20:43:27 PDT] [1174/4295] A UB ohlcv-1m 2024-06-01..2024-07-01: $0.089411 1,371,496 B (1.52s)
[2026-09-23 20:43:28 PDT] [1175/4295] A UB ohlcv-1m 2024-09-01..2024-10-01: $0.095899 1,471,008 B (1.24s)
[2026-09-23 20:43:28 PDT] [1176/4295] A UB ohlcv-1m 2024-02-01..2024-03-01: $0.091982 1,410,920 B (6.74s)
[2026-09-23 20:43:29 PDT] [1177/4295] A UB ohlcv-1m 2024-11-01..2024-12-01: $0.095096 1,458,688 B (1.08s)
[2026-09-23 20:43:30 PDT] [1178/4295] A UB ohlcv-1m 2024-05-01..2024-06-01: $0.098060 1,504,160 B (5.50s)
[2026-09-23 20:43:30 PDT] [1179/4295] A UB ohlcv-1m 2024-10-01..2024-11-01: $0.104821 1,607,872 B (2.33s)
[2026-09-23 20:43:31 PDT] [1180/4295] A UB ohlcv-1m 2025-01-01..2025-02-01: $0.097016 1,488,144 B (0.82s)
[2026-09-23 20:43:31 PDT] [1181/4295] A UB ohlcv-1m 2025-02-01..2025-03-01: $0.088769 1,361,640 B (0.81s)
[2026-09-23 20:43:32 PDT] [1182/4295] A UB ohlcv-1m 2025-03-01..2025-04-01: $0.097428 1,494,472 B (1.28s)
[2026-09-23 20:43:32 PDT] [1183/4295] A UB ohlcv-1m 2024-08-01..2024-09-01: $0.101612 1,558,648 B (5.63s)
[2026-09-23 20:43:32 PDT] [1184/4295] A UB ohlcv-1m 2025-04-01..2025-05-01: $0.101262 1,553,272 B (1.14s)
[2026-09-23 20:43:33 PDT] [1185/4295] A UB ohlcv-1m 2025-07-01..2025-08-01: $0.100481 1,541,288 B (1.07s)
[2026-09-23 20:43:33 PDT] [1186/4295] A UB ohlcv-1m 2025-06-01..2025-07-01: $0.094632 1,451,576 B (1.31s)
[2026-09-23 20:43:33 PDT] [1187/4295] A UB ohlcv-1m 2024-12-01..2025-01-01: $0.094084 1,443,176 B (3.83s)
[2026-09-23 20:43:34 PDT] [1188/4295] A UB ohlcv-1m 2025-09-01..2025-10-01: $0.094482 1,449,280 B (0.77s)
[2026-09-23 20:43:34 PDT] [1189/4295] A UB ohlcv-1m 2025-08-01..2025-09-01: $0.088922 1,363,992 B (0.82s)
[2026-09-23 20:43:35 PDT] [1190/4295] A UB ohlcv-1m 2025-05-01..2025-06-01: $0.098421 1,509,704 B (2.74s)
[2026-09-23 20:43:35 PDT] [1191/4295] A UB ohlcv-1m 2025-10-01..2025-11-01: $0.096282 1,476,888 B (1.52s)
[2026-09-23 20:43:36 PDT] [1192/4295] A UB ohlcv-1m 2026-02-01..2026-03-01: $0.083574 1,281,952 B (0.96s)
[2026-09-23 20:43:36 PDT] [1193/4295] A UB ohlcv-1m 2025-11-01..2025-12-01: $0.079054 1,212,624 B (2.04s)
[2026-09-23 20:43:37 PDT] [1194/4295] A UB ohlcv-1m 2025-12-01..2026-01-01: $0.089116 1,366,960 B (2.79s)
[2026-09-23 20:43:37 PDT] [1195/4295] A UB ohlcv-1m 2026-01-01..2026-02-01: $0.092204 1,414,336 B (2.59s)
[2026-09-23 20:43:38 PDT] [1196/4295] A UB ohlcv-1m 2026-05-01..2026-06-01: $0.086148 1,321,432 B (1.10s)
[2026-09-23 20:43:39 PDT] [1197/4295] A UB ohlcv-1m 2026-04-01..2026-05-01: $0.092328 1,416,240 B (2.76s)
[2026-09-23 20:43:40 PDT] [1198/4295] A 6A ohlcv-1m 2019-05-01..2019-06-01: $0.105285 1,614,984 B (1.57s)
[2026-09-23 20:43:40 PDT] [1199/4295] A UB ohlcv-1m 2026-03-01..2026-04-01: $0.102028 1,565,032 B (3.89s)
[2026-09-23 20:43:40 PDT] [1200/4295] A UB ohlcv-1m 2026-06-01..2026-06-21: $0.062779 962,976 B (2.41s)
[2026-09-23 20:43:40 PDT] [1201/4295] A 6A ohlcv-1m 2019-06-01..2019-07-01: $0.088871 1,363,208 B (1.12s)
[2026-09-23 20:43:41 PDT] [1202/4295] A 6A ohlcv-1m 2019-08-01..2019-09-01: $0.101474 1,556,520 B (1.09s)
[2026-09-23 20:43:41 PDT] [1203/4295] A 6A ohlcv-1m 2019-09-01..2019-10-01: $0.090693 1,391,152 B (1.56s)
[2026-09-23 20:43:42 PDT] [1204/4295] A 6A ohlcv-1m 2019-10-01..2019-11-01: $0.104566 1,603,952 B (1.62s)
[2026-09-23 20:43:42 PDT] [1205/4295] A 6A ohlcv-1m 2019-12-01..2020-01-01: $0.088400 1,355,984 B (1.21s)
[2026-09-23 20:43:43 PDT] [1206/4295] A 6A ohlcv-1m 2019-11-01..2019-12-01: $0.092807 1,423,576 B (2.23s)
[2026-09-23 20:43:44 PDT] [1207/4295] A 6A ohlcv-1m 2020-01-01..2020-02-01: $0.099017 1,518,832 B (1.96s)
[2026-09-23 20:43:44 PDT] [1208/4295] A 6A ohlcv-1m 2020-03-01..2020-04-01: $0.108260 1,660,624 B (1.12s)
[2026-09-23 20:43:44 PDT] [1209/4295] A 6A ohlcv-1m 2019-07-01..2019-08-01: $0.101276 1,553,496 B (4.73s)
[2026-09-23 20:43:46 PDT] [1210/4295] A 6A ohlcv-1m 2020-06-01..2020-07-01: $0.106888 1,639,568 B (1.58s)
[2026-09-23 20:43:46 PDT] [1211/4295] A 6A ohlcv-1m 2020-02-01..2020-03-01: $0.092460 1,418,256 B (3.43s)
[2026-09-23 20:43:47 PDT] [1212/4295] A 6A ohlcv-1m 2020-05-01..2020-06-01: $0.101842 1,562,176 B (2.97s)
[2026-09-23 20:43:47 PDT] [1213/4295] A 6A ohlcv-1m 2020-08-01..2020-09-01: $0.101773 1,561,112 B (1.41s)
[2026-09-23 20:43:48 PDT] [1214/4295] A 6A ohlcv-1m 2020-07-01..2020-08-01: $0.110444 1,694,112 B (1.66s)
[2026-09-23 20:43:48 PDT] [1215/4295] A 6A ohlcv-1m 2020-09-01..2020-10-01: $0.102664 1,574,776 B (1.17s)
[2026-09-23 20:43:49 PDT] [1216/4295] A 6A ohlcv-1m 2020-04-01..2020-05-01: $0.103584 1,588,888 B (5.73s)
[2026-09-23 20:43:49 PDT] [1217/4295] A 6A ohlcv-1m 2020-12-01..2021-01-01: $0.107088 1,642,648 B (1.13s)
[2026-09-23 20:43:51 PDT] [1218/4295] A 6A ohlcv-1m 2021-01-01..2021-02-01: $0.099528 1,526,672 B (1.26s)
[2026-09-23 20:43:51 PDT] [1219/4295] A 6A ohlcv-1m 2021-02-01..2021-03-01: $0.099115 1,520,344 B (1.17s)
[2026-09-23 20:43:51 PDT] [1220/4295] A 6A ohlcv-1m 2020-11-01..2020-12-01: $0.101930 1,563,520 B (3.07s)
[2026-09-23 20:43:52 PDT] [1221/4295] A 6A ohlcv-1m 2021-05-01..2021-06-01: $0.102872 1,577,968 B (1.55s)
[2026-09-23 20:43:52 PDT] [1222/4295] A 6A ohlcv-1m 2021-04-01..2021-05-01: $0.106665 1,636,152 B (1.77s)
[2026-09-23 20:43:53 PDT] [1223/4295] A 6A ohlcv-1m 2020-10-01..2020-11-01: $0.104712 1,606,192 B (5.73s)
[2026-09-23 20:43:53 PDT] [1224/4295] A 6A ohlcv-1m 2021-06-01..2021-07-01: $0.105924 1,624,784 B (1.13s)
[2026-09-23 20:43:54 PDT] [1225/4295] A 6A ohlcv-1m 2021-07-01..2021-08-01: $0.106840 1,638,840 B (1.27s)
[2026-09-23 20:43:54 PDT] [1226/4295] A 6A ohlcv-1m 2021-08-01..2021-09-01: $0.106972 1,640,856 B (0.88s)
[2026-09-23 20:43:54 PDT] [1227/4295] A 6A ohlcv-1m 2021-09-01..2021-10-01: $0.104821 1,607,872 B (0.88s)
[2026-09-23 20:43:55 PDT] [1228/4295] A 6A ohlcv-1m 2021-10-01..2021-11-01: $0.103664 1,590,120 B (1.78s)
[2026-09-23 20:43:56 PDT] [1229/4295] A 6A ohlcv-1m 2021-11-01..2021-12-01: $0.106712 1,636,880 B (1.67s)
[2026-09-23 20:43:57 PDT] [1230/4295] A 6A ohlcv-1m 2022-01-01..2022-02-01: $0.103606 1,589,224 B (1.28s)
[2026-09-23 20:43:57 PDT] [1231/4295] A 6A ohlcv-1m 2021-03-01..2021-04-01: $0.112747 1,729,448 B (6.22s)
[2026-09-23 20:43:57 PDT] [1232/4295] A 6A ohlcv-1m 2022-02-01..2022-03-01: $0.099634 1,528,296 B (1.27s)
[2026-09-23 20:43:58 PDT] [1233/4295] A 6A ohlcv-1m 2022-03-01..2022-04-01: $0.112579 1,726,872 B (1.33s)
[2026-09-23 20:43:58 PDT] [1234/4295] A 6A ohlcv-1m 2022-04-01..2022-05-01: $0.098750 1,514,744 B (1.33s)
[2026-09-23 20:43:59 PDT] [1235/4295] A 6A ohlcv-1m 2022-05-01..2022-06-01: $0.109969 1,686,832 B (2.02s)
[2026-09-23 20:44:00 PDT] [1236/4295] A 6A ohlcv-1m 2022-06-01..2022-07-01: $0.108049 1,657,376 B (1.79s)
[2026-09-23 20:44:00 PDT] [1237/4295] A 6A ohlcv-1m 2022-08-01..2022-09-01: $0.114127 1,750,616 B (1.33s)
[2026-09-23 20:44:01 PDT] [1238/4295] A 6A ohlcv-1m 2022-10-01..2022-11-01: $0.105365 1,616,216 B (1.08s)
[2026-09-23 20:44:02 PDT] [1239/4295] A 6A ohlcv-1m 2022-07-01..2022-08-01: $0.104285 1,599,640 B (3.46s)
[2026-09-23 20:44:02 PDT] [1240/4295] A 6A ohlcv-1m 2022-11-01..2022-12-01: $0.108830 1,669,360 B (1.19s)
[2026-09-23 20:44:03 PDT] [1241/4295] A 6A ohlcv-1m 2021-12-01..2022-01-01: $0.105303 1,615,264 B (8.83s)
[2026-09-23 20:44:03 PDT] [1242/4295] A 6A ohlcv-1m 2022-09-01..2022-10-01: $0.106493 1,633,520 B (3.22s)
[2026-09-23 20:44:03 PDT] [1243/4295] A 6A ohlcv-1m 2022-12-01..2023-01-01: $0.103233 1,583,512 B (1.62s)
[2026-09-23 20:44:04 PDT] [1244/4295] A 6A ohlcv-1m 2023-04-01..2023-05-01: $0.097279 1,492,176 B (0.92s)
[2026-09-23 20:44:04 PDT] [1245/4295] A 6A ohlcv-1m 2023-03-01..2023-04-01: $0.112590 1,727,040 B (1.11s)
[2026-09-23 20:44:05 PDT] [1246/4295] A 6A ohlcv-1m 2023-01-01..2023-02-01: $0.104624 1,604,848 B (2.60s)
[2026-09-23 20:44:06 PDT] [1247/4295] A 6A ohlcv-1m 2023-05-01..2023-06-01: $0.112714 1,728,944 B (1.46s)
[2026-09-23 20:44:06 PDT] [1248/4295] A 6A ohlcv-1m 2023-02-01..2023-03-01: $0.099440 1,525,328 B (2.64s)
[2026-09-23 20:44:06 PDT] [1249/4295] A 6A ohlcv-1m 2023-06-01..2023-07-01: $0.102569 1,573,320 B (1.94s)
[2026-09-23 20:44:07 PDT] [1250/4295] A 6A ohlcv-1m 2023-09-01..2023-10-01: $0.100521 1,541,904 B (0.94s)
[2026-09-23 20:44:07 PDT] [1251/4295] A 6A ohlcv-1m 2023-08-01..2023-09-01: $0.113853 1,746,416 B (1.26s)
[2026-09-23 20:44:07 PDT] [1252/4295] A 6A ohlcv-1m 2023-07-01..2023-08-01: $0.103770 1,591,744 B (2.19s)
[2026-09-23 20:44:08 PDT] [1253/4295] A 6A ohlcv-1m 2023-12-01..2024-01-01: $0.097323 1,492,848 B (0.96s)
[2026-09-23 20:44:08 PDT] [1254/4295] A 6A ohlcv-1m 2024-01-01..2024-02-01: $0.109494 1,679,552 B (1.13s)
[2026-09-23 20:44:09 PDT] [1255/4295] A 6A ohlcv-1m 2023-11-01..2023-12-01: $0.108377 1,662,416 B (2.00s)
[2026-09-23 20:44:10 PDT] [1256/4295] A 6A ohlcv-1m 2023-10-01..2023-11-01: $0.110071 1,688,400 B (3.80s)
[2026-09-23 20:44:10 PDT] [1257/4295] A 6A ohlcv-1m 2024-02-01..2024-03-01: $0.103492 1,587,488 B (2.13s)
[2026-09-23 20:44:10 PDT] [1258/4295] A 6A ohlcv-1m 2024-04-01..2024-05-01: $0.108490 1,664,152 B (1.54s)
[2026-09-23 20:44:11 PDT] [1259/4295] A 6A ohlcv-1m 2024-03-01..2024-04-01: $0.097348 1,493,240 B (2.25s)
[2026-09-23 20:44:11 PDT] [1260/4295] A 6A ohlcv-1m 2024-06-01..2024-07-01: $0.096070 1,473,640 B (1.37s)
[2026-09-23 20:44:12 PDT] [1261/4295] A 6A ohlcv-1m 2024-08-01..2024-09-01: $0.108578 1,665,496 B (0.96s)
[2026-09-23 20:44:12 PDT] [1262/4295] A 6A ohlcv-1m 2024-09-01..2024-10-01: $0.101631 1,558,928 B (1.01s)
[2026-09-23 20:44:13 PDT] [1263/4295] A 6A ohlcv-1m 2024-10-01..2024-11-01: $0.113747 1,744,792 B (1.11s)
[2026-09-23 20:44:13 PDT] [1264/4295] A 6A ohlcv-1m 2024-07-01..2024-08-01: $0.112700 1,728,720 B (2.98s)
[2026-09-23 20:44:14 PDT] [1265/4295] A 6A ohlcv-1m 2024-11-01..2024-12-01: $0.103419 1,586,368 B (1.49s)
[2026-09-23 20:44:14 PDT] [1266/4295] A 6A ohlcv-1m 2025-01-01..2025-02-01: $0.109107 1,673,616 B (1.14s)
[2026-09-23 20:44:15 PDT] [1267/4295] A 6A ohlcv-1m 2024-12-01..2025-01-01: $0.101229 1,552,768 B (2.22s)
[2026-09-23 20:44:16 PDT] [1268/4295] A 6A ohlcv-1m 2025-02-01..2025-03-01: $0.099024 1,518,944 B (1.81s)
[2026-09-23 20:44:16 PDT] [1269/4295] A 6A ohlcv-1m 2024-05-01..2024-06-01: $0.111645 1,712,536 B (6.50s)
[2026-09-23 20:44:17 PDT] [1270/4295] A 6A ohlcv-1m 2025-05-01..2025-06-01: $0.108319 1,661,520 B (1.13s)
[2026-09-23 20:44:17 PDT] [1271/4295] A 6A ohlcv-1m 2025-06-01..2025-07-01: $0.101623 1,558,816 B (0.80s)
[2026-09-23 20:44:17 PDT] [1272/4295] A 6A ohlcv-1m 2025-04-01..2025-05-01: $0.104752 1,606,808 B (2.51s)
[2026-09-23 20:44:19 PDT] [1273/4295] A 6A ohlcv-1m 2025-08-01..2025-09-01: $0.100941 1,548,344 B (2.02s)
[2026-09-23 20:44:19 PDT] [1274/4295] A 6A ohlcv-1m 2025-07-01..2025-08-01: $0.111396 1,708,728 B (2.63s)
[2026-09-23 20:44:19 PDT] [1275/4295] A 6A ohlcv-1m 2025-09-01..2025-10-01: $0.102372 1,570,296 B (1.93s)
[2026-09-23 20:44:20 PDT] [1276/4295] A 6A ohlcv-1m 2025-03-01..2025-04-01: $0.102240 1,568,280 B (5.55s)
[2026-09-23 20:44:20 PDT] [1277/4295] A 6A ohlcv-1m 2025-12-01..2026-01-01: $0.103361 1,585,472 B (0.81s)
[2026-09-23 20:44:20 PDT] [1278/4295] A 6A ohlcv-1m 2025-11-01..2025-12-01: $0.094858 1,455,048 B (1.12s)
[2026-09-23 20:44:21 PDT] [1279/4295] A 6A ohlcv-1m 2025-10-01..2025-11-01: $0.111451 1,709,568 B (1.38s)
[2026-09-23 20:44:21 PDT] [1280/4295] A 6A ohlcv-1m 2026-01-01..2026-02-01: $0.103036 1,580,488 B (1.34s)
[2026-09-23 20:44:22 PDT] [1281/4295] A 6A ohlcv-1m 2026-03-01..2026-04-01: $0.108217 1,659,952 B (1.22s)
[2026-09-23 20:44:22 PDT] [1282/4295] A 6A ohlcv-1m 2026-04-01..2026-05-01: $0.106041 1,626,576 B (1.27s)
[2026-09-23 20:44:22 PDT] [1283/4295] A 6A ohlcv-1m 2026-02-01..2026-03-01: $0.099217 1,521,912 B (1.80s)
[2026-09-23 20:44:23 PDT] [1284/4295] A 6B ohlcv-1m 2019-05-01..2019-06-01: $0.104840 1,608,152 B (1.52s)
[2026-09-23 20:44:24 PDT] [1285/4295] A 6B ohlcv-1m 2019-06-01..2019-07-01: $0.089123 1,367,072 B (2.34s)
[2026-09-23 20:44:25 PDT] [1286/4295] A 6B ohlcv-1m 2019-07-01..2019-08-01: $0.102258 1,568,560 B (1.67s)
[2026-09-23 20:44:25 PDT] [1287/4295] A 6A ohlcv-1m 2026-06-01..2026-06-21: $0.069212 1,061,648 B (3.55s)
[2026-09-23 20:44:26 PDT] [1288/4295] A 6B ohlcv-1m 2019-08-01..2019-09-01: $0.102459 1,571,640 B (1.38s)
[2026-09-23 20:44:26 PDT] [1289/4295] A 6B ohlcv-1m 2019-09-01..2019-10-01: $0.094187 1,444,744 B (1.32s)
[2026-09-23 20:44:27 PDT] [1290/4295] A 6B ohlcv-1m 2019-11-01..2019-12-01: $0.093592 1,435,616 B (1.39s)
[2026-09-23 20:44:27 PDT] [1291/4295] A 6B ohlcv-1m 2019-12-01..2020-01-01: $0.095804 1,469,552 B (0.93s)
[2026-09-23 20:44:28 PDT] [1292/4295] A 6A ohlcv-1m 2026-05-01..2026-06-01: $0.102346 1,569,904 B (6.62s)
[2026-09-23 20:44:28 PDT] [1293/4295] A 6B ohlcv-1m 2020-01-01..2020-02-01: $0.099834 1,531,376 B (1.22s)
[2026-09-23 20:44:29 PDT] [1294/4295] A 6B ohlcv-1m 2019-10-01..2019-11-01: $0.107118 1,643,096 B (3.59s)
[2026-09-23 20:44:29 PDT] [1295/4295] A 6B ohlcv-1m 2020-03-01..2020-04-01: $0.105938 1,625,008 B (1.17s)
[2026-09-23 20:44:29 PDT] [1296/4295] A 6B ohlcv-1m 2020-04-01..2020-05-01: $0.097334 1,493,016 B (0.82s)
[2026-09-23 20:44:30 PDT] [1297/4295] A 6B ohlcv-1m 2020-02-01..2020-03-01: $0.092109 1,412,880 B (2.37s)
[2026-09-23 20:44:30 PDT] [1298/4295] A 6B ohlcv-1m 2020-06-01..2020-07-01: $0.105164 1,613,136 B (0.91s)
[2026-09-23 20:44:30 PDT] [1299/4295] A 6B ohlcv-1m 2020-05-01..2020-06-01: $0.098272 1,507,408 B (1.19s)
[2026-09-23 20:44:30 PDT] [1300/4295] A 6B ohlcv-1m 2020-07-01..2020-08-01: $0.108647 1,666,560 B (0.95s)
[2026-09-23 20:44:31 PDT] [1301/4295] A 6B ohlcv-1m 2020-08-01..2020-09-01: $0.100853 1,547,000 B (1.22s)
[2026-09-23 20:44:31 PDT] [1302/4295] A 6B ohlcv-1m 2020-10-01..2020-11-01: $0.102682 1,575,056 B (1.30s)
[2026-09-23 20:44:32 PDT] [1303/4295] A 6B ohlcv-1m 2020-12-01..2021-01-01: $0.103901 1,593,760 B (0.76s)
[2026-09-23 20:44:32 PDT] [1304/4295] A 6B ohlcv-1m 2020-11-01..2020-12-01: $0.098827 1,515,920 B (1.53s)
[2026-09-23 20:44:32 PDT] [1305/4295] A 6B ohlcv-1m 2020-09-01..2020-10-01: $0.101977 1,564,248 B (1.98s)
[2026-09-23 20:44:33 PDT] [1306/4295] A 6B ohlcv-1m 2021-04-01..2021-05-01: $0.100619 1,543,416 B (0.91s)
[2026-09-23 20:44:33 PDT] [1307/4295] A 6B ohlcv-1m 2021-01-01..2021-02-01: $0.096173 1,475,208 B (1.85s)
[2026-09-23 20:44:33 PDT] [1308/4295] A 6B ohlcv-1m 2021-02-01..2021-03-01: $0.094982 1,456,952 B (1.87s)
[2026-09-23 20:44:34 PDT] [1309/4295] A 6B ohlcv-1m 2021-05-01..2021-06-01: $0.098564 1,511,888 B (1.40s)
[2026-09-23 20:44:34 PDT] [1310/4295] A 6B ohlcv-1m 2021-03-01..2021-04-01: $0.107096 1,642,760 B (2.74s)
[2026-09-23 20:44:35 PDT] [1311/4295] A 6B ohlcv-1m 2021-08-01..2021-09-01: $0.097772 1,499,736 B (1.02s)
[2026-09-23 20:44:37 PDT] [1312/4295] A 6B ohlcv-1m 2021-06-01..2021-07-01: $0.099856 1,531,712 B (3.53s)
[2026-09-23 20:44:37 PDT] [1313/4295] A 6B ohlcv-1m 2021-09-01..2021-10-01: $0.097173 1,490,552 B (2.88s)
[2026-09-23 20:44:39 PDT] [1314/4295] A 6B ohlcv-1m 2021-11-01..2021-12-01: $0.100324 1,538,880 B (2.06s)
[2026-09-23 20:44:40 PDT] [1315/4295] A 6B ohlcv-1m 2021-10-01..2021-11-01: $0.096600 1,481,760 B (4.59s)
[2026-09-23 20:44:40 PDT] [1316/4295] A 6B ohlcv-1m 2021-12-01..2022-01-01: $0.096775 1,484,448 B (3.13s)
[2026-09-23 20:44:40 PDT] [1317/4295] A 6B ohlcv-1m 2022-01-01..2022-02-01: $0.096698 1,483,272 B (1.65s)
[2026-09-23 20:44:42 PDT] [1318/4295] A 6B ohlcv-1m 2021-07-01..2021-08-01: $0.101693 1,559,880 B (8.18s)
[2026-09-23 20:44:42 PDT] [1319/4295] A 6B ohlcv-1m 2022-04-01..2022-05-01: $0.095391 1,463,224 B (1.82s)
[2026-09-23 20:44:43 PDT] [1320/4295] A 6B ohlcv-1m 2022-02-01..2022-03-01: $0.094800 1,454,152 B (2.89s)
[2026-09-23 20:44:43 PDT] [1321/4295] A 6B ohlcv-1m 2022-05-01..2022-06-01: $0.106450 1,632,848 B (1.02s)
[2026-09-23 20:44:43 PDT] [1322/4295] A 6B ohlcv-1m 2022-03-01..2022-04-01: $0.109093 1,673,392 B (3.04s)
[2026-09-23 20:44:44 PDT] [1323/4295] A 6B ohlcv-1m 2022-08-01..2022-09-01: $0.110546 1,695,680 B (1.07s)
[2026-09-23 20:44:44 PDT] [1324/4295] A 6B ohlcv-1m 2022-07-01..2022-08-01: $0.101185 1,552,096 B (1.32s)
[2026-09-23 20:44:44 PDT] [1325/4295] A 6B ohlcv-1m 2022-06-01..2022-07-01: $0.103153 1,582,280 B (1.93s)
[2026-09-23 20:44:45 PDT] [1326/4295] A 6B ohlcv-1m 2022-11-01..2022-12-01: $0.106760 1,637,608 B (1.51s)
[2026-09-23 20:44:47 PDT] [1327/4295] A 6B ohlcv-1m 2022-12-01..2023-01-01: $0.099509 1,526,392 B (2.42s)
[2026-09-23 20:44:48 PDT] [1328/4295] A 6B ohlcv-1m 2023-01-01..2023-02-01: $0.100681 1,544,368 B (2.91s)
[2026-09-23 20:44:49 PDT] [1329/4295] A 6B ohlcv-1m 2023-02-01..2023-03-01: $0.094446 1,448,720 B (2.16s)
[2026-09-23 20:44:49 PDT] [1330/4295] A 6B ohlcv-1m 2022-09-01..2022-10-01: $0.105311 1,615,376 B (5.56s)
[2026-09-23 20:44:49 PDT] [1331/4295] A 6B ohlcv-1m 2022-10-01..2022-11-01: $0.104591 1,604,344 B (5.46s)
[2026-09-23 20:44:50 PDT] [1332/4295] A 6B ohlcv-1m 2023-04-01..2023-05-01: $0.090773 1,392,384 B (1.05s)
[2026-09-23 20:44:50 PDT] [1333/4295] A 6B ohlcv-1m 2023-06-01..2023-07-01: $0.097005 1,487,976 B (1.28s)
[2026-09-23 20:44:51 PDT] [1334/4295] A 6B ohlcv-1m 2023-05-01..2023-06-01: $0.105946 1,625,120 B (1.77s)
[2026-09-23 20:44:52 PDT] [1335/4295] A 6B ohlcv-1m 2023-09-01..2023-10-01: $0.093380 1,432,368 B (0.77s)
[2026-09-23 20:44:52 PDT] [1336/4295] A 6B ohlcv-1m 2023-07-01..2023-08-01: $0.098871 1,516,592 B (2.19s)
[2026-09-23 20:44:52 PDT] [1337/4295] A 6B ohlcv-1m 2023-08-01..2023-09-01: $0.106680 1,636,376 B (1.89s)
[2026-09-23 20:44:52 PDT] [1338/4295] A 6B ohlcv-1m 2023-10-01..2023-11-01: $0.103909 1,593,872 B (0.88s)
[2026-09-23 20:44:53 PDT] [1339/4295] A 6B ohlcv-1m 2023-12-01..2024-01-01: $0.091445 1,402,688 B (0.87s)
[2026-09-23 20:44:54 PDT] [1340/4295] A 6B ohlcv-1m 2023-11-01..2023-12-01: $0.102379 1,570,408 B (1.78s)
[2026-09-23 20:44:54 PDT] [1341/4295] A 6B ohlcv-1m 2024-01-01..2024-02-01: $0.104818 1,607,816 B (1.92s)
[2026-09-23 20:44:54 PDT] [1342/4295] A 6B ohlcv-1m 2024-02-01..2024-03-01: $0.096899 1,486,352 B (1.18s)
[2026-09-23 20:44:56 PDT] [1343/4295] A 6B ohlcv-1m 2024-04-01..2024-05-01: $0.101265 1,553,328 B (1.72s)
[2026-09-23 20:44:56 PDT] [1344/4295] A 6B ohlcv-1m 2024-03-01..2024-04-01: $0.090372 1,386,224 B (2.39s)
[2026-09-23 20:44:57 PDT] [1345/4295] A 6B ohlcv-1m 2023-03-01..2023-04-01: $0.108545 1,664,992 B (8.90s)
[2026-09-23 20:44:58 PDT] [1346/4295] A 6B ohlcv-1m 2024-05-01..2024-06-01: $0.102255 1,568,504 B (3.72s)
[2026-09-23 20:44:58 PDT] [1347/4295] A 6B ohlcv-1m 2024-08-01..2024-09-01: $0.101331 1,554,336 B (1.00s)
[2026-09-23 20:44:58 PDT] [1348/4295] A 6B ohlcv-1m 2024-06-01..2024-07-01: $0.085162 1,306,312 B (2.21s)
[2026-09-23 20:44:59 PDT] [1349/4295] A 6B ohlcv-1m 2024-07-01..2024-08-01: $0.101660 1,559,376 B (2.38s)
[2026-09-23 20:44:59 PDT] [1350/4295] A 6B ohlcv-1m 2024-09-01..2024-10-01: $0.095943 1,471,680 B (0.81s)
[2026-09-23 20:44:59 PDT] [1351/4295] A 6B ohlcv-1m 2024-11-01..2024-12-01: $0.098779 1,515,192 B (1.02s)
[2026-09-23 20:45:00 PDT] [1352/4295] A 6B ohlcv-1m 2024-12-01..2025-01-01: $0.094008 1,442,000 B (1.22s)
[2026-09-23 20:45:01 PDT] [1353/4295] A 6B ohlcv-1m 2024-10-01..2024-11-01: $0.106161 1,628,424 B (2.30s)
[2026-09-23 20:45:02 PDT] [1354/4295] A 6B ohlcv-1m 2025-04-01..2025-05-01: $0.102627 1,574,216 B (1.73s)
[2026-09-23 20:45:03 PDT] [1355/4295] A 6B ohlcv-1m 2025-03-01..2025-04-01: $0.095789 1,469,328 B (2.85s)
[2026-09-23 20:45:03 PDT] [1356/4295] A 6B ohlcv-1m 2025-02-01..2025-03-01: $0.095194 1,460,200 B (3.85s)
[2026-09-23 20:45:03 PDT] [1357/4295] A 6B ohlcv-1m 2025-06-01..2025-07-01: $0.096432 1,479,184 B (0.76s)
[2026-09-23 20:45:04 PDT] [1358/4295] A 6B ohlcv-1m 2025-01-01..2025-02-01: $0.104836 1,608,096 B (4.75s)
[2026-09-23 20:45:05 PDT] [1359/4295] A 6B ohlcv-1m 2025-09-01..2025-10-01: $0.096074 1,473,696 B (0.97s)
[2026-09-23 20:45:05 PDT] [1360/4295] A 6B ohlcv-1m 2025-07-01..2025-08-01: $0.104920 1,609,384 B (2.20s)
[2026-09-23 20:45:06 PDT] [1361/4295] A 6B ohlcv-1m 2025-08-01..2025-09-01: $0.093752 1,438,080 B (2.41s)
[2026-09-23 20:45:07 PDT] [1362/4295] A 6B ohlcv-1m 2025-11-01..2025-12-01: $0.087893 1,348,200 B (1.25s)
[2026-09-23 20:45:07 PDT] [1363/4295] A 6B ohlcv-1m 2025-12-01..2026-01-01: $0.094515 1,449,784 B (1.04s)
[2026-09-23 20:45:09 PDT] [1364/4295] A 6B ohlcv-1m 2025-10-01..2025-11-01: $0.105168 1,613,192 B (4.10s)
[2026-09-23 20:45:10 PDT] [1365/4295] A 6B ohlcv-1m 2026-02-01..2026-03-01: $0.093661 1,436,680 B (2.73s)
[2026-09-23 20:45:10 PDT] [1366/4295] A 6B ohlcv-1m 2026-01-01..2026-02-01: $0.098458 1,510,264 B (3.00s)
[2026-09-23 20:45:10 PDT] [1367/4295] A 6B ohlcv-1m 2026-03-01..2026-04-01: $0.104241 1,598,968 B (1.54s)
[2026-09-23 20:45:10 PDT] [1368/4295] A 6B ohlcv-1m 2026-04-01..2026-05-01: $0.099345 1,523,872 B (0.86s)
[2026-09-23 20:45:12 PDT] [1369/4295] A 6B ohlcv-1m 2026-06-01..2026-06-21: $0.064418 988,120 B (1.60s)
[2026-09-23 20:45:12 PDT] [1370/4295] A 6B ohlcv-1m 2026-05-01..2026-06-01: $0.095198 1,460,256 B (2.69s)
[2026-09-23 20:45:14 PDT] [1371/4295] A 6C ohlcv-1m 2019-06-01..2019-07-01: $0.089525 1,373,232 B (1.82s)
[2026-09-23 20:45:15 PDT] [1372/4295] A 6C ohlcv-1m 2019-08-01..2019-09-01: $0.101101 1,550,808 B (1.09s)
[2026-09-23 20:45:15 PDT] [1373/4295] A 6C ohlcv-1m 2019-07-01..2019-08-01: $0.100893 1,547,616 B (2.64s)
[2026-09-23 20:45:17 PDT] [1374/4295] A 6B ohlcv-1m 2025-05-01..2025-06-01: $0.103763 1,591,632 B (15.05s)
[2026-09-23 20:45:19 PDT] [1375/4295] A 6C ohlcv-1m 2019-10-01..2019-11-01: $0.101631 1,558,928 B (3.79s)
[2026-09-23 20:45:19 PDT] [1376/4295] A 6C ohlcv-1m 2019-09-01..2019-10-01: $0.090112 1,382,248 B (4.33s)
[2026-09-23 20:45:20 PDT] [1377/4295] A 6C ohlcv-1m 2019-12-01..2020-01-01: $0.085107 1,305,472 B (1.03s)
[2026-09-23 20:45:20 PDT] [1378/4295] A 6C ohlcv-1m 2019-11-01..2019-12-01: $0.088488 1,357,328 B (2.48s)
[2026-09-23 20:45:21 PDT] [1379/4295] A 6C ohlcv-1m 2020-03-01..2020-04-01: $0.105296 1,615,152 B (0.89s)
[2026-09-23 20:45:21 PDT] [1380/4295] A 6C ohlcv-1m 2019-05-01..2019-06-01: $0.103890 1,593,592 B (10.61s)
[2026-09-23 20:45:21 PDT] [1381/4295] A 6C ohlcv-1m 2020-02-01..2020-03-01: $0.088805 1,362,200 B (1.56s)
[2026-09-23 20:45:21 PDT] [1382/4295] A 6C ohlcv-1m 2020-01-01..2020-02-01: $0.093701 1,437,296 B (2.33s)
[2026-09-23 20:45:22 PDT] [1383/4295] A 6C ohlcv-1m 2020-04-01..2020-05-01: $0.101233 1,552,824 B (0.85s)
[2026-09-23 20:45:23 PDT] [1384/4295] A 6C ohlcv-1m 2020-07-01..2020-08-01: $0.106446 1,632,792 B (1.56s)
[2026-09-23 20:45:23 PDT] [1385/4295] A 6C ohlcv-1m 2020-08-01..2020-09-01: $0.099097 1,520,064 B (1.79s)
[2026-09-23 20:45:23 PDT] [1386/4295] A 6C ohlcv-1m 2020-05-01..2020-06-01: $0.098597 1,512,392 B (2.33s)
[2026-09-23 20:45:24 PDT] [1387/4295] A 6C ohlcv-1m 2020-06-01..2020-07-01: $0.104153 1,597,624 B (2.68s)
[2026-09-23 20:45:24 PDT] [1388/4295] A 6C ohlcv-1m 2020-09-01..2020-10-01: $0.100484 1,541,344 B (1.03s)
[2026-09-23 20:45:24 PDT] [1389/4295] A 6C ohlcv-1m 2020-10-01..2020-11-01: $0.102065 1,565,592 B (0.83s)
[2026-09-23 20:45:24 PDT] [1390/4295] A 6C ohlcv-1m 2020-11-01..2020-12-01: $0.098838 1,516,088 B (1.03s)
[2026-09-23 20:45:25 PDT] [1391/4295] A 6C ohlcv-1m 2020-12-01..2021-01-01: $0.100568 1,542,632 B (1.14s)
[2026-09-23 20:45:25 PDT] [1392/4295] A 6C ohlcv-1m 2021-01-01..2021-02-01: $0.095395 1,463,280 B (1.36s)
[2026-09-23 20:45:26 PDT] [1393/4295] A 6C ohlcv-1m 2021-04-01..2021-05-01: $0.102916 1,578,640 B (0.86s)
[2026-09-23 20:45:26 PDT] [1394/4295] A 6C ohlcv-1m 2021-03-01..2021-04-01: $0.109644 1,681,848 B (1.76s)
[2026-09-23 20:45:26 PDT] [1395/4295] A 6C ohlcv-1m 2021-05-01..2021-06-01: $0.099122 1,520,456 B (0.99s)
[2026-09-23 20:45:27 PDT] [1396/4295] A 6C ohlcv-1m 2021-02-01..2021-03-01: $0.095183 1,460,032 B (2.91s)
[2026-09-23 20:45:27 PDT] [1397/4295] A 6C ohlcv-1m 2021-07-01..2021-08-01: $0.102835 1,577,408 B (1.17s)
[2026-09-23 20:45:27 PDT] [1398/4295] A 6C ohlcv-1m 2021-06-01..2021-07-01: $0.099988 1,533,728 B (1.36s)
[2026-09-23 20:45:28 PDT] [1399/4295] A 6C ohlcv-1m 2021-08-01..2021-09-01: $0.102112 1,566,320 B (1.58s)
[2026-09-23 20:45:28 PDT] [1400/4295] A 6C ohlcv-1m 2021-11-01..2021-12-01: $0.101729 1,560,440 B (0.87s)
[2026-09-23 20:45:28 PDT] [1401/4295] A 6C ohlcv-1m 2021-10-01..2021-11-01: $0.099703 1,529,360 B (1.09s)
[2026-09-23 20:45:29 PDT] [1402/4295] A 6C ohlcv-1m 2021-09-01..2021-10-01: $0.100342 1,539,160 B (1.94s)
[2026-09-23 20:45:30 PDT] [1403/4295] A 6C ohlcv-1m 2021-12-01..2022-01-01: $0.099834 1,531,376 B (2.14s)
[2026-09-23 20:45:31 PDT] [1404/4295] A 6C ohlcv-1m 2022-03-01..2022-04-01: $0.108330 1,661,688 B (1.60s)
[2026-09-23 20:45:31 PDT] [1405/4295] A 6C ohlcv-1m 2022-04-01..2022-05-01: $0.094968 1,456,728 B (1.02s)
[2026-09-23 20:45:31 PDT] [1406/4295] A 6C ohlcv-1m 2022-01-01..2022-02-01: $0.099838 1,531,432 B (3.26s)
[2026-09-23 20:45:32 PDT] [1407/4295] A 6C ohlcv-1m 2022-05-01..2022-06-01: $0.106899 1,639,736 B (1.02s)
[2026-09-23 20:45:32 PDT] [1408/4295] A 6C ohlcv-1m 2022-07-01..2022-08-01: $0.101715 1,560,216 B (0.83s)
[2026-09-23 20:45:33 PDT] [1409/4295] A 6C ohlcv-1m 2022-09-01..2022-10-01: $0.104011 1,595,440 B (0.90s)
[2026-09-23 20:45:33 PDT] [1410/4295] A 6C ohlcv-1m 2022-08-01..2022-09-01: $0.109385 1,677,872 B (1.78s)
[2026-09-23 20:45:34 PDT] [1411/4295] A 6C ohlcv-1m 2022-02-01..2022-03-01: $0.095756 1,468,824 B (6.00s)
[2026-09-23 20:45:35 PDT] [1412/4295] A 6C ohlcv-1m 2022-11-01..2022-12-01: $0.105876 1,624,056 B (1.92s)
[2026-09-23 20:45:35 PDT] [1413/4295] A 6C ohlcv-1m 2022-12-01..2023-01-01: $0.098695 1,513,904 B (1.11s)
[2026-09-23 20:45:36 PDT] [1414/4295] A 6C ohlcv-1m 2022-06-01..2022-07-01: $0.105015 1,610,840 B (4.67s)
[2026-09-23 20:45:37 PDT] [1415/4295] A 6C ohlcv-1m 2022-10-01..2022-11-01: $0.103277 1,584,184 B (3.67s)
[2026-09-23 20:45:37 PDT] [1416/4295] A 6C ohlcv-1m 2023-03-01..2023-04-01: $0.108428 1,663,200 B (1.24s)
[2026-09-23 20:45:37 PDT] [1417/4295] A 6C ohlcv-1m 2023-01-01..2023-02-01: $0.100221 1,537,312 B (2.10s)
[2026-09-23 20:45:38 PDT] [1418/4295] A 6C ohlcv-1m 2023-04-01..2023-05-01: $0.091054 1,396,696 B (1.08s)
[2026-09-23 20:45:38 PDT] [1419/4295] A 6C ohlcv-1m 2023-05-01..2023-06-01: $0.105515 1,618,512 B (1.04s)
[2026-09-23 20:45:39 PDT] [1420/4295] A 6C ohlcv-1m 2023-06-01..2023-07-01: $0.099082 1,519,840 B (1.24s)
[2026-09-23 20:45:39 PDT] [1421/4295] A 6C ohlcv-1m 2023-08-01..2023-09-01: $0.106110 1,627,640 B (1.37s)
[2026-09-23 20:45:40 PDT] [1422/4295] A 6C ohlcv-1m 2023-09-01..2023-10-01: $0.093672 1,436,848 B (0.90s)
[2026-09-23 20:45:40 PDT] [1423/4295] A 6C ohlcv-1m 2023-10-01..2023-11-01: $0.102598 1,573,768 B (0.82s)
[2026-09-23 20:45:41 PDT] [1424/4295] A 6C ohlcv-1m 2023-02-01..2023-03-01: $0.094099 1,443,400 B (5.03s)
[2026-09-23 20:45:41 PDT] [1425/4295] A 6C ohlcv-1m 2023-11-01..2023-12-01: $0.100261 1,537,928 B (1.48s)
[2026-09-23 20:45:41 PDT] [1426/4295] A 6C ohlcv-1m 2023-12-01..2024-01-01: $0.089857 1,378,328 B (1.20s)
[2026-09-23 20:45:42 PDT] [1427/4295] A 6C ohlcv-1m 2024-01-01..2024-02-01: $0.100429 1,540,504 B (1.22s)
[2026-09-23 20:45:42 PDT] [1428/4295] A 6C ohlcv-1m 2024-02-01..2024-03-01: $0.093533 1,434,720 B (0.90s)
[2026-09-23 20:45:42 PDT] [1429/4295] A 6C ohlcv-1m 2023-07-01..2023-08-01: $0.095731 1,468,432 B (4.23s)
[2026-09-23 20:45:42 PDT] [1430/4295] A 6C ohlcv-1m 2024-03-01..2024-04-01: $0.088886 1,363,432 B (0.93s)
[2026-09-23 20:45:43 PDT] [1431/4295] A 6C ohlcv-1m 2024-06-01..2024-07-01: $0.089744 1,376,592 B (1.05s)
[2026-09-23 20:45:43 PDT] [1432/4295] A 6C ohlcv-1m 2024-04-01..2024-05-01: $0.102901 1,578,416 B (1.70s)
[2026-09-23 20:45:44 PDT] [1433/4295] A 6C ohlcv-1m 2024-07-01..2024-08-01: $0.103529 1,588,048 B (1.28s)
[2026-09-23 20:45:44 PDT] [1434/4295] A 6C ohlcv-1m 2024-05-01..2024-06-01: $0.102890 1,578,248 B (1.91s)
[2026-09-23 20:45:44 PDT] [1435/4295] A 6C ohlcv-1m 2024-10-01..2024-11-01: $0.103405 1,586,144 B (0.79s)
[2026-09-23 20:45:46 PDT] [1436/4295] A 6C ohlcv-1m 2024-08-01..2024-09-01: $0.100126 1,535,856 B (2.35s)
[2026-09-23 20:45:46 PDT] [1437/4295] A 6C ohlcv-1m 2024-09-01..2024-10-01: $0.092412 1,417,528 B (2.25s)
[2026-09-23 20:45:46 PDT] [1438/4295] A 6C ohlcv-1m 2024-11-01..2024-12-01: $0.096512 1,480,416 B (2.53s)
[2026-09-23 20:45:47 PDT] [1439/4295] A 6C ohlcv-1m 2025-01-01..2025-02-01: $0.102229 1,568,112 B (1.18s)
[2026-09-23 20:45:47 PDT] [1440/4295] A 6C ohlcv-1m 2024-12-01..2025-01-01: $0.093657 1,436,624 B (2.70s)
[2026-09-23 20:45:47 PDT] [1441/4295] A 6C ohlcv-1m 2025-02-01..2025-03-01: $0.093482 1,433,936 B (1.79s)
[2026-09-23 20:45:48 PDT] [1442/4295] A 6C ohlcv-1m 2025-04-01..2025-05-01: $0.100678 1,544,312 B (1.71s)
[2026-09-23 20:45:49 PDT] [1443/4295] A 6C ohlcv-1m 2025-05-01..2025-06-01: $0.100221 1,537,312 B (1.35s)
[2026-09-23 20:45:50 PDT] [1444/4295] A 6C ohlcv-1m 2025-07-01..2025-08-01: $0.098586 1,512,224 B (1.09s)
[2026-09-23 20:45:50 PDT] [1445/4295] A 6C ohlcv-1m 2025-08-01..2025-09-01: $0.088031 1,350,328 B (1.09s)
[2026-09-23 20:45:51 PDT] [1446/4295] A 6C ohlcv-1m 2025-10-01..2025-11-01: $0.096461 1,479,632 B (1.48s)
[2026-09-23 20:45:52 PDT] [1447/4295] A 6C ohlcv-1m 2025-11-01..2025-12-01: $0.080635 1,236,872 B (0.86s)
[2026-09-23 20:45:53 PDT] [1448/4295] A 6C ohlcv-1m 2025-03-01..2025-04-01: $0.094997 1,457,176 B (6.37s)
[2026-09-23 20:45:54 PDT] [1449/4295] A 6C ohlcv-1m 2026-01-01..2026-02-01: $0.094333 1,446,984 B (1.03s)
[2026-09-23 20:45:54 PDT] [1450/4295] A 6C ohlcv-1m 2025-09-01..2025-10-01: $0.087871 1,347,864 B (4.53s)
[2026-09-23 20:45:55 PDT] [1451/4295] A 6C ohlcv-1m 2026-02-01..2026-03-01: $0.090905 1,394,400 B (1.55s)
[2026-09-23 20:45:56 PDT] [1452/4295] A 6C ohlcv-1m 2026-03-01..2026-04-01: $0.101627 1,558,872 B (1.73s)
[2026-09-23 20:45:56 PDT] [1453/4295] A 6C ohlcv-1m 2025-12-01..2026-01-01: $0.089094 1,366,624 B (4.01s)
[2026-09-23 20:45:56 PDT] [1454/4295] A 6C ohlcv-1m 2026-04-01..2026-05-01: $0.091602 1,405,096 B (1.17s)
[2026-09-23 20:45:57 PDT] [1455/4295] A 6C ohlcv-1m 2026-06-01..2026-06-21: $0.061987 950,824 B (1.20s)
[2026-09-23 20:45:57 PDT] [1456/4295] A 6E ohlcv-1m 2019-05-01..2019-06-01: $0.111367 1,708,280 B (0.96s)
[2026-09-23 20:45:58 PDT] [1457/4295] A 6C ohlcv-1m 2025-06-01..2025-07-01: $0.093007 1,426,656 B (10.09s)
[2026-09-23 20:45:58 PDT] [1458/4295] A 6E ohlcv-1m 2019-06-01..2019-07-01: $0.097746 1,499,344 B (1.16s)
[2026-09-23 20:45:59 PDT] [1459/4295] A 6E ohlcv-1m 2019-08-01..2019-09-01: $0.108125 1,658,552 B (1.01s)
[2026-09-23 20:46:00 PDT] [1460/4295] A 6E ohlcv-1m 2019-10-01..2019-11-01: $0.112010 1,718,136 B (1.02s)
[2026-09-23 20:46:00 PDT] [1461/4295] A 6E ohlcv-1m 2019-09-01..2019-10-01: $0.101554 1,557,752 B (1.35s)
[2026-09-23 20:46:00 PDT] [1462/4295] A 6E ohlcv-1m 2019-07-01..2019-08-01: $0.111440 1,709,400 B (2.91s)
[2026-09-23 20:46:01 PDT] [1463/4295] A 6E ohlcv-1m 2019-12-01..2020-01-01: $0.099232 1,522,136 B (1.57s)
[2026-09-23 20:46:01 PDT] [1464/4295] A 6E ohlcv-1m 2019-11-01..2019-12-01: $0.098900 1,517,040 B (1.77s)
[2026-09-23 20:46:01 PDT] [1465/4295] A 6C ohlcv-1m 2026-05-01..2026-06-01: $0.088572 1,358,616 B (5.60s)
[2026-09-23 20:46:02 PDT] [1466/4295] A 6E ohlcv-1m 2020-03-01..2020-04-01: $0.109808 1,684,368 B (1.08s)
[2026-09-23 20:46:03 PDT] [1467/4295] A 6E ohlcv-1m 2020-01-01..2020-02-01: $0.105307 1,615,320 B (2.19s)
[2026-09-23 20:46:03 PDT] [1468/4295] A 6E ohlcv-1m 2020-05-01..2020-06-01: $0.102813 1,577,072 B (0.89s)
[2026-09-23 20:46:04 PDT] [1469/4295] A 6E ohlcv-1m 2020-04-01..2020-05-01: $0.104449 1,602,160 B (2.26s)
[2026-09-23 20:46:04 PDT] [1470/4295] A 6E ohlcv-1m 2020-02-01..2020-03-01: $0.096786 1,484,616 B (2.86s)
[2026-09-23 20:46:05 PDT] [1471/4295] A 6E ohlcv-1m 2020-08-01..2020-09-01: $0.105449 1,617,504 B (1.20s)
[2026-09-23 20:46:05 PDT] [1472/4295] A 6E ohlcv-1m 2020-09-01..2020-10-01: $0.107523 1,649,312 B (0.84s)
[2026-09-23 20:46:06 PDT] [1473/4295] A 6E ohlcv-1m 2020-06-01..2020-07-01: $0.108494 1,664,208 B (3.72s)
[2026-09-23 20:46:07 PDT] [1474/4295] A 6E ohlcv-1m 2020-12-01..2021-01-01: $0.107581 1,650,208 B (0.82s)
[2026-09-23 20:46:07 PDT] [1475/4295] A 6E ohlcv-1m 2020-10-01..2020-11-01: $0.108885 1,670,200 B (2.46s)
[2026-09-23 20:46:08 PDT] [1476/4295] A 6E ohlcv-1m 2020-07-01..2020-08-01: $0.113313 1,738,128 B (4.79s)
[2026-09-23 20:46:08 PDT] [1477/4295] A 6E ohlcv-1m 2021-02-01..2021-03-01: $0.098746 1,514,688 B (1.02s)
[2026-09-23 20:46:10 PDT] [1478/4295] A 6E ohlcv-1m 2021-04-01..2021-05-01: $0.106614 1,635,368 B (1.90s)
[2026-09-23 20:46:11 PDT] [1479/4295] A 6E ohlcv-1m 2021-01-01..2021-02-01: $0.099247 1,522,360 B (3.49s)
[2026-09-23 20:46:12 PDT] [1480/4295] A 6E ohlcv-1m 2021-05-01..2021-06-01: $0.102857 1,577,744 B (1.52s)
[2026-09-23 20:46:12 PDT] [1481/4295] A 6E ohlcv-1m 2021-03-01..2021-04-01: $0.113145 1,735,552 B (4.38s)
[2026-09-23 20:46:13 PDT] [1482/4295] A 6E ohlcv-1m 2021-06-01..2021-07-01: $0.106121 1,627,808 B (2.83s)
[2026-09-23 20:46:13 PDT] [1483/4295] A 6E ohlcv-1m 2021-08-01..2021-09-01: $0.106935 1,640,296 B (0.90s)
[2026-09-23 20:46:14 PDT] [1484/4295] A 6E ohlcv-1m 2021-10-01..2021-11-01: $0.102930 1,578,864 B (1.04s)
[2026-09-23 20:46:15 PDT] [1485/4295] A 6E ohlcv-1m 2020-11-01..2020-12-01: $0.103157 1,582,336 B (9.60s)
[2026-09-23 20:46:15 PDT] [1486/4295] A 6E ohlcv-1m 2021-09-01..2021-10-01: $0.104529 1,603,392 B (1.59s)
[2026-09-23 20:46:15 PDT] [1487/4295] A 6E ohlcv-1m 2021-07-01..2021-08-01: $0.106705 1,636,768 B (3.52s)
[2026-09-23 20:46:16 PDT] [1488/4295] A 6E ohlcv-1m 2021-12-01..2022-01-01: $0.105672 1,620,920 B (0.97s)
[2026-09-23 20:46:16 PDT] [1489/4295] A 6E ohlcv-1m 2021-11-01..2021-12-01: $0.106807 1,638,336 B (1.13s)
[2026-09-23 20:46:16 PDT] [1490/4295] A 6E ohlcv-1m 2022-01-01..2022-02-01: $0.103328 1,584,968 B (1.15s)
[2026-09-23 20:46:17 PDT] [1491/4295] A 6E ohlcv-1m 2022-02-01..2022-03-01: $0.099071 1,519,672 B (1.51s)
[2026-09-23 20:46:17 PDT] [1492/4295] A 6E ohlcv-1m 2022-05-01..2022-06-01: $0.109618 1,681,456 B (1.16s)
[2026-09-23 20:46:18 PDT] [1493/4295] A 6E ohlcv-1m 2022-04-01..2022-05-01: $0.099028 1,519,000 B (2.37s)
[2026-09-23 20:46:18 PDT] [1494/4295] A 6E ohlcv-1m 2022-07-01..2022-08-01: $0.104715 1,606,248 B (1.19s)
[2026-09-23 20:46:18 PDT] [1495/4295] A 6E ohlcv-1m 2022-06-01..2022-07-01: $0.108129 1,658,608 B (1.68s)
[2026-09-23 20:46:19 PDT] [1496/4295] A 6E ohlcv-1m 2022-03-01..2022-04-01: $0.113747 1,744,792 B (3.42s)
[2026-09-23 20:46:20 PDT] [1497/4295] A 6E ohlcv-1m 2022-08-01..2022-09-01: $0.114609 1,758,008 B (1.69s)
[2026-09-23 20:46:21 PDT] [1498/4295] A 6E ohlcv-1m 2022-12-01..2023-01-01: $0.103949 1,594,488 B (1.69s)
[2026-09-23 20:46:23 PDT] [1499/4295] A 6E ohlcv-1m 2023-01-01..2023-02-01: $0.105172 1,613,248 B (1.26s)
[2026-09-23 20:46:23 PDT] [1500/4295] A 6E ohlcv-1m 2022-11-01..2022-12-01: $0.109162 1,674,456 B (4.04s)
[2026-09-23 20:46:24 PDT] [1501/4295] A 6E ohlcv-1m 2023-02-01..2023-03-01: $0.099458 1,525,608 B (1.43s)
[2026-09-23 20:46:24 PDT] [1502/4295] A 6E ohlcv-1m 2023-03-01..2023-04-01: $0.113368 1,738,968 B (1.17s)
[2026-09-23 20:46:25 PDT] [1503/4295] A 6E ohlcv-1m 2022-10-01..2022-11-01: $0.105610 1,619,968 B (6.81s)
[2026-09-23 20:46:25 PDT] [1504/4295] A 6E ohlcv-1m 2023-05-01..2023-06-01: $0.113266 1,737,400 B (1.20s)
[2026-09-23 20:46:27 PDT] [1505/4295] A 6E ohlcv-1m 2023-07-01..2023-08-01: $0.104376 1,601,040 B (1.30s)
[2026-09-23 20:46:27 PDT] [1506/4295] A 6E ohlcv-1m 2022-09-01..2022-10-01: $0.108505 1,664,376 B (8.53s)
[2026-09-23 20:46:28 PDT] [1507/4295] A 6E ohlcv-1m 2023-04-01..2023-05-01: $0.097337 1,493,072 B (4.14s)
[2026-09-23 20:46:30 PDT] [1508/4295] A 6E ohlcv-1m 2023-08-01..2023-09-01: $0.113580 1,742,216 B (3.33s)
[2026-09-23 20:46:30 PDT] [1509/4295] A 6E ohlcv-1m 2023-10-01..2023-11-01: $0.109702 1,682,744 B (2.00s)
[2026-09-23 20:46:30 PDT] [1510/4295] A 6E ohlcv-1m 2023-09-01..2023-10-01: $0.101138 1,551,368 B (3.19s)
[2026-09-23 20:46:31 PDT] [1511/4295] A 6E ohlcv-1m 2023-12-01..2024-01-01: $0.098224 1,506,680 B (1.19s)
[2026-09-23 20:46:33 PDT] [1512/4295] A 6E ohlcv-1m 2024-01-01..2024-02-01: $0.109505 1,679,720 B (2.47s)
[2026-09-23 20:46:33 PDT] [1513/4295] A 6E ohlcv-1m 2023-11-01..2023-12-01: $0.108001 1,656,648 B (2.81s)
[2026-09-23 20:46:34 PDT] [1514/4295] A 6E ohlcv-1m 2024-04-01..2024-05-01: $0.108461 1,663,704 B (0.92s)
[2026-09-23 20:46:34 PDT] [1515/4295] A 6E ohlcv-1m 2024-03-01..2024-04-01: $0.096987 1,487,696 B (1.42s)
[2026-09-23 20:46:35 PDT] [1516/4295] A 6E ohlcv-1m 2024-05-01..2024-06-01: $0.110896 1,701,056 B (1.01s)
[2026-09-23 20:46:36 PDT] [1517/4295] A 6E ohlcv-1m 2024-06-01..2024-07-01: $0.096143 1,474,760 B (1.52s)
[2026-09-23 20:46:36 PDT] [1518/4295] A 6E ohlcv-1m 2024-02-01..2024-03-01: $0.103514 1,587,824 B (4.97s)
[2026-09-23 20:46:37 PDT] [1519/4295] A 6E ohlcv-1m 2024-08-01..2024-09-01: $0.108578 1,665,496 B (1.26s)
[2026-09-23 20:46:37 PDT] [1520/4295] A 6E ohlcv-1m 2024-07-01..2024-08-01: $0.112163 1,720,488 B (2.34s)
[2026-09-23 20:46:39 PDT] [1521/4295] A 6E ohlcv-1m 2024-09-01..2024-10-01: $0.101890 1,562,904 B (2.48s)
[2026-09-23 20:46:39 PDT] [1522/4295] A 6E ohlcv-1m 2024-10-01..2024-11-01: $0.113320 1,738,240 B (2.28s)
[2026-09-23 20:46:40 PDT] [1523/4295] A 6E ohlcv-1m 2024-12-01..2025-01-01: $0.103189 1,582,840 B (0.95s)
[2026-09-23 20:46:40 PDT] [1524/4295] A 6E ohlcv-1m 2024-11-01..2024-12-01: $0.103730 1,591,128 B (2.82s)
[2026-09-23 20:46:40 PDT] [1525/4295] A 6E ohlcv-1m 2025-01-01..2025-02-01: $0.109896 1,685,712 B (0.88s)
[2026-09-23 20:46:41 PDT] [1526/4295] A 6E ohlcv-1m 2023-06-01..2023-07-01: $0.103175 1,582,616 B (15.32s)
[2026-09-23 20:46:41 PDT] [1527/4295] A 6E ohlcv-1m 2025-03-01..2025-04-01: $0.103795 1,592,136 B (1.04s)
[2026-09-23 20:46:41 PDT] [1528/4295] A 6E ohlcv-1m 2025-04-01..2025-05-01: $0.105420 1,617,056 B (1.14s)
[2026-09-23 20:46:41 PDT] [1529/4295] A 6E ohlcv-1m 2025-02-01..2025-03-01: $0.099765 1,530,312 B (1.66s)
[2026-09-23 20:46:42 PDT] [1530/4295] A 6E ohlcv-1m 2025-05-01..2025-06-01: $0.109615 1,681,400 B (0.90s)
[2026-09-23 20:46:42 PDT] [1531/4295] A 6E ohlcv-1m 2025-06-01..2025-07-01: $0.104365 1,600,872 B (1.02s)
[2026-09-23 20:46:42 PDT] [1532/4295] A 6E ohlcv-1m 2025-08-01..2025-09-01: $0.103580 1,588,832 B (1.01s)
[2026-09-23 20:46:42 PDT] [1533/4295] A 6E ohlcv-1m 2025-07-01..2025-08-01: $0.113211 1,736,560 B (1.29s)
[2026-09-23 20:46:42 PDT] [1534/4295] A 6E ohlcv-1m 2025-09-01..2025-10-01: $0.106377 1,631,728 B (0.97s)
[2026-09-23 20:46:43 PDT] [1535/4295] A 6E ohlcv-1m 2025-10-01..2025-11-01: $0.113335 1,738,464 B (1.16s)
[2026-09-23 20:46:44 PDT] [1536/4295] A 6E ohlcv-1m 2026-01-01..2026-02-01: $0.104025 1,595,664 B (1.04s)
[2026-09-23 20:46:44 PDT] [1537/4295] A 6E ohlcv-1m 2026-02-01..2026-03-01: $0.099148 1,520,848 B (0.92s)
[2026-09-23 20:46:46 PDT] [1538/4295] A 6E ohlcv-1m 2026-03-01..2026-04-01: $0.109604 1,681,232 B (2.16s)
[2026-09-23 20:46:47 PDT] [1539/4295] A 6E ohlcv-1m 2026-04-01..2026-05-01: $0.107132 1,643,320 B (2.85s)
[2026-09-23 20:46:49 PDT] [1540/4295] A 6E ohlcv-1m 2025-12-01..2026-01-01: $0.105150 1,612,912 B (6.09s)
[2026-09-23 20:46:49 PDT] [1541/4295] A 6E ohlcv-1m 2025-11-01..2025-12-01: $0.095384 1,463,112 B (6.41s)
[2026-09-23 20:46:49 PDT] [1542/4295] A 6E ohlcv-1m 2026-06-01..2026-06-21: $0.071154 1,091,440 B (2.23s)
[2026-09-23 20:46:49 PDT] [1543/4295] A 6E ohlcv-1m 2026-05-01..2026-06-01: $0.103018 1,580,208 B (3.47s)
[2026-09-23 20:46:50 PDT] [1544/4295] A 6J ohlcv-1m 2019-06-01..2019-07-01: $0.097801 1,500,184 B (1.14s)
[2026-09-23 20:46:50 PDT] [1545/4295] A 6J ohlcv-1m 2019-07-01..2019-08-01: $0.111751 1,714,160 B (1.17s)
[2026-09-23 20:46:50 PDT] [1546/4295] A 6J ohlcv-1m 2019-05-01..2019-06-01: $0.111608 1,711,976 B (1.76s)
[2026-09-23 20:46:51 PDT] [1547/4295] A 6J ohlcv-1m 2019-08-01..2019-09-01: $0.109334 1,677,088 B (1.37s)
[2026-09-23 20:46:51 PDT] [1548/4295] A 6J ohlcv-1m 2019-11-01..2019-12-01: $0.100115 1,535,688 B (0.85s)
[2026-09-23 20:46:51 PDT] [1549/4295] A 6J ohlcv-1m 2019-09-01..2019-10-01: $0.102098 1,566,096 B (1.29s)
[2026-09-23 20:46:52 PDT] [1550/4295] A 6J ohlcv-1m 2019-10-01..2019-11-01: $0.112944 1,732,472 B (1.34s)
[2026-09-23 20:46:53 PDT] [1551/4295] A 6J ohlcv-1m 2020-02-01..2020-03-01: $0.097337 1,493,072 B (1.32s)
[2026-09-23 20:46:53 PDT] [1552/4295] A 6J ohlcv-1m 2020-01-01..2020-02-01: $0.106340 1,631,168 B (1.98s)
[2026-09-23 20:46:54 PDT] [1553/4295] A 6J ohlcv-1m 2019-12-01..2020-01-01: $0.097940 1,502,312 B (3.24s)
[2026-09-23 20:46:55 PDT] [1554/4295] A 6J ohlcv-1m 2020-03-01..2020-04-01: $0.110396 1,693,384 B (3.23s)
[2026-09-23 20:46:55 PDT] [1555/4295] A 6J ohlcv-1m 2020-04-01..2020-05-01: $0.104237 1,598,912 B (2.87s)
[2026-09-23 20:46:56 PDT] [1556/4295] A 6J ohlcv-1m 2020-06-01..2020-07-01: $0.107019 1,641,584 B (2.28s)
[2026-09-23 20:46:56 PDT] [1557/4295] A 6J ohlcv-1m 2020-05-01..2020-06-01: $0.102003 1,564,640 B (2.96s)
[2026-09-23 20:46:57 PDT] [1558/4295] A 6J ohlcv-1m 2020-10-01..2020-11-01: $0.105416 1,617,000 B (1.11s)
[2026-09-23 20:46:57 PDT] [1559/4295] A 6J ohlcv-1m 2020-07-01..2020-08-01: $0.110831 1,700,048 B (2.38s)
[2026-09-23 20:46:57 PDT] [1560/4295] A 6J ohlcv-1m 2020-08-01..2020-09-01: $0.103547 1,588,328 B (1.91s)
[2026-09-23 20:46:58 PDT] [1561/4295] A 6J ohlcv-1m 2020-12-01..2021-01-01: $0.104223 1,598,688 B (0.85s)
[2026-09-23 20:46:59 PDT] [1562/4295] A 6J ohlcv-1m 2021-01-01..2021-02-01: $0.097370 1,493,576 B (1.74s)
[2026-09-23 20:46:59 PDT] [1563/4295] A 6J ohlcv-1m 2021-02-01..2021-03-01: $0.097074 1,489,040 B (1.33s)
[2026-09-23 20:47:02 PDT] [1564/4295] A 6J ohlcv-1m 2021-04-01..2021-05-01: $0.105285 1,614,984 B (2.51s)
[2026-09-23 20:47:02 PDT] [1565/4295] A 6J ohlcv-1m 2021-03-01..2021-04-01: $0.111521 1,710,632 B (3.36s)
[2026-09-23 20:47:03 PDT] [1566/4295] A 6J ohlcv-1m 2021-05-01..2021-06-01: $0.101700 1,559,992 B (0.95s)
[2026-09-23 20:47:04 PDT] [1567/4295] A 6J ohlcv-1m 2021-06-01..2021-07-01: $0.103452 1,586,872 B (1.24s)
[2026-09-23 20:47:04 PDT] [1568/4295] A 6J ohlcv-1m 2021-07-01..2021-08-01: $0.104347 1,600,592 B (0.95s)
[2026-09-23 20:47:06 PDT] [1569/4295] A 6J ohlcv-1m 2021-09-01..2021-10-01: $0.101864 1,562,512 B (2.22s)
[2026-09-23 20:47:06 PDT] [1570/4295] A 6J ohlcv-1m 2021-08-01..2021-09-01: $0.104438 1,601,992 B (2.39s)
[2026-09-23 20:47:07 PDT] [1571/4295] A 6J ohlcv-1m 2021-11-01..2021-12-01: $0.106201 1,629,040 B (0.82s)
[2026-09-23 20:47:07 PDT] [1572/4295] A 6J ohlcv-1m 2021-10-01..2021-11-01: $0.103226 1,583,400 B (1.18s)
[2026-09-23 20:47:08 PDT] [1573/4295] A 6J ohlcv-1m 2022-01-01..2022-02-01: $0.103222 1,583,344 B (0.83s)
[2026-09-23 20:47:10 PDT] [1574/4295] A 6J ohlcv-1m 2022-02-01..2022-03-01: $0.098199 1,506,288 B (1.87s)
[2026-09-23 20:47:10 PDT] [1575/4295] A 6J ohlcv-1m 2021-12-01..2022-01-01: $0.104266 1,599,360 B (3.11s)
[2026-09-23 20:47:10 PDT] [1576/4295] A 6J ohlcv-1m 2020-09-01..2020-10-01: $0.103452 1,586,872 B (14.09s)
[2026-09-23 20:47:11 PDT] [1577/4295] A 6J ohlcv-1m 2020-11-01..2020-12-01: $0.101751 1,560,776 B (13.61s)
[2026-09-23 20:47:12 PDT] [1578/4295] A 6J ohlcv-1m 2022-03-01..2022-04-01: $0.111721 1,713,712 B (1.95s)
[2026-09-23 20:47:12 PDT] [1579/4295] A 6J ohlcv-1m 2022-05-01..2022-06-01: $0.109356 1,677,424 B (1.86s)
[2026-09-23 20:47:12 PDT] [1580/4295] A 6J ohlcv-1m 2022-06-01..2022-07-01: $0.108228 1,660,120 B (1.27s)
[2026-09-23 20:47:12 PDT] [1581/4295] A 6J ohlcv-1m 2022-04-01..2022-05-01: $0.099272 1,522,752 B (2.24s)
[2026-09-23 20:47:13 PDT] [1582/4295] A 6J ohlcv-1m 2022-07-01..2022-08-01: $0.104077 1,596,448 B (0.84s)
[2026-09-23 20:47:13 PDT] [1583/4295] A 6J ohlcv-1m 2022-08-01..2022-09-01: $0.114605 1,757,952 B (1.27s)
[2026-09-23 20:47:13 PDT] [1584/4295] A 6J ohlcv-1m 2022-10-01..2022-11-01: $0.104464 1,602,384 B (1.21s)
[2026-09-23 20:47:16 PDT] [1585/4295] A 6J ohlcv-1m 2022-11-01..2022-12-01: $0.108658 1,666,728 B (3.04s)
[2026-09-23 20:47:16 PDT] [1586/4295] A 6J ohlcv-1m 2022-09-01..2022-10-01: $0.107457 1,648,304 B (4.10s)
[2026-09-23 20:47:17 PDT] [1587/4295] A 6J ohlcv-1m 2023-02-01..2023-03-01: $0.099188 1,521,464 B (1.39s)
[2026-09-23 20:47:18 PDT] [1588/4295] A 6J ohlcv-1m 2023-03-01..2023-04-01: $0.113514 1,741,208 B (1.43s)
[2026-09-23 20:47:18 PDT] [1589/4295] A 6J ohlcv-1m 2022-12-01..2023-01-01: $0.103478 1,587,264 B (4.49s)
[2026-09-23 20:47:20 PDT] [1590/4295] A 6J ohlcv-1m 2023-04-01..2023-05-01: $0.098425 1,509,760 B (2.46s)
[2026-09-23 20:47:20 PDT] [1591/4295] A 6J ohlcv-1m 2023-05-01..2023-06-01: $0.113992 1,748,544 B (2.87s)
[2026-09-23 20:47:21 PDT] [1592/4295] A 6J ohlcv-1m 2023-06-01..2023-07-01: $0.104299 1,599,864 B (2.74s)
[2026-09-23 20:47:21 PDT] [1593/4295] A 6J ohlcv-1m 2023-07-01..2023-08-01: $0.104558 1,603,840 B (1.35s)
[2026-09-23 20:47:21 PDT] [1594/4295] A 6J ohlcv-1m 2023-08-01..2023-09-01: $0.113653 1,743,336 B (0.94s)
[2026-09-23 20:47:22 PDT] [1595/4295] A 6J ohlcv-1m 2023-01-01..2023-02-01: $0.105091 1,612,016 B (8.23s)
[2026-09-23 20:47:22 PDT] [1596/4295] A 6J ohlcv-1m 2023-10-01..2023-11-01: $0.107903 1,655,136 B (1.02s)
[2026-09-23 20:47:23 PDT] [1597/4295] A 6J ohlcv-1m 2023-11-01..2023-12-01: $0.106928 1,640,184 B (1.17s)
[2026-09-23 20:47:23 PDT] [1598/4295] A 6J ohlcv-1m 2023-09-01..2023-10-01: $0.100521 1,541,904 B (2.17s)
[2026-09-23 20:47:23 PDT] [1599/4295] A 6J ohlcv-1m 2023-12-01..2024-01-01: $0.098838 1,516,088 B (1.36s)
[2026-09-23 20:47:24 PDT] [1600/4295] A 6J ohlcv-1m 2024-02-01..2024-03-01: $0.103073 1,581,048 B (0.96s)
[2026-09-23 20:47:24 PDT] [1601/4295] A 6J ohlcv-1m 2024-04-01..2024-05-01: $0.107421 1,647,744 B (1.15s)
[2026-09-23 20:47:24 PDT] [1602/4295] A 6J ohlcv-1m 2024-05-01..2024-06-01: $0.110896 1,701,056 B (0.77s)
[2026-09-23 20:47:24 PDT] [1603/4295] A 6J ohlcv-1m 2024-03-01..2024-04-01: $0.098111 1,504,944 B (1.74s)
[2026-09-23 20:47:25 PDT] [1604/4295] A 6J ohlcv-1m 2024-01-01..2024-02-01: $0.109633 1,681,680 B (2.54s)
[2026-09-23 20:47:26 PDT] [1605/4295] A 6J ohlcv-1m 2024-08-01..2024-09-01: $0.110005 1,687,392 B (1.34s)
[2026-09-23 20:47:26 PDT] [1606/4295] A 6J ohlcv-1m 2024-07-01..2024-08-01: $0.112740 1,729,336 B (1.58s)
[2026-09-23 20:47:27 PDT] [1607/4295] A 6J ohlcv-1m 2024-09-01..2024-10-01: $0.104292 1,599,752 B (2.89s)
[2026-09-23 20:47:27 PDT] [1608/4295] A 6J ohlcv-1m 2024-11-01..2024-12-01: $0.103701 1,590,680 B (1.58s)
[2026-09-23 20:47:28 PDT] [1609/4295] A 6J ohlcv-1m 2024-10-01..2024-11-01: $0.114361 1,754,200 B (2.00s)
[2026-09-23 20:47:29 PDT] [1610/4295] A 6J ohlcv-1m 2024-12-01..2025-01-01: $0.102185 1,567,440 B (1.26s)
[2026-09-23 20:47:29 PDT] [1611/4295] A 6J ohlcv-1m 2024-06-01..2024-07-01: $0.096760 1,484,224 B (4.93s)
[2026-09-23 20:47:30 PDT] [1612/4295] A 6J ohlcv-1m 2025-03-01..2025-04-01: $0.103668 1,590,176 B (0.91s)
[2026-09-23 20:47:31 PDT] [1613/4295] A 6J ohlcv-1m 2025-04-01..2025-05-01: $0.105519 1,618,568 B (1.46s)
[2026-09-23 20:47:32 PDT] [1614/4295] A 6J ohlcv-1m 2025-06-01..2025-07-01: $0.103303 1,584,576 B (1.19s)
[2026-09-23 20:47:34 PDT] [1615/4295] A 6J ohlcv-1m 2025-01-01..2025-02-01: $0.109597 1,681,120 B (6.48s)
[2026-09-23 20:47:37 PDT] [1616/4295] A 6J ohlcv-1m 2025-08-01..2025-09-01: $0.103923 1,594,096 B (2.92s)
[2026-09-23 20:47:38 PDT] [1617/4295] A 6J ohlcv-1m 2025-02-01..2025-03-01: $0.099801 1,530,872 B (9.93s)
[2026-09-23 20:47:38 PDT] [1618/4295] A 6J ohlcv-1m 2025-07-01..2025-08-01: $0.113214 1,736,616 B (6.01s)
[2026-09-23 20:47:38 PDT] [1619/4295] A 6J ohlcv-1m 2025-05-01..2025-06-01: $0.109385 1,677,872 B (8.69s)
[2026-09-23 20:47:39 PDT] [1620/4295] A 6J ohlcv-1m 2025-10-01..2025-11-01: $0.113539 1,741,600 B (1.19s)
[2026-09-23 20:47:39 PDT] [1621/4295] A 6J ohlcv-1m 2025-09-01..2025-10-01: $0.105668 1,620,864 B (2.40s)
[2026-09-23 20:47:39 PDT] [1622/4295] A 6J ohlcv-1m 2025-11-01..2025-12-01: $0.094968 1,456,728 B (1.63s)
[2026-09-23 20:47:40 PDT] [1623/4295] A 6J ohlcv-1m 2026-01-01..2026-02-01: $0.103803 1,592,248 B (1.18s)
[2026-09-23 20:47:40 PDT] [1624/4295] A 6J ohlcv-1m 2026-03-01..2026-04-01: $0.108100 1,658,160 B (0.93s)
[2026-09-23 20:47:41 PDT] [1625/4295] A 6J ohlcv-1m 2026-02-01..2026-03-01: $0.099502 1,526,280 B (1.40s)
[2026-09-23 20:47:41 PDT] [1626/4295] A 6J ohlcv-1m 2026-05-01..2026-06-01: $0.099929 1,532,832 B (0.88s)
[2026-09-23 20:47:41 PDT] [1627/4295] A 6J ohlcv-1m 2026-04-01..2026-05-01: $0.104971 1,610,168 B (1.43s)
[2026-09-23 20:47:42 PDT] [1628/4295] A 6S ohlcv-1m 2019-05-01..2019-06-01: $0.084019 1,288,784 B (0.89s)
[2026-09-23 20:47:43 PDT] [1629/4295] A 6S ohlcv-1m 2019-06-01..2019-07-01: $0.077714 1,192,072 B (1.05s)
[2026-09-23 20:47:43 PDT] [1630/4295] A 6S ohlcv-1m 2019-07-01..2019-08-01: $0.086144 1,321,376 B (0.93s)
[2026-09-23 20:47:44 PDT] [1631/4295] A 6J ohlcv-1m 2026-06-01..2026-06-21: $0.066528 1,020,488 B (3.16s)
[2026-09-23 20:47:44 PDT] [1632/4295] A 6S ohlcv-1m 2019-09-01..2019-10-01: $0.080693 1,237,768 B (0.90s)
[2026-09-23 20:47:46 PDT] [1633/4295] A 6S ohlcv-1m 2019-10-01..2019-11-01: $0.089882 1,378,720 B (1.71s)
[2026-09-23 20:47:46 PDT] [1634/4295] A 6S ohlcv-1m 2019-08-01..2019-09-01: $0.092219 1,414,560 B (3.49s)
[2026-09-23 20:47:47 PDT] [1635/4295] A 6S ohlcv-1m 2020-01-01..2020-02-01: $0.081226 1,245,944 B (1.23s)
[2026-09-23 20:47:48 PDT] [1636/4295] A 6S ohlcv-1m 2019-12-01..2020-01-01: $0.071822 1,101,688 B (2.41s)
[2026-09-23 20:47:49 PDT] [1637/4295] A 6S ohlcv-1m 2019-11-01..2019-12-01: $0.075856 1,163,568 B (4.85s)
[2026-09-23 20:47:49 PDT] [1638/4295] A 6S ohlcv-1m 2020-03-01..2020-04-01: $0.098597 1,512,392 B (1.12s)
[2026-09-23 20:47:49 PDT] [1639/4295] A 6S ohlcv-1m 2020-02-01..2020-03-01: $0.079514 1,219,680 B (1.99s)
[2026-09-23 20:47:50 PDT] [1640/4295] A 6S ohlcv-1m 2020-04-01..2020-05-01: $0.085677 1,314,208 B (1.24s)
[2026-09-23 20:47:50 PDT] [1641/4295] A 6S ohlcv-1m 2020-06-01..2020-07-01: $0.085512 1,311,688 B (1.25s)
[2026-09-23 20:47:52 PDT] [1642/4295] A 6S ohlcv-1m 2020-05-01..2020-06-01: $0.082113 1,259,552 B (2.54s)
[2026-09-23 20:47:53 PDT] [1643/4295] A 6S ohlcv-1m 2020-09-01..2020-10-01: $0.086509 1,326,976 B (0.94s)
[2026-09-23 20:47:53 PDT] [1644/4295] A 6S ohlcv-1m 2020-08-01..2020-09-01: $0.088166 1,352,400 B (2.47s)
[2026-09-23 20:47:53 PDT] [1645/4295] A 6S ohlcv-1m 2020-07-01..2020-08-01: $0.091649 1,405,824 B (3.21s)
[2026-09-23 20:47:54 PDT] [1646/4295] A 6S ohlcv-1m 2020-10-01..2020-11-01: $0.086462 1,326,248 B (1.01s)
[2026-09-23 20:47:55 PDT] [1647/4295] A 6S ohlcv-1m 2021-01-01..2021-02-01: $0.082048 1,258,544 B (1.04s)
[2026-09-23 20:47:56 PDT] [1648/4295] A 6S ohlcv-1m 2021-02-01..2021-03-01: $0.082723 1,268,904 B (1.17s)
[2026-09-23 20:47:56 PDT] [1649/4295] A 6S ohlcv-1m 2020-11-01..2020-12-01: $0.085746 1,315,272 B (3.45s)
[2026-09-23 20:47:57 PDT] [1650/4295] A 6S ohlcv-1m 2021-03-01..2021-04-01: $0.092723 1,422,288 B (1.32s)
[2026-09-23 20:47:57 PDT] [1651/4295] A 6S ohlcv-1m 2021-04-01..2021-05-01: $0.085651 1,313,816 B (1.07s)
[2026-09-23 20:47:58 PDT] [1652/4295] A 6S ohlcv-1m 2020-12-01..2021-01-01: $0.086370 1,324,848 B (4.26s)
[2026-09-23 20:47:58 PDT] [1653/4295] A 6S ohlcv-1m 2021-05-01..2021-06-01: $0.083439 1,279,880 B (1.37s)
[2026-09-23 20:47:59 PDT] [1654/4295] A 6S ohlcv-1m 2021-07-01..2021-08-01: $0.084147 1,290,744 B (1.06s)
[2026-09-23 20:47:59 PDT] [1655/4295] A 6S ohlcv-1m 2021-06-01..2021-07-01: $0.083212 1,276,408 B (1.14s)
[2026-09-23 20:48:00 PDT] [1656/4295] A 6S ohlcv-1m 2021-08-01..2021-09-01: $0.081241 1,246,168 B (1.07s)
[2026-09-23 20:48:00 PDT] [1657/4295] A 6S ohlcv-1m 2021-09-01..2021-10-01: $0.081445 1,249,304 B (1.00s)
[2026-09-23 20:48:02 PDT] [1658/4295] A 6S ohlcv-1m 2021-10-01..2021-11-01: $0.082975 1,272,768 B (3.53s)
[2026-09-23 20:48:04 PDT] [1659/4295] A 6S ohlcv-1m 2022-01-01..2022-02-01: $0.080569 1,235,864 B (1.80s)
[2026-09-23 20:48:04 PDT] [1660/4295] A 6S ohlcv-1m 2021-11-01..2021-12-01: $0.087929 1,348,760 B (4.88s)
[2026-09-23 20:48:05 PDT] [1661/4295] A 6J ohlcv-1m 2025-12-01..2026-01-01: $0.104902 1,609,104 B (27.14s)
[2026-09-23 20:48:06 PDT] [1662/4295] A 6S ohlcv-1m 2022-02-01..2022-03-01: $0.078715 1,207,416 B (2.51s)
[2026-09-23 20:48:07 PDT] [1663/4295] A 6S ohlcv-1m 2022-03-01..2022-04-01: $0.091930 1,410,136 B (2.49s)
[2026-09-23 20:48:07 PDT] [1664/4295] A 6S ohlcv-1m 2022-05-01..2022-06-01: $0.095720 1,468,264 B (0.86s)
[2026-09-23 20:48:08 PDT] [1665/4295] A 6S ohlcv-1m 2021-12-01..2022-01-01: $0.077356 1,186,584 B (7.95s)
[2026-09-23 20:48:08 PDT] [1666/4295] A 6S ohlcv-1m 2022-06-01..2022-07-01: $0.094179 1,444,632 B (1.52s)
[2026-09-23 20:48:09 PDT] [1667/4295] A 6S ohlcv-1m 2022-04-01..2022-05-01: $0.080682 1,237,600 B (3.35s)
[2026-09-23 20:48:10 PDT] [1668/4295] A 6S ohlcv-1m 2022-10-01..2022-11-01: $0.089908 1,379,112 B (0.83s)
[2026-09-23 20:48:10 PDT] [1669/4295] A 6S ohlcv-1m 2022-09-01..2022-10-01: $0.092887 1,424,808 B (1.39s)
[2026-09-23 20:48:11 PDT] [1670/4295] A 6S ohlcv-1m 2022-12-01..2023-01-01: $0.080763 1,238,832 B (0.99s)
[2026-09-23 20:48:11 PDT] [1671/4295] A 6S ohlcv-1m 2022-08-01..2022-09-01: $0.096249 1,476,384 B (3.35s)
[2026-09-23 20:48:12 PDT] [1672/4295] A 6S ohlcv-1m 2023-01-01..2023-02-01: $0.085260 1,307,824 B (0.80s)
[2026-09-23 20:48:12 PDT] [1673/4295] A 6S ohlcv-1m 2023-02-01..2023-03-01: $0.079072 1,212,904 B (1.27s)
[2026-09-23 20:48:12 PDT] [1674/4295] A 6S ohlcv-1m 2023-03-01..2023-04-01: $0.092452 1,418,144 B (0.79s)
[2026-09-23 20:48:12 PDT] [1675/4295] A 6S ohlcv-1m 2022-07-01..2022-08-01: $0.091025 1,396,248 B (5.12s)
[2026-09-23 20:48:13 PDT] [1676/4295] A 6S ohlcv-1m 2023-04-01..2023-05-01: $0.080770 1,238,944 B (1.12s)
[2026-09-23 20:48:14 PDT] [1677/4295] A 6S ohlcv-1m 2023-05-01..2023-06-01: $0.091624 1,405,432 B (1.37s)
[2026-09-23 20:48:14 PDT] [1678/4295] A 6S ohlcv-1m 2023-06-01..2023-07-01: $0.084662 1,298,640 B (1.65s)
[2026-09-23 20:48:15 PDT] [1679/4295] A 6S ohlcv-1m 2023-07-01..2023-08-01: $0.088714 1,360,800 B (1.59s)
[2026-09-23 20:48:15 PDT] [1680/4295] A 6S ohlcv-1m 2023-08-01..2023-09-01: $0.093694 1,437,184 B (1.50s)
[2026-09-23 20:48:15 PDT] [1681/4295] A 6S ohlcv-1m 2023-09-01..2023-10-01: $0.084749 1,299,984 B (1.32s)
[2026-09-23 20:48:16 PDT] [1682/4295] A 6S ohlcv-1m 2023-10-01..2023-11-01: $0.096874 1,485,960 B (1.50s)
[2026-09-23 20:48:17 PDT] [1683/4295] A 6S ohlcv-1m 2023-11-01..2023-12-01: $0.090656 1,390,592 B (1.43s)
[2026-09-23 20:48:18 PDT] [1684/4295] A 6S ohlcv-1m 2024-02-01..2024-03-01: $0.090291 1,384,992 B (0.83s)
[2026-09-23 20:48:18 PDT] [1685/4295] A 6S ohlcv-1m 2023-12-01..2024-01-01: $0.081566 1,251,152 B (2.26s)
[2026-09-23 20:48:18 PDT] [1686/4295] A 6S ohlcv-1m 2024-01-01..2024-02-01: $0.092244 1,414,952 B (1.41s)
[2026-09-23 20:48:18 PDT] [1687/4295] A 6S ohlcv-1m 2022-11-01..2022-12-01: $0.091982 1,410,920 B (8.43s)
[2026-09-23 20:48:19 PDT] [1688/4295] A 6S ohlcv-1m 2024-04-01..2024-05-01: $0.096253 1,476,440 B (0.89s)
[2026-09-23 20:48:20 PDT] [1689/4295] A 6S ohlcv-1m 2024-07-01..2024-08-01: $0.097534 1,496,096 B (1.63s)
[2026-09-23 20:48:21 PDT] [1690/4295] A 6S ohlcv-1m 2024-06-01..2024-07-01: $0.082876 1,271,256 B (3.26s)
[2026-09-23 20:48:21 PDT] [1691/4295] A 6S ohlcv-1m 2024-08-01..2024-09-01: $0.099845 1,531,544 B (1.12s)
[2026-09-23 20:48:23 PDT] [1692/4295] A 6S ohlcv-1m 2024-09-01..2024-10-01: $0.090901 1,394,344 B (1.29s)
[2026-09-23 20:48:24 PDT] [1693/4295] A 6S ohlcv-1m 2024-10-01..2024-11-01: $0.097421 1,494,360 B (2.20s)
[2026-09-23 20:48:24 PDT] [1694/4295] A 6S ohlcv-1m 2024-11-01..2024-12-01: $0.092763 1,422,904 B (1.41s)
[2026-09-23 20:48:24 PDT] [1695/4295] A 6S ohlcv-1m 2024-05-01..2024-06-01: $0.099926 1,532,776 B (6.21s)
[2026-09-23 20:48:25 PDT] [1696/4295] A 6S ohlcv-1m 2024-03-01..2024-04-01: $0.085720 1,314,880 B (7.41s)
[2026-09-23 20:48:26 PDT] [1697/4295] A 6S ohlcv-1m 2025-01-01..2025-02-01: $0.098659 1,513,344 B (1.70s)
[2026-09-23 20:48:27 PDT] [1698/4295] A 6S ohlcv-1m 2025-04-01..2025-05-01: $0.099068 1,519,616 B (1.35s)
[2026-09-23 20:48:27 PDT] [1699/4295] A 6S ohlcv-1m 2024-12-01..2025-01-01: $0.090766 1,392,272 B (3.97s)
[2026-09-23 20:48:28 PDT] [1700/4295] A 6S ohlcv-1m 2025-02-01..2025-03-01: $0.091383 1,401,736 B (3.54s)
[2026-09-23 20:48:29 PDT] [1701/4295] A 6S ohlcv-1m 2025-05-01..2025-06-01: $0.096921 1,486,688 B (1.60s)
[2026-09-23 20:48:29 PDT] [1702/4295] A 6S ohlcv-1m 2025-07-01..2025-08-01: $0.096815 1,485,064 B (1.35s)
[2026-09-23 20:48:29 PDT] [1703/4295] A 6S ohlcv-1m 2025-06-01..2025-07-01: $0.087969 1,349,376 B (1.48s)
[2026-09-23 20:48:30 PDT] [1704/4295] A 6S ohlcv-1m 2025-09-01..2025-10-01: $0.083979 1,288,168 B (1.20s)
[2026-09-23 20:48:30 PDT] [1705/4295] A 6S ohlcv-1m 2025-08-01..2025-09-01: $0.085571 1,312,584 B (1.54s)
[2026-09-23 20:48:31 PDT] [1706/4295] A 6S ohlcv-1m 2025-11-01..2025-12-01: $0.081938 1,256,864 B (0.85s)
[2026-09-23 20:48:31 PDT] [1707/4295] A 6S ohlcv-1m 2025-12-01..2026-01-01: $0.086345 1,324,456 B (1.10s)
[2026-09-23 20:48:32 PDT] [1708/4295] A 6S ohlcv-1m 2025-10-01..2025-11-01: $0.097206 1,491,056 B (2.63s)
[2026-09-23 20:48:32 PDT] [1709/4295] A 6S ohlcv-1m 2026-02-01..2026-03-01: $0.087429 1,341,088 B (0.76s)
[2026-09-23 20:48:33 PDT] [1710/4295] A 6S ohlcv-1m 2026-01-01..2026-02-01: $0.092149 1,413,496 B (2.01s)
[2026-09-23 20:48:34 PDT] [1711/4295] A 6S ohlcv-1m 2026-05-01..2026-06-01: $0.089999 1,380,512 B (0.90s)
[2026-09-23 20:48:35 PDT] [1712/4295] A 6S ohlcv-1m 2026-06-01..2026-06-21: $0.061943 950,152 B (1.47s)
[2026-09-23 20:48:36 PDT] [1713/4295] A 6M ohlcv-1m 2019-05-01..2019-06-01: $0.075144 1,152,648 B (0.91s)
[2026-09-23 20:48:38 PDT] [1714/4295] A 6M ohlcv-1m 2019-06-01..2019-07-01: $0.064860 994,896 B (1.29s)
[2026-09-23 20:48:39 PDT] [1715/4295] A 6M ohlcv-1m 2019-07-01..2019-08-01: $0.065042 997,696 B (1.22s)
[2026-09-23 20:48:40 PDT] [1716/4295] A 6M ohlcv-1m 2019-08-01..2019-09-01: $0.078718 1,207,472 B (1.73s)
[2026-09-23 20:48:42 PDT] [1717/4295] A 6M ohlcv-1m 2019-09-01..2019-10-01: $0.063776 978,264 B (1.52s)
[2026-09-23 20:48:42 PDT] [1718/4295] A 6S ohlcv-1m 2026-03-01..2026-04-01: $0.097228 1,491,392 B (10.65s)
[2026-09-23 20:48:43 PDT] [1719/4295] A 6M ohlcv-1m 2019-11-01..2019-12-01: $0.061428 942,256 B (1.04s)
[2026-09-23 20:48:43 PDT] [1720/4295] A 6M ohlcv-1m 2019-10-01..2019-11-01: $0.069306 1,063,104 B (1.45s)
[2026-09-23 20:48:44 PDT] [1721/4295] A 6S ohlcv-1m 2026-04-01..2026-05-01: $0.094376 1,447,656 B (11.94s)
[2026-09-23 20:48:44 PDT] [1722/4295] A 6M ohlcv-1m 2020-01-01..2020-02-01: $0.068627 1,052,688 B (0.87s)
[2026-09-23 20:48:45 PDT] [1723/4295] A 6M ohlcv-1m 2020-02-01..2020-03-01: $0.071734 1,100,344 B (0.99s)
[2026-09-23 20:48:45 PDT] [1724/4295] A 6S ohlcv-1m 2025-03-01..2025-04-01: $0.091313 1,400,672 B (20.46s)
[2026-09-23 20:48:45 PDT] [1725/4295] A 6M ohlcv-1m 2019-12-01..2020-01-01: $0.055952 858,256 B (2.13s)
[2026-09-23 20:48:46 PDT] [1726/4295] A 6M ohlcv-1m 2020-03-01..2020-04-01: $0.086922 1,333,304 B (1.65s)
[2026-09-23 20:48:46 PDT] [1727/4295] A 6M ohlcv-1m 2020-04-01..2020-05-01: $0.077879 1,194,592 B (1.12s)
[2026-09-23 20:48:47 PDT] [1728/4295] A 6M ohlcv-1m 2020-06-01..2020-07-01: $0.082917 1,271,872 B (1.51s)
[2026-09-23 20:48:47 PDT] [1729/4295] A 6M ohlcv-1m 2020-07-01..2020-08-01: $0.080029 1,227,576 B (1.24s)
[2026-09-23 20:48:47 PDT] [1730/4295] A 6M ohlcv-1m 2020-05-01..2020-06-01: $0.074443 1,141,896 B (2.04s)
[2026-09-23 20:48:48 PDT] [1731/4295] A 6M ohlcv-1m 2020-09-01..2020-10-01: $0.081288 1,246,896 B (1.07s)
[2026-09-23 20:48:49 PDT] [1732/4295] A 6M ohlcv-1m 2020-12-01..2021-01-01: $0.084417 1,294,888 B (0.91s)
[2026-09-23 20:48:49 PDT] [1733/4295] A 6M ohlcv-1m 2020-10-01..2020-11-01: $0.087097 1,335,992 B (1.79s)
[2026-09-23 20:48:49 PDT] [1734/4295] A 6M ohlcv-1m 2020-08-01..2020-09-01: $0.071249 1,092,896 B (3.03s)
[2026-09-23 20:48:50 PDT] [1735/4295] A 6M ohlcv-1m 2021-02-01..2021-03-01: $0.081285 1,246,840 B (1.03s)
[2026-09-23 20:48:51 PDT] [1736/4295] A 6M ohlcv-1m 2021-04-01..2021-05-01: $0.078379 1,202,264 B (0.85s)
[2026-09-23 20:48:52 PDT] [1737/4295] A 6M ohlcv-1m 2021-05-01..2021-06-01: $0.075863 1,163,680 B (0.79s)
[2026-09-23 20:48:53 PDT] [1738/4295] A 6M ohlcv-1m 2021-06-01..2021-07-01: $0.075589 1,159,480 B (0.86s)
[2026-09-23 20:48:53 PDT] [1739/4295] A 6M ohlcv-1m 2020-11-01..2020-12-01: $0.086571 1,327,928 B (5.23s)
[2026-09-23 20:48:54 PDT] [1740/4295] A 6M ohlcv-1m 2021-08-01..2021-09-01: $0.073549 1,128,176 B (0.93s)
[2026-09-23 20:48:54 PDT] [1741/4295] A 6M ohlcv-1m 2021-07-01..2021-08-01: $0.077386 1,187,032 B (1.12s)
[2026-09-23 20:48:54 PDT] [1742/4295] A 6M ohlcv-1m 2021-01-01..2021-02-01: $0.082698 1,268,512 B (4.90s)
[2026-09-23 20:48:55 PDT] [1743/4295] A 6M ohlcv-1m 2021-09-01..2021-10-01: $0.067006 1,027,824 B (1.61s)
[2026-09-23 20:48:55 PDT] [1744/4295] A 6M ohlcv-1m 2021-11-01..2021-12-01: $0.076353 1,171,184 B (1.50s)
[2026-09-23 20:48:56 PDT] [1745/4295] A 6M ohlcv-1m 2021-03-01..2021-04-01: $0.091711 1,406,776 B (6.78s)
[2026-09-23 20:48:56 PDT] [1746/4295] A 6M ohlcv-1m 2022-01-01..2022-02-01: $0.071920 1,103,200 B (0.89s)
[2026-09-23 20:48:56 PDT] [1747/4295] A 6M ohlcv-1m 2021-12-01..2022-01-01: $0.070825 1,086,400 B (1.17s)
[2026-09-23 20:48:57 PDT] [1748/4295] A 6M ohlcv-1m 2022-02-01..2022-03-01: $0.070376 1,079,512 B (1.00s)
[2026-09-23 20:48:57 PDT] [1749/4295] A 6M ohlcv-1m 2022-03-01..2022-04-01: $0.083566 1,281,840 B (0.99s)
[2026-09-23 20:48:58 PDT] [1750/4295] A 6M ohlcv-1m 2022-05-01..2022-06-01: $0.085757 1,315,440 B (1.21s)
[2026-09-23 20:48:58 PDT] [1751/4295] A 6M ohlcv-1m 2022-06-01..2022-07-01: $0.082033 1,258,320 B (1.20s)
[2026-09-23 20:48:59 PDT] [1752/4295] A 6M ohlcv-1m 2022-08-01..2022-09-01: $0.080620 1,236,648 B (0.92s)
[2026-09-23 20:48:59 PDT] [1753/4295] A 6M ohlcv-1m 2022-04-01..2022-05-01: $0.072673 1,114,736 B (3.11s)
[2026-09-23 20:48:59 PDT] [1754/4295] A 6M ohlcv-1m 2021-10-01..2021-11-01: $0.071252 1,092,952 B (5.84s)
[2026-09-23 20:49:00 PDT] [1755/4295] A 6M ohlcv-1m 2022-07-01..2022-08-01: $0.079091 1,213,184 B (1.66s)
[2026-09-23 20:49:00 PDT] [1756/4295] A 6M ohlcv-1m 2022-09-01..2022-10-01: $0.080200 1,230,208 B (1.02s)
[2026-09-23 20:49:01 PDT] [1757/4295] A 6M ohlcv-1m 2022-11-01..2022-12-01: $0.078134 1,198,512 B (1.42s)
[2026-09-23 20:49:01 PDT] [1758/4295] A 6M ohlcv-1m 2022-12-01..2023-01-01: $0.068259 1,047,032 B (1.37s)
[2026-09-23 20:49:01 PDT] [1759/4295] A 6M ohlcv-1m 2022-10-01..2022-11-01: $0.080456 1,234,128 B (1.70s)
[2026-09-23 20:49:02 PDT] [1760/4295] A 6M ohlcv-1m 2023-01-01..2023-02-01: $0.070212 1,076,992 B (1.44s)
[2026-09-23 20:49:03 PDT] [1761/4295] A 6M ohlcv-1m 2023-02-01..2023-03-01: $0.066714 1,023,344 B (1.85s)
[2026-09-23 20:49:03 PDT] [1762/4295] A 6M ohlcv-1m 2023-04-01..2023-05-01: $0.066280 1,016,680 B (2.10s)
[2026-09-23 20:49:04 PDT] [1763/4295] A 6M ohlcv-1m 2023-03-01..2023-04-01: $0.085582 1,312,752 B (2.55s)
[2026-09-23 20:49:04 PDT] [1764/4295] A 6M ohlcv-1m 2023-06-01..2023-07-01: $0.068642 1,052,912 B (1.34s)
[2026-09-23 20:49:04 PDT] [1765/4295] A 6M ohlcv-1m 2023-05-01..2023-06-01: $0.077108 1,182,776 B (2.48s)
[2026-09-23 20:49:06 PDT] [1766/4295] A 6M ohlcv-1m 2023-10-01..2023-11-01: $0.087433 1,341,144 B (1.37s)
[2026-09-23 20:49:06 PDT] [1767/4295] A 6M ohlcv-1m 2023-07-01..2023-08-01: $0.074253 1,138,984 B (2.63s)
[2026-09-23 20:49:07 PDT] [1768/4295] A 6M ohlcv-1m 2023-12-01..2024-01-01: $0.070398 1,079,848 B (0.83s)
[2026-09-23 20:49:07 PDT] [1769/4295] A 6M ohlcv-1m 2023-09-01..2023-10-01: $0.075812 1,162,896 B (3.13s)
[2026-09-23 20:49:08 PDT] [1770/4295] A 6M ohlcv-1m 2023-08-01..2023-09-01: $0.085151 1,306,144 B (4.52s)
[2026-09-23 20:49:08 PDT] [1771/4295] A 6M ohlcv-1m 2024-02-01..2024-03-01: $0.073344 1,125,040 B (1.08s)
[2026-09-23 20:49:09 PDT] [1772/4295] A 6M ohlcv-1m 2023-11-01..2023-12-01: $0.080704 1,237,936 B (3.79s)
[2026-09-23 20:49:10 PDT] [1773/4295] A 6M ohlcv-1m 2024-04-01..2024-05-01: $0.083293 1,277,640 B (1.50s)
[2026-09-23 20:49:10 PDT] [1774/4295] A 6M ohlcv-1m 2024-03-01..2024-04-01: $0.064860 994,896 B (1.73s)
[2026-09-23 20:49:10 PDT] [1775/4295] A 6M ohlcv-1m 2024-01-01..2024-02-01: $0.079627 1,221,416 B (3.76s)
[2026-09-23 20:49:11 PDT] [1776/4295] A 6M ohlcv-1m 2024-06-01..2024-07-01: $0.076290 1,170,232 B (1.03s)
[2026-09-23 20:49:11 PDT] [1777/4295] A 6M ohlcv-1m 2024-05-01..2024-06-01: $0.081851 1,255,520 B (1.69s)
[2026-09-23 20:49:12 PDT] [1778/4295] A 6M ohlcv-1m 2024-07-01..2024-08-01: $0.082990 1,272,992 B (1.59s)
[2026-09-23 20:49:12 PDT] [1779/4295] A 6M ohlcv-1m 2024-09-01..2024-10-01: $0.078897 1,210,216 B (0.98s)
[2026-09-23 20:49:12 PDT] [1780/4295] A 6M ohlcv-1m 2024-08-01..2024-09-01: $0.087330 1,339,576 B (1.49s)
[2026-09-23 20:49:12 PDT] [1781/4295] A 6M ohlcv-1m 2024-11-01..2024-12-01: $0.080496 1,234,744 B (0.82s)
[2026-09-23 20:49:12 PDT] [1782/4295] A 6M ohlcv-1m 2024-10-01..2024-11-01: $0.085706 1,314,656 B (1.38s)
[2026-09-23 20:49:13 PDT] [1783/4295] A 6M ohlcv-1m 2024-12-01..2025-01-01: $0.072782 1,116,416 B (1.06s)
[2026-09-23 20:49:14 PDT] [1784/4295] A 6M ohlcv-1m 2025-02-01..2025-03-01: $0.074892 1,148,784 B (1.73s)
[2026-09-23 20:49:14 PDT] [1785/4295] A 6M ohlcv-1m 2025-04-01..2025-05-01: $0.081595 1,251,600 B (1.20s)
[2026-09-23 20:49:15 PDT] [1786/4295] A 6M ohlcv-1m 2025-03-01..2025-04-01: $0.074144 1,137,304 B (2.03s)
[2026-09-23 20:49:15 PDT] [1787/4295] A 6M ohlcv-1m 2025-05-01..2025-06-01: $0.067970 1,042,608 B (0.80s)
[2026-09-23 20:49:15 PDT] [1788/4295] A 6M ohlcv-1m 2025-06-01..2025-07-01: $0.061560 944,272 B (0.94s)
[2026-09-23 20:49:16 PDT] [1789/4295] A 6M ohlcv-1m 2025-07-01..2025-08-01: $0.070887 1,087,352 B (1.32s)
[2026-09-23 20:49:17 PDT] [1790/4295] A 6M ohlcv-1m 2025-09-01..2025-10-01: $0.065970 1,011,920 B (2.17s)
[2026-09-23 20:49:17 PDT] [1791/4295] A 6M ohlcv-1m 2025-08-01..2025-09-01: $0.064360 987,224 B (2.38s)
[2026-09-23 20:49:18 PDT] [1792/4295] A 6M ohlcv-1m 2025-01-01..2025-02-01: $0.081387 1,248,408 B (6.00s)
[2026-09-23 20:49:18 PDT] [1793/4295] A 6M ohlcv-1m 2025-12-01..2026-01-01: $0.062768 962,808 B (1.21s)
[2026-09-23 20:49:19 PDT] [1794/4295] A 6M ohlcv-1m 2025-10-01..2025-11-01: $0.072760 1,116,080 B (2.72s)
[2026-09-23 20:49:20 PDT] [1795/4295] A 6M ohlcv-1m 2026-03-01..2026-04-01: $0.095928 1,471,456 B (1.21s)
[2026-09-23 20:49:20 PDT] [1796/4295] A 6M ohlcv-1m 2026-02-01..2026-03-01: $0.077937 1,195,488 B (1.49s)
[2026-09-23 20:49:20 PDT] [1797/4295] A 6M ohlcv-1m 2025-11-01..2025-12-01: $0.062330 956,088 B (3.05s)
[2026-09-23 20:49:21 PDT] [1798/4295] A 6M ohlcv-1m 2026-04-01..2026-05-01: $0.080639 1,236,928 B (0.87s)
[2026-09-23 20:49:21 PDT] [1799/4295] A 6M ohlcv-1m 2026-05-01..2026-06-01: $0.077692 1,191,736 B (1.10s)
[2026-09-23 20:49:21 PDT] [1800/4295] A 6M ohlcv-1m 2026-06-01..2026-06-21: $0.051388 788,256 B (0.86s)
[2026-09-23 20:49:22 PDT] [1801/4295] A 6N ohlcv-1m 2019-06-01..2019-07-01: $0.071793 1,101,240 B (0.95s)
[2026-09-23 20:49:23 PDT] [1802/4295] A 6N ohlcv-1m 2019-05-01..2019-06-01: $0.081989 1,257,648 B (2.10s)
[2026-09-23 20:49:23 PDT] [1803/4295] A 6N ohlcv-1m 2019-08-01..2019-09-01: $0.086337 1,324,344 B (1.29s)
[2026-09-23 20:49:24 PDT] [1804/4295] A 6N ohlcv-1m 2019-09-01..2019-10-01: $0.075973 1,165,360 B (1.01s)
[2026-09-23 20:49:24 PDT] [1805/4295] A 6N ohlcv-1m 2019-07-01..2019-08-01: $0.083435 1,279,824 B (2.87s)
[2026-09-23 20:49:24 PDT] [1806/4295] A 6N ohlcv-1m 2019-10-01..2019-11-01: $0.089937 1,379,560 B (0.94s)
[2026-09-23 20:49:25 PDT] [1807/4295] A 6N ohlcv-1m 2020-01-01..2020-02-01: $0.082040 1,258,432 B (0.94s)
[2026-09-23 20:49:26 PDT] [1808/4295] A 6N ohlcv-1m 2019-11-01..2019-12-01: $0.078977 1,211,448 B (2.18s)
[2026-09-23 20:49:26 PDT] [1809/4295] A 6N ohlcv-1m 2020-02-01..2020-03-01: $0.079112 1,213,520 B (1.05s)
[2026-09-23 20:49:27 PDT] [1810/4295] A 6N ohlcv-1m 2020-03-01..2020-04-01: $0.099133 1,520,624 B (1.01s)
[2026-09-23 20:49:28 PDT] [1811/4295] A 6N ohlcv-1m 2019-12-01..2020-01-01: $0.074439 1,141,840 B (4.03s)
[2026-09-23 20:49:28 PDT] [1812/4295] A 6M ohlcv-1m 2026-01-01..2026-02-01: $0.074542 1,143,408 B (10.09s)
[2026-09-23 20:49:28 PDT] [1813/4295] A 6N ohlcv-1m 2020-05-01..2020-06-01: $0.091675 1,406,216 B (1.25s)
[2026-09-23 20:49:29 PDT] [1814/4295] A 6N ohlcv-1m 2020-04-01..2020-05-01: $0.091741 1,407,224 B (2.77s)
[2026-09-23 20:49:29 PDT] [1815/4295] A 6N ohlcv-1m 2020-08-01..2020-09-01: $0.091883 1,409,408 B (1.11s)
[2026-09-23 20:49:30 PDT] [1816/4295] A 6N ohlcv-1m 2020-07-01..2020-08-01: $0.099250 1,522,416 B (2.36s)
[2026-09-23 20:49:32 PDT] [1817/4295] A 6N ohlcv-1m 2020-06-01..2020-07-01: $0.097808 1,500,296 B (3.63s)
[2026-09-23 20:49:33 PDT] [1818/4295] A 6N ohlcv-1m 2020-12-01..2021-01-01: $0.090477 1,387,848 B (1.41s)
[2026-09-23 20:49:34 PDT] [1819/4295] A 6N ohlcv-1m 2021-01-01..2021-02-01: $0.090572 1,389,304 B (0.81s)
[2026-09-23 20:49:34 PDT] [1820/4295] A 6N ohlcv-1m 2020-11-01..2020-12-01: $0.090036 1,381,072 B (3.80s)
[2026-09-23 20:49:35 PDT] [1821/4295] A 6N ohlcv-1m 2021-03-01..2021-04-01: $0.100999 1,549,240 B (0.90s)
[2026-09-23 20:49:36 PDT] [1822/4295] A 6N ohlcv-1m 2021-02-01..2021-03-01: $0.089397 1,371,272 B (2.09s)
[2026-09-23 20:49:36 PDT] [1823/4295] A 6N ohlcv-1m 2021-04-01..2021-05-01: $0.091156 1,398,264 B (1.01s)
[2026-09-23 20:49:38 PDT] [1824/4295] A 6N ohlcv-1m 2020-10-01..2020-11-01: $0.088123 1,351,728 B (8.81s)
[2026-09-23 20:49:38 PDT] [1825/4295] A 6N ohlcv-1m 2021-06-01..2021-07-01: $0.088017 1,350,104 B (2.35s)
[2026-09-23 20:49:40 PDT] [1826/4295] A 6N ohlcv-1m 2021-08-01..2021-09-01: $0.095640 1,467,032 B (1.34s)
[2026-09-23 20:49:40 PDT] [1827/4295] A 6N ohlcv-1m 2021-07-01..2021-08-01: $0.093584 1,435,504 B (1.94s)
[2026-09-23 20:49:41 PDT] [1828/4295] A 6N ohlcv-1m 2021-09-01..2021-10-01: $0.093391 1,432,536 B (0.87s)
[2026-09-23 20:49:42 PDT] [1829/4295] A 6N ohlcv-1m 2020-09-01..2020-10-01: $0.090379 1,386,336 B (13.00s)
[2026-09-23 20:49:43 PDT] [1830/4295] A 6N ohlcv-1m 2021-10-01..2021-11-01: $0.094939 1,456,280 B (3.31s)
[2026-09-23 20:49:44 PDT] [1831/4295] A 6N ohlcv-1m 2021-12-01..2022-01-01: $0.088933 1,364,160 B (2.12s)
[2026-09-23 20:49:45 PDT] [1832/4295] A 6N ohlcv-1m 2021-11-01..2021-12-01: $0.095176 1,459,920 B (3.98s)
[2026-09-23 20:49:45 PDT] [1833/4295] A 6N ohlcv-1m 2022-02-01..2022-03-01: $0.090339 1,385,720 B (1.37s)
[2026-09-23 20:49:46 PDT] [1834/4295] A 6N ohlcv-1m 2022-03-01..2022-04-01: $0.099152 1,520,904 B (1.08s)
[2026-09-23 20:49:46 PDT] [1835/4295] A 6N ohlcv-1m 2021-05-01..2021-06-01: $0.088057 1,350,720 B (9.89s)
[2026-09-23 20:49:46 PDT] [1836/4295] A 6N ohlcv-1m 2022-01-01..2022-02-01: $0.091507 1,403,640 B (2.89s)
[2026-09-23 20:49:47 PDT] [1837/4295] A 6N ohlcv-1m 2022-06-01..2022-07-01: $0.096311 1,477,336 B (0.97s)
[2026-09-23 20:49:47 PDT] [1838/4295] A 6N ohlcv-1m 2022-05-01..2022-06-01: $0.100543 1,542,240 B (1.12s)
[2026-09-23 20:49:48 PDT] [1839/4295] A 6N ohlcv-1m 2022-07-01..2022-08-01: $0.095804 1,469,552 B (1.40s)
[2026-09-23 20:49:48 PDT] [1840/4295] A 6N ohlcv-1m 2022-09-01..2022-10-01: $0.101218 1,552,600 B (0.80s)
[2026-09-23 20:49:48 PDT] [1841/4295] A 6N ohlcv-1m 2022-08-01..2022-09-01: $0.105716 1,621,592 B (1.29s)
[2026-09-23 20:49:48 PDT] [1842/4295] A 6N ohlcv-1m 2022-04-01..2022-05-01: $0.089159 1,367,632 B (2.73s)
[2026-09-23 20:49:49 PDT] [1843/4295] A 6N ohlcv-1m 2022-11-01..2022-12-01: $0.101200 1,552,320 B (0.88s)
[2026-09-23 20:49:49 PDT] [1844/4295] A 6N ohlcv-1m 2022-10-01..2022-11-01: $0.101225 1,552,712 B (1.62s)
[2026-09-23 20:49:50 PDT] [1845/4295] A 6N ohlcv-1m 2023-02-01..2023-03-01: $0.091883 1,409,408 B (1.03s)
[2026-09-23 20:49:50 PDT] [1846/4295] A 6N ohlcv-1m 2022-12-01..2023-01-01: $0.092734 1,422,456 B (1.73s)
[2026-09-23 20:49:50 PDT] [1847/4295] A 6N ohlcv-1m 2023-04-01..2023-05-01: $0.088462 1,356,936 B (0.77s)
[2026-09-23 20:49:51 PDT] [1848/4295] A 6N ohlcv-1m 2023-05-01..2023-06-01: $0.102580 1,573,488 B (1.37s)
[2026-09-23 20:49:51 PDT] [1849/4295] A 6N ohlcv-1m 2023-03-01..2023-04-01: $0.101784 1,561,280 B (1.97s)
[2026-09-23 20:49:51 PDT] [1850/4295] A 6N ohlcv-1m 2023-01-01..2023-02-01: $0.094964 1,456,672 B (3.08s)
[2026-09-23 20:49:52 PDT] [1851/4295] A 6N ohlcv-1m 2023-08-01..2023-09-01: $0.105833 1,623,384 B (1.18s)
[2026-09-23 20:49:53 PDT] [1852/4295] A 6N ohlcv-1m 2023-06-01..2023-07-01: $0.089313 1,369,984 B (2.19s)
[2026-09-23 20:49:53 PDT] [1853/4295] A 6N ohlcv-1m 2023-09-01..2023-10-01: $0.093424 1,433,040 B (1.53s)
[2026-09-23 20:49:53 PDT] [1854/4295] A 6N ohlcv-1m 2023-07-01..2023-08-01: $0.097629 1,497,552 B (1.97s)
[2026-09-23 20:49:54 PDT] [1855/4295] A 6N ohlcv-1m 2023-10-01..2023-11-01: $0.102850 1,577,632 B (1.32s)
[2026-09-23 20:49:54 PDT] [1856/4295] A 6N ohlcv-1m 2023-12-01..2024-01-01: $0.090485 1,387,960 B (0.97s)
[2026-09-23 20:49:54 PDT] [1857/4295] A 6N ohlcv-1m 2024-01-01..2024-02-01: $0.100196 1,536,920 B (1.03s)
[2026-09-23 20:49:55 PDT] [1858/4295] A 6N ohlcv-1m 2024-03-01..2024-04-01: $0.087517 1,342,432 B (0.93s)
[2026-09-23 20:49:56 PDT] [1859/4295] A 6N ohlcv-1m 2024-05-01..2024-06-01: $0.101769 1,561,056 B (1.15s)
[2026-09-23 20:49:56 PDT] [1860/4295] A 6N ohlcv-1m 2024-02-01..2024-03-01: $0.097600 1,497,104 B (2.71s)
[2026-09-23 20:49:57 PDT] [1861/4295] A 6N ohlcv-1m 2024-06-01..2024-07-01: $0.086502 1,326,864 B (1.10s)
[2026-09-23 20:49:57 PDT] [1862/4295] A 6N ohlcv-1m 2024-07-01..2024-08-01: $0.103350 1,585,304 B (0.80s)
[2026-09-23 20:49:58 PDT] [1863/4295] A 6N ohlcv-1m 2023-11-01..2023-12-01: $0.100105 1,535,520 B (5.41s)
[2026-09-23 20:49:59 PDT] [1864/4295] A 6N ohlcv-1m 2024-09-01..2024-10-01: $0.092675 1,421,560 B (1.68s)
[2026-09-23 20:50:00 PDT] [1865/4295] A 6N ohlcv-1m 2024-10-01..2024-11-01: $0.106088 1,627,304 B (1.56s)
[2026-09-23 20:50:00 PDT] [1866/4295] A 6N ohlcv-1m 2024-11-01..2024-12-01: $0.095727 1,468,376 B (1.29s)
[2026-09-23 20:50:01 PDT] [1867/4295] A 6N ohlcv-1m 2024-12-01..2025-01-01: $0.092533 1,419,376 B (1.29s)
[2026-09-23 20:50:01 PDT] [1868/4295] A 6N ohlcv-1m 2025-01-01..2025-02-01: $0.100864 1,547,168 B (1.05s)
[2026-09-23 20:50:02 PDT] [1869/4295] A 6N ohlcv-1m 2024-04-01..2024-05-01: $0.100141 1,536,080 B (7.53s)
[2026-09-23 20:50:04 PDT] [1870/4295] A 6N ohlcv-1m 2024-08-01..2024-09-01: $0.100261 1,537,928 B (7.16s)
[2026-09-23 20:50:04 PDT] [1871/4295] A 6N ohlcv-1m 2025-03-01..2025-04-01: $0.094238 1,445,528 B (3.14s)
[2026-09-23 20:50:05 PDT] [1872/4295] A 6N ohlcv-1m 2025-02-01..2025-03-01: $0.092540 1,419,488 B (4.16s)
[2026-09-23 20:50:05 PDT] [1873/4295] A 6N ohlcv-1m 2025-04-01..2025-05-01: $0.101313 1,554,056 B (3.42s)
[2026-09-23 20:50:05 PDT] [1874/4295] A 6N ohlcv-1m 2025-05-01..2025-06-01: $0.102036 1,565,144 B (1.08s)
[2026-09-23 20:50:07 PDT] [1875/4295] A 6N ohlcv-1m 2025-08-01..2025-09-01: $0.093471 1,433,768 B (1.44s)
[2026-09-23 20:50:07 PDT] [1876/4295] A 6N ohlcv-1m 2025-07-01..2025-08-01: $0.103927 1,594,152 B (2.49s)
[2026-09-23 20:50:08 PDT] [1877/4295] A 6N ohlcv-1m 2025-10-01..2025-11-01: $0.101262 1,553,272 B (1.24s)
[2026-09-23 20:50:08 PDT] [1878/4295] A 6N ohlcv-1m 2025-06-01..2025-07-01: $0.094048 1,442,616 B (3.92s)
[2026-09-23 20:50:09 PDT] [1879/4295] A 6N ohlcv-1m 2025-11-01..2025-12-01: $0.086998 1,334,480 B (1.20s)
[2026-09-23 20:50:10 PDT] [1880/4295] A 6N ohlcv-1m 2026-01-01..2026-02-01: $0.095742 1,468,600 B (2.16s)
[2026-09-23 20:50:11 PDT] [1881/4295] A 6N ohlcv-1m 2026-03-01..2026-04-01: $0.102061 1,565,536 B (0.96s)
[2026-09-23 20:50:12 PDT] [1882/4295] A 6N ohlcv-1m 2025-09-01..2025-10-01: $0.093756 1,438,136 B (6.81s)
[2026-09-23 20:50:14 PDT] [1883/4295] A 6N ohlcv-1m 2026-04-01..2026-05-01: $0.096278 1,476,832 B (2.39s)
[2026-09-23 20:50:14 PDT] [1884/4295] A 6N ohlcv-1m 2025-12-01..2026-01-01: $0.091854 1,408,960 B (6.49s)
[2026-09-23 20:50:15 PDT] [1885/4295] A 6N ohlcv-1m 2026-05-01..2026-06-01: $0.093665 1,436,736 B (2.57s)
[2026-09-23 20:50:15 PDT] [1886/4295] A E7 ohlcv-1m 2019-05-01..2019-06-01: $0.070968 1,088,584 B (0.77s)
[2026-09-23 20:50:16 PDT] [1887/4295] A E7 ohlcv-1m 2019-07-01..2019-08-01: $0.065546 1,005,424 B (1.01s)
[2026-09-23 20:50:16 PDT] [1888/4295] A 6N ohlcv-1m 2026-02-01..2026-03-01: $0.091624 1,405,432 B (7.64s)
[2026-09-23 20:50:17 PDT] [1889/4295] A E7 ohlcv-1m 2019-08-01..2019-09-01: $0.065042 997,696 B (0.86s)
[2026-09-23 20:50:18 PDT] [1890/4295] A E7 ohlcv-1m 2019-10-01..2019-11-01: $0.058117 891,464 B (1.44s)
[2026-09-23 20:50:19 PDT] [1891/4295] A E7 ohlcv-1m 2019-06-01..2019-07-01: $0.066546 1,020,768 B (3.94s)
[2026-09-23 20:50:19 PDT] [1892/4295] A E7 ohlcv-1m 2019-09-01..2019-10-01: $0.051337 787,472 B (2.30s)
[2026-09-23 20:50:20 PDT] [1893/4295] A E7 ohlcv-1m 2020-01-01..2020-02-01: $0.049548 760,032 B (1.20s)
[2026-09-23 20:50:20 PDT] [1894/4295] A E7 ohlcv-1m 2019-11-01..2019-12-01: $0.050662 777,112 B (1.42s)
[2026-09-23 20:50:20 PDT] [1895/4295] A E7 ohlcv-1m 2019-12-01..2020-01-01: $0.042532 652,400 B (1.77s)
[2026-09-23 20:50:21 PDT] [1896/4295] A E7 ohlcv-1m 2020-02-01..2020-03-01: $0.055590 852,712 B (1.09s)
[2026-09-23 20:50:21 PDT] [1897/4295] A E7 ohlcv-1m 2020-04-01..2020-05-01: $0.082427 1,264,368 B (1.10s)
[2026-09-23 20:50:22 PDT] [1898/4295] A E7 ohlcv-1m 2020-03-01..2020-04-01: $0.089550 1,373,624 B (1.85s)
[2026-09-23 20:50:23 PDT] [1899/4295] A 6N ohlcv-1m 2026-06-01..2026-06-21: $0.063341 971,600 B (8.94s)
[2026-09-23 20:50:23 PDT] [1900/4295] A E7 ohlcv-1m 2020-05-01..2020-06-01: $0.079259 1,215,760 B (2.25s)
[2026-09-23 20:50:23 PDT] [1901/4295] A E7 ohlcv-1m 2020-06-01..2020-07-01: $0.080332 1,232,224 B (1.82s)
[2026-09-23 20:50:23 PDT] [1902/4295] A E7 ohlcv-1m 2020-07-01..2020-08-01: $0.086903 1,333,024 B (1.58s)
[2026-09-23 20:50:24 PDT] [1903/4295] A E7 ohlcv-1m 2020-08-01..2020-09-01: $0.083081 1,274,392 B (1.06s)
[2026-09-23 20:50:24 PDT] [1904/4295] A E7 ohlcv-1m 2020-11-01..2020-12-01: $0.079748 1,223,264 B (1.17s)
[2026-09-23 20:50:25 PDT] [1905/4295] A E7 ohlcv-1m 2020-09-01..2020-10-01: $0.082818 1,270,360 B (1.42s)
[2026-09-23 20:50:26 PDT] [1906/4295] A E7 ohlcv-1m 2020-10-01..2020-11-01: $0.082249 1,261,624 B (2.57s)
[2026-09-23 20:50:26 PDT] [1907/4295] A E7 ohlcv-1m 2021-01-01..2021-02-01: $0.077419 1,187,536 B (1.40s)
[2026-09-23 20:50:26 PDT] [1908/4295] A E7 ohlcv-1m 2021-02-01..2021-03-01: $0.074345 1,140,384 B (1.33s)
[2026-09-23 20:50:27 PDT] [1909/4295] A E7 ohlcv-1m 2021-05-01..2021-06-01: $0.069029 1,058,848 B (1.13s)
[2026-09-23 20:50:27 PDT] [1910/4295] A E7 ohlcv-1m 2021-04-01..2021-05-01: $0.070314 1,078,560 B (1.23s)
[2026-09-23 20:50:29 PDT] [1911/4295] A E7 ohlcv-1m 2020-12-01..2021-01-01: $0.082533 1,265,992 B (4.84s)
[2026-09-23 20:50:29 PDT] [1912/4295] A E7 ohlcv-1m 2021-07-01..2021-08-01: $0.065995 1,012,312 B (2.10s)
[2026-09-23 20:50:29 PDT] [1913/4295] A E7 ohlcv-1m 2021-06-01..2021-07-01: $0.066977 1,027,376 B (2.37s)
[2026-09-23 20:50:30 PDT] [1914/4295] A E7 ohlcv-1m 2021-03-01..2021-04-01: $0.078718 1,207,472 B (3.80s)
[2026-09-23 20:50:30 PDT] [1915/4295] A E7 ohlcv-1m 2021-08-01..2021-09-01: $0.060530 928,480 B (1.33s)
[2026-09-23 20:50:30 PDT] [1916/4295] A E7 ohlcv-1m 2021-11-01..2021-12-01: $0.066324 1,017,352 B (0.88s)
[2026-09-23 20:50:31 PDT] [1917/4295] A E7 ohlcv-1m 2021-10-01..2021-11-01: $0.061110 937,384 B (1.94s)
[2026-09-23 20:50:32 PDT] [1918/4295] A E7 ohlcv-1m 2021-09-01..2021-10-01: $0.055930 857,920 B (3.00s)
[2026-09-23 20:50:33 PDT] [1919/4295] A E7 ohlcv-1m 2021-12-01..2022-01-01: $0.062417 957,432 B (2.67s)
[2026-09-23 20:50:33 PDT] [1920/4295] A E7 ohlcv-1m 2022-02-01..2022-03-01: $0.066240 1,016,064 B (2.03s)
[2026-09-23 20:50:34 PDT] [1921/4295] A E7 ohlcv-1m 2022-03-01..2022-04-01: $0.074564 1,143,744 B (2.23s)
[2026-09-23 20:50:35 PDT] [1922/4295] A E7 ohlcv-1m 2022-01-01..2022-02-01: $0.069296 1,062,936 B (4.18s)
[2026-09-23 20:50:35 PDT] [1923/4295] A E7 ohlcv-1m 2022-05-01..2022-06-01: $0.075195 1,153,432 B (1.40s)
[2026-09-23 20:50:35 PDT] [1924/4295] A E7 ohlcv-1m 2022-04-01..2022-05-01: $0.061373 941,416 B (2.56s)
[2026-09-23 20:50:35 PDT] [1925/4295] A E7 ohlcv-1m 2022-06-01..2022-07-01: $0.072008 1,104,544 B (0.98s)
[2026-09-23 20:50:36 PDT] [1926/4295] A E7 ohlcv-1m 2022-07-01..2022-08-01: $0.078773 1,208,312 B (0.87s)
[2026-09-23 20:50:36 PDT] [1927/4295] A E7 ohlcv-1m 2022-08-01..2022-09-01: $0.084154 1,290,856 B (0.80s)
[2026-09-23 20:50:36 PDT] [1928/4295] A E7 ohlcv-1m 2022-09-01..2022-10-01: $0.081672 1,252,776 B (1.05s)
[2026-09-23 20:50:36 PDT] [1929/4295] A E7 ohlcv-1m 2022-10-01..2022-11-01: $0.080189 1,230,040 B (0.96s)
[2026-09-23 20:50:36 PDT] [1930/4295] A E7 ohlcv-1m 2022-12-01..2023-01-01: $0.076568 1,174,488 B (0.78s)
[2026-09-23 20:50:36 PDT] [1931/4295] A E7 ohlcv-1m 2022-11-01..2022-12-01: $0.085111 1,305,528 B (0.97s)
[2026-09-23 20:50:38 PDT] [1932/4295] A E7 ohlcv-1m 2023-01-01..2023-02-01: $0.077769 1,192,912 B (1.44s)
[2026-09-23 20:50:39 PDT] [1933/4295] A E7 ohlcv-1m 2023-05-01..2023-06-01: $0.068204 1,046,192 B (0.90s)
[2026-09-23 20:50:40 PDT] [1934/4295] A E7 ohlcv-1m 2023-02-01..2023-03-01: $0.068967 1,057,896 B (3.69s)
[2026-09-23 20:50:40 PDT] [1935/4295] A E7 ohlcv-1m 2023-04-01..2023-05-01: $0.061658 945,784 B (3.89s)
[2026-09-23 20:50:41 PDT] [1936/4295] A E7 ohlcv-1m 2023-06-01..2023-07-01: $0.056302 863,632 B (2.67s)
[2026-09-23 20:50:42 PDT] [1937/4295] A E7 ohlcv-1m 2023-07-01..2023-08-01: $0.063801 978,656 B (1.54s)
[2026-09-23 20:50:42 PDT] [1938/4295] A E7 ohlcv-1m 2023-08-01..2023-09-01: $0.070672 1,084,048 B (1.97s)
[2026-09-23 20:50:43 PDT] [1939/4295] A E7 ohlcv-1m 2023-09-01..2023-10-01: $0.060015 920,584 B (1.44s)
[2026-09-23 20:50:43 PDT] [1940/4295] A E7 ohlcv-1m 2023-10-01..2023-11-01: $0.068073 1,044,176 B (1.30s)
[2026-09-23 20:50:43 PDT] [1941/4295] A E7 ohlcv-1m 2023-11-01..2023-12-01: $0.065546 1,005,424 B (0.95s)
[2026-09-23 20:50:44 PDT] [1942/4295] A E7 ohlcv-1m 2024-01-01..2024-02-01: $0.071983 1,104,152 B (0.95s)
[2026-09-23 20:50:44 PDT] [1943/4295] A E7 ohlcv-1m 2024-02-01..2024-03-01: $0.062235 954,632 B (1.07s)
[2026-09-23 20:50:45 PDT] [1944/4295] A E7 ohlcv-1m 2023-03-01..2023-04-01: $0.077835 1,193,920 B (8.65s)
[2026-09-23 20:50:46 PDT] [1945/4295] A E7 ohlcv-1m 2024-04-01..2024-05-01: $0.058946 904,176 B (1.34s)
[2026-09-23 20:50:46 PDT] [1946/4295] A E7 ohlcv-1m 2023-12-01..2024-01-01: $0.056364 864,584 B (3.65s)
[2026-09-23 20:50:47 PDT] [1947/4295] A E7 ohlcv-1m 2024-03-01..2024-04-01: $0.048563 744,912 B (2.90s)
[2026-09-23 20:50:47 PDT] [1948/4295] A E7 ohlcv-1m 2024-06-01..2024-07-01: $0.046880 719,096 B (1.18s)
[2026-09-23 20:50:47 PDT] [1949/4295] A E7 ohlcv-1m 2024-07-01..2024-08-01: $0.057441 881,104 B (1.01s)
[2026-09-23 20:50:48 PDT] [1950/4295] A E7 ohlcv-1m 2024-09-01..2024-10-01: $0.058124 891,576 B (1.01s)
[2026-09-23 20:50:48 PDT] [1951/4295] A E7 ohlcv-1m 2024-08-01..2024-09-01: $0.063695 977,032 B (1.42s)
[2026-09-23 20:50:48 PDT] [1952/4295] A E7 ohlcv-1m 2024-10-01..2024-11-01: $0.062461 958,104 B (1.08s)
[2026-09-23 20:50:49 PDT] [1953/4295] A E7 ohlcv-1m 2024-11-01..2024-12-01: $0.069175 1,061,088 B (0.87s)
[2026-09-23 20:50:49 PDT] [1954/4295] A E7 ohlcv-1m 2025-01-01..2025-02-01: $0.067320 1,032,640 B (0.82s)
[2026-09-23 20:50:50 PDT] [1955/4295] A E7 ohlcv-1m 2024-12-01..2025-01-01: $0.068485 1,050,504 B (1.82s)
[2026-09-23 20:50:50 PDT] [1956/4295] A E7 ohlcv-1m 2025-03-01..2025-04-01: $0.065243 1,000,776 B (0.92s)
[2026-09-23 20:50:50 PDT] [1957/4295] A E7 ohlcv-1m 2025-02-01..2025-03-01: $0.057912 888,328 B (1.55s)
[2026-09-23 20:50:51 PDT] [1958/4295] A E7 ohlcv-1m 2025-06-01..2025-07-01: $0.060924 934,528 B (0.96s)
[2026-09-23 20:50:52 PDT] [1959/4295] A E7 ohlcv-1m 2025-05-01..2025-06-01: $0.068222 1,046,472 B (2.18s)
[2026-09-23 20:50:54 PDT] [1960/4295] A E7 ohlcv-1m 2025-08-01..2025-09-01: $0.053809 825,384 B (1.19s)
[2026-09-23 20:50:55 PDT] [1961/4295] A E7 ohlcv-1m 2025-04-01..2025-05-01: $0.078565 1,205,120 B (4.75s)
[2026-09-23 20:50:55 PDT] [1962/4295] A E7 ohlcv-1m 2025-09-01..2025-10-01: $0.058223 893,088 B (1.16s)
[2026-09-23 20:50:55 PDT] [1963/4295] A E7 ohlcv-1m 2024-05-01..2024-06-01: $0.056343 864,248 B (9.95s)
[2026-09-23 20:50:56 PDT] [1964/4295] A E7 ohlcv-1m 2025-12-01..2026-01-01: $0.046244 709,352 B (0.90s)
[2026-09-23 20:50:56 PDT] [1965/4295] A E7 ohlcv-1m 2025-10-01..2025-11-01: $0.062523 959,056 B (1.49s)
[2026-09-23 20:50:57 PDT] [1966/4295] A E7 ohlcv-1m 2025-11-01..2025-12-01: $0.047292 725,424 B (1.81s)
[2026-09-23 20:50:57 PDT] [1967/4295] A E7 ohlcv-1m 2026-01-01..2026-02-01: $0.055601 852,880 B (0.97s)
[2026-09-23 20:50:57 PDT] [1968/4295] A E7 ohlcv-1m 2025-07-01..2025-08-01: $0.061180 938,448 B (5.58s)
[2026-09-23 20:50:58 PDT] [1969/4295] A E7 ohlcv-1m 2026-02-01..2026-03-01: $0.054707 839,160 B (1.41s)
[2026-09-23 20:50:58 PDT] [1970/4295] A E7 ohlcv-1m 2026-05-01..2026-06-01: $0.053112 814,688 B (0.83s)
[2026-09-23 20:50:58 PDT] [1971/4295] A E7 ohlcv-1m 2026-03-01..2026-04-01: $0.073622 1,129,296 B (1.30s)
[2026-09-23 20:50:59 PDT] [1972/4295] A M6E ohlcv-1m 2019-05-01..2019-06-01: $0.077952 1,195,712 B (1.08s)
[2026-09-23 20:50:59 PDT] [1973/4295] A M6E ohlcv-1m 2019-06-01..2019-07-01: $0.070303 1,078,392 B (1.01s)
[2026-09-23 20:51:00 PDT] [1974/4295] A E7 ohlcv-1m 2026-06-01..2026-06-21: $0.038450 589,792 B (2.50s)
[2026-09-23 20:51:00 PDT] [1975/4295] A M6E ohlcv-1m 2019-07-01..2019-08-01: $0.078576 1,205,288 B (1.35s)
[2026-09-23 20:51:01 PDT] [1976/4295] A M6E ohlcv-1m 2019-09-01..2019-10-01: $0.067605 1,037,008 B (0.92s)
[2026-09-23 20:51:01 PDT] [1977/4295] A M6E ohlcv-1m 2019-08-01..2019-09-01: $0.076447 1,172,640 B (2.16s)
[2026-09-23 20:51:02 PDT] [1978/4295] A M6E ohlcv-1m 2019-10-01..2019-11-01: $0.074122 1,136,968 B (1.96s)
[2026-09-23 20:51:02 PDT] [1979/4295] A M6E ohlcv-1m 2019-11-01..2019-12-01: $0.063721 977,424 B (1.11s)
[2026-09-23 20:51:02 PDT] [1980/4295] A M6E ohlcv-1m 2019-12-01..2020-01-01: $0.060326 925,344 B (1.14s)
[2026-09-23 20:51:03 PDT] [1981/4295] A M6E ohlcv-1m 2020-02-01..2020-03-01: $0.067006 1,027,824 B (1.29s)
[2026-09-23 20:51:05 PDT] [1982/4295] A M6E ohlcv-1m 2020-04-01..2020-05-01: $0.096180 1,475,320 B (1.71s)
[2026-09-23 20:51:06 PDT] [1983/4295] A M6E ohlcv-1m 2020-03-01..2020-04-01: $0.099893 1,532,272 B (3.79s)
[2026-09-23 20:51:07 PDT] [1984/4295] A M6E ohlcv-1m 2020-05-01..2020-06-01: $0.091080 1,397,088 B (1.50s)
[2026-09-23 20:51:07 PDT] [1985/4295] A M6E ohlcv-1m 2020-06-01..2020-07-01: $0.097020 1,488,200 B (1.08s)
[2026-09-23 20:51:07 PDT] [1986/4295] A M6E ohlcv-1m 2020-01-01..2020-02-01: $0.069303 1,063,048 B (5.01s)
[2026-09-23 20:51:08 PDT] [1987/4295] A M6E ohlcv-1m 2020-08-01..2020-09-01: $0.098666 1,513,456 B (1.13s)
[2026-09-23 20:51:08 PDT] [1988/4295] A M6E ohlcv-1m 2020-09-01..2020-10-01: $0.097914 1,501,920 B (1.34s)
[2026-09-23 20:51:09 PDT] [1989/4295] A M6E ohlcv-1m 2020-07-01..2020-08-01: $0.104015 1,595,496 B (2.45s)
[2026-09-23 20:51:09 PDT] [1990/4295] A M6E ohlcv-1m 2020-10-01..2020-11-01: $0.095632 1,466,920 B (0.92s)
[2026-09-23 20:51:10 PDT] [1991/4295] A M6E ohlcv-1m 2020-12-01..2021-01-01: $0.097122 1,489,768 B (0.83s)
[2026-09-23 20:51:10 PDT] [1992/4295] A M6E ohlcv-1m 2021-01-01..2021-02-01: $0.092690 1,421,784 B (1.09s)
[2026-09-23 20:51:11 PDT] [1993/4295] A M6E ohlcv-1m 2020-11-01..2020-12-01: $0.093044 1,427,216 B (2.60s)
[2026-09-23 20:51:11 PDT] [1994/4295] A M6E ohlcv-1m 2021-03-01..2021-04-01: $0.098907 1,517,152 B (1.06s)
[2026-09-23 20:51:11 PDT] [1995/4295] A M6E ohlcv-1m 2021-02-01..2021-03-01: $0.088411 1,356,152 B (1.39s)
[2026-09-23 20:51:12 PDT] [1996/4295] A E7 ohlcv-1m 2026-04-01..2026-05-01: $0.061173 938,336 B (15.27s)
[2026-09-23 20:51:13 PDT] [1997/4295] A M6E ohlcv-1m 2021-06-01..2021-07-01: $0.086702 1,329,944 B (1.45s)
[2026-09-23 20:51:13 PDT] [1998/4295] A M6E ohlcv-1m 2021-04-01..2021-05-01: $0.091383 1,401,736 B (2.04s)
[2026-09-23 20:51:13 PDT] [1999/4295] A M6E ohlcv-1m 2021-07-01..2021-08-01: $0.088721 1,360,912 B (1.03s)
[2026-09-23 20:51:14 PDT] [2000/4295] A M6E ohlcv-1m 2021-08-01..2021-09-01: $0.083672 1,283,464 B (0.96s)
[2026-09-23 20:51:14 PDT] [2001/4295] A M6E ohlcv-1m 2021-05-01..2021-06-01: $0.087823 1,347,136 B (2.80s)
[2026-09-23 20:51:14 PDT] [2002/4295] A M6E ohlcv-1m 2021-10-01..2021-11-01: $0.083486 1,280,608 B (0.97s)
[2026-09-23 20:51:15 PDT] [2003/4295] A M6E ohlcv-1m 2022-01-01..2022-02-01: $0.091456 1,402,856 B (1.00s)
[2026-09-23 20:51:16 PDT] [2004/4295] A M6E ohlcv-1m 2022-02-01..2022-03-01: $0.087670 1,344,784 B (1.24s)
[2026-09-23 20:51:17 PDT] [2005/4295] A M6E ohlcv-1m 2021-09-01..2021-10-01: $0.080467 1,234,296 B (3.58s)
[2026-09-23 20:51:17 PDT] [2006/4295] A M6E ohlcv-1m 2021-12-01..2022-01-01: $0.087717 1,345,512 B (3.03s)
[2026-09-23 20:51:17 PDT] [2007/4295] A M6E ohlcv-1m 2021-11-01..2021-12-01: $0.089937 1,379,560 B (3.55s)
[2026-09-23 20:51:18 PDT] [2008/4295] A M6E ohlcv-1m 2022-04-01..2022-05-01: $0.091200 1,398,936 B (1.64s)
[2026-09-23 20:51:19 PDT] [2009/4295] A M6E ohlcv-1m 2022-05-01..2022-06-01: $0.100083 1,535,184 B (1.84s)
[2026-09-23 20:51:19 PDT] [2010/4295] A M6E ohlcv-1m 2022-06-01..2022-07-01: $0.097089 1,489,264 B (1.73s)
[2026-09-23 20:51:20 PDT] [2011/4295] A M6E ohlcv-1m 2022-08-01..2022-09-01: $0.106420 1,632,400 B (1.03s)
[2026-09-23 20:51:20 PDT] [2012/4295] A M6E ohlcv-1m 2022-09-01..2022-10-01: $0.101222 1,552,656 B (1.46s)
[2026-09-23 20:51:21 PDT] [2013/4295] A M6E ohlcv-1m 2022-11-01..2022-12-01: $0.104653 1,605,296 B (0.79s)
[2026-09-23 20:51:22 PDT] [2014/4295] A M6E ohlcv-1m 2022-03-01..2022-04-01: $0.105402 1,616,776 B (5.24s)
[2026-09-23 20:51:22 PDT] [2015/4295] A M6E ohlcv-1m 2022-12-01..2023-01-01: $0.097739 1,499,232 B (1.24s)
[2026-09-23 20:51:23 PDT] [2016/4295] A M6E ohlcv-1m 2022-07-01..2022-08-01: $0.098659 1,513,344 B (4.79s)
[2026-09-23 20:51:24 PDT] [2017/4295] A M6E ohlcv-1m 2023-01-01..2023-02-01: $0.099586 1,527,568 B (2.37s)
[2026-09-23 20:51:25 PDT] [2018/4295] A M6E ohlcv-1m 2023-04-01..2023-05-01: $0.088626 1,359,456 B (0.87s)
[2026-09-23 20:51:26 PDT] [2019/4295] A M6E ohlcv-1m 2023-05-01..2023-06-01: $0.101331 1,554,336 B (1.48s)
[2026-09-23 20:51:28 PDT] [2020/4295] A M6E ohlcv-1m 2022-10-01..2022-11-01: $0.101273 1,553,440 B (8.22s)
[2026-09-23 20:51:29 PDT] [2021/4295] A M6E ohlcv-1m 2023-02-01..2023-03-01: $0.091898 1,409,632 B (6.37s)
[2026-09-23 20:51:30 PDT] [2022/4295] A M6E ohlcv-1m 2023-07-01..2023-08-01: $0.092748 1,422,680 B (1.79s)
[2026-09-23 20:51:30 PDT] [2023/4295] A M6E ohlcv-1m 2023-08-01..2023-09-01: $0.102857 1,577,744 B (1.34s)
[2026-09-23 20:51:32 PDT] [2024/4295] A M6E ohlcv-1m 2023-03-01..2023-04-01: $0.104190 1,598,184 B (8.49s)
[2026-09-23 20:51:32 PDT] [2025/4295] A M6E ohlcv-1m 2023-10-01..2023-11-01: $0.099024 1,518,944 B (1.79s)
[2026-09-23 20:51:32 PDT] [2026/4295] A M6E ohlcv-1m 2023-09-01..2023-10-01: $0.087655 1,344,560 B (2.03s)
[2026-09-23 20:51:33 PDT] [2027/4295] A M6E ohlcv-1m 2023-06-01..2023-07-01: $0.087568 1,343,216 B (6.25s)
[2026-09-23 20:51:33 PDT] [2028/4295] A M6E ohlcv-1m 2023-11-01..2023-12-01: $0.097104 1,489,488 B (1.42s)
[2026-09-23 20:51:33 PDT] [2029/4295] A M6E ohlcv-1m 2024-01-01..2024-02-01: $0.100053 1,534,736 B (1.08s)
[2026-09-23 20:51:33 PDT] [2030/4295] A M6E ohlcv-1m 2023-12-01..2024-01-01: $0.086692 1,329,776 B (1.15s)
[2026-09-23 20:51:34 PDT] [2031/4295] A M6E ohlcv-1m 2024-02-01..2024-03-01: $0.089999 1,380,512 B (0.97s)
[2026-09-23 20:51:34 PDT] [2032/4295] A M6E ohlcv-1m 2024-05-01..2024-06-01: $0.091741 1,407,224 B (1.05s)
[2026-09-23 20:51:34 PDT] [2033/4295] A M6E ohlcv-1m 2024-06-01..2024-07-01: $0.078656 1,206,520 B (0.80s)
[2026-09-23 20:51:34 PDT] [2034/4295] A M6E ohlcv-1m 2024-04-01..2024-05-01: $0.093898 1,440,320 B (1.39s)
[2026-09-23 20:51:35 PDT] [2035/4295] A M6E ohlcv-1m 2024-07-01..2024-08-01: $0.092149 1,413,496 B (1.03s)
[2026-09-23 20:51:37 PDT] [2036/4295] A M6E ohlcv-1m 2024-10-01..2024-11-01: $0.095293 1,461,712 B (1.47s)
[2026-09-23 20:51:37 PDT] [2037/4295] A M6E ohlcv-1m 2024-09-01..2024-10-01: $0.085421 1,310,288 B (2.38s)
[2026-09-23 20:51:37 PDT] [2038/4295] A M6E ohlcv-1m 2024-08-01..2024-09-01: $0.092504 1,418,928 B (2.73s)
[2026-09-23 20:51:37 PDT] [2039/4295] A M6E ohlcv-1m 2024-03-01..2024-04-01: $0.079434 1,218,448 B (4.09s)
[2026-09-23 20:51:38 PDT] [2040/4295] A M6E ohlcv-1m 2025-01-01..2025-02-01: $0.099221 1,521,968 B (0.81s)
[2026-09-23 20:51:38 PDT] [2041/4295] A M6E ohlcv-1m 2024-12-01..2025-01-01: $0.089189 1,368,080 B (1.42s)
[2026-09-23 20:51:38 PDT] [2042/4295] A M6E ohlcv-1m 2025-02-01..2025-03-01: $0.092233 1,414,784 B (1.20s)
[2026-09-23 20:51:39 PDT] [2043/4295] A M6E ohlcv-1m 2024-11-01..2024-12-01: $0.093467 1,433,712 B (1.96s)
[2026-09-23 20:51:39 PDT] [2044/4295] A M6E ohlcv-1m 2025-03-01..2025-04-01: $0.096067 1,473,584 B (1.61s)
[2026-09-23 20:51:40 PDT] [2045/4295] A M6E ohlcv-1m 2025-04-01..2025-05-01: $0.104135 1,597,344 B (1.56s)
[2026-09-23 20:51:40 PDT] [2046/4295] A M6E ohlcv-1m 2025-05-01..2025-06-01: $0.106274 1,630,160 B (1.93s)
[2026-09-23 20:51:40 PDT] [2047/4295] A M6E ohlcv-1m 2025-06-01..2025-07-01: $0.098885 1,516,816 B (1.69s)
[2026-09-23 20:51:41 PDT] [2048/4295] A M6E ohlcv-1m 2025-08-01..2025-09-01: $0.097060 1,488,816 B (1.33s)
[2026-09-23 20:51:42 PDT] [2049/4295] A M6E ohlcv-1m 2025-09-01..2025-10-01: $0.097556 1,496,432 B (1.62s)
[2026-09-23 20:51:43 PDT] [2050/4295] A M6E ohlcv-1m 2025-12-01..2026-01-01: $0.089868 1,378,496 B (0.92s)
[2026-09-23 20:51:43 PDT] [2051/4295] A M6E ohlcv-1m 2025-07-01..2025-08-01: $0.107625 1,650,880 B (3.77s)
[2026-09-23 20:51:43 PDT] [2052/4295] A M6E ohlcv-1m 2025-11-01..2025-12-01: $0.083373 1,278,872 B (2.29s)
[2026-09-23 20:51:45 PDT] [2053/4295] A M6E ohlcv-1m 2026-03-01..2026-04-01: $0.100893 1,547,616 B (1.31s)
[2026-09-23 20:51:45 PDT] [2054/4295] A M6E ohlcv-1m 2026-01-01..2026-02-01: $0.094595 1,451,016 B (2.33s)
[2026-09-23 20:51:45 PDT] [2055/4295] A M6E ohlcv-1m 2025-10-01..2025-11-01: $0.103025 1,580,320 B (5.12s)
[2026-09-23 20:51:47 PDT] [2056/4295] A M6E ohlcv-1m 2026-05-01..2026-06-01: $0.086082 1,320,424 B (1.86s)
[2026-09-23 20:51:47 PDT] [2057/4295] A M6E ohlcv-1m 2026-04-01..2026-05-01: $0.093949 1,441,104 B (2.58s)
[2026-09-23 20:51:48 PDT] [2058/4295] A M6A ohlcv-1m 2019-06-01..2019-07-01: $0.050297 771,512 B (0.95s)
[2026-09-23 20:51:49 PDT] [2059/4295] A M6A ohlcv-1m 2019-05-01..2019-06-01: $0.061961 950,432 B (2.25s)
[2026-09-23 20:51:50 PDT] [2060/4295] A M6A ohlcv-1m 2019-07-01..2019-08-01: $0.058391 895,664 B (1.61s)
[2026-09-23 20:51:51 PDT] [2061/4295] A M6A ohlcv-1m 2019-09-01..2019-10-01: $0.043941 674,016 B (1.05s)
[2026-09-23 20:51:52 PDT] [2062/4295] A M6E ohlcv-1m 2026-06-01..2026-06-21: $0.056981 874,048 B (6.61s)
[2026-09-23 20:51:52 PDT] [2063/4295] A M6A ohlcv-1m 2019-08-01..2019-09-01: $0.056890 872,648 B (2.92s)
[2026-09-23 20:51:53 PDT] [2064/4295] A M6E ohlcv-1m 2026-02-01..2026-03-01: $0.089740 1,376,536 B (10.05s)
[2026-09-23 20:51:54 PDT] [2065/4295] A M6A ohlcv-1m 2019-10-01..2019-11-01: $0.056222 862,400 B (3.02s)
[2026-09-23 20:51:55 PDT] [2066/4295] A M6A ohlcv-1m 2020-02-01..2020-03-01: $0.054904 842,184 B (1.11s)
[2026-09-23 20:51:55 PDT] [2067/4295] A M6A ohlcv-1m 2019-12-01..2020-01-01: $0.041634 638,624 B (3.13s)
[2026-09-23 20:51:56 PDT] [2068/4295] A M6A ohlcv-1m 2020-01-01..2020-02-01: $0.054499 835,968 B (2.80s)
[2026-09-23 20:51:56 PDT] [2069/4295] A M6A ohlcv-1m 2020-04-01..2020-05-01: $0.093248 1,430,352 B (1.14s)
[2026-09-23 20:51:57 PDT] [2070/4295] A M6A ohlcv-1m 2019-11-01..2019-12-01: $0.044675 685,272 B (5.37s)
[2026-09-23 20:51:58 PDT] [2071/4295] A M6A ohlcv-1m 2020-03-01..2020-04-01: $0.091149 1,398,152 B (2.72s)
[2026-09-23 20:51:58 PDT] [2072/4295] A M6A ohlcv-1m 2020-06-01..2020-07-01: $0.095873 1,470,616 B (1.78s)
[2026-09-23 20:52:01 PDT] [2073/4295] A M6A ohlcv-1m 2020-08-01..2020-09-01: $0.088207 1,353,016 B (2.97s)
[2026-09-23 20:52:02 PDT] [2074/4295] A M6A ohlcv-1m 2020-07-01..2020-08-01: $0.097859 1,501,080 B (4.35s)
[2026-09-23 20:52:02 PDT] [2075/4295] A M6A ohlcv-1m 2020-10-01..2020-11-01: $0.085542 1,312,136 B (1.17s)
[2026-09-23 20:52:02 PDT] [2076/4295] A M6A ohlcv-1m 2020-05-01..2020-06-01: $0.089952 1,379,784 B (6.37s)
[2026-09-23 20:52:03 PDT] [2077/4295] A M6A ohlcv-1m 2021-01-01..2021-02-01: $0.087298 1,339,072 B (0.95s)
[2026-09-23 20:52:03 PDT] [2078/4295] A M6A ohlcv-1m 2020-12-01..2021-01-01: $0.090485 1,387,960 B (1.56s)
[2026-09-23 20:52:04 PDT] [2079/4295] A M6A ohlcv-1m 2020-09-01..2020-10-01: $0.086283 1,323,504 B (5.44s)
[2026-09-23 20:52:04 PDT] [2080/4295] A M6A ohlcv-1m 2020-11-01..2020-12-01: $0.087239 1,338,176 B (2.15s)
[2026-09-23 20:52:05 PDT] [2081/4295] A M6A ohlcv-1m 2021-03-01..2021-04-01: $0.095023 1,457,568 B (1.06s)
[2026-09-23 20:52:05 PDT] [2082/4295] A M6A ohlcv-1m 2021-02-01..2021-03-01: $0.080478 1,234,464 B (1.27s)
[2026-09-23 20:52:05 PDT] [2083/4295] A M6A ohlcv-1m 2021-05-01..2021-06-01: $0.079302 1,216,432 B (0.97s)
[2026-09-23 20:52:06 PDT] [2084/4295] A M6A ohlcv-1m 2021-04-01..2021-05-01: $0.085279 1,308,104 B (2.89s)
[2026-09-23 20:52:07 PDT] [2085/4295] A M6A ohlcv-1m 2021-06-01..2021-07-01: $0.072172 1,107,064 B (2.25s)
[2026-09-23 20:52:09 PDT] [2086/4295] A M6A ohlcv-1m 2021-10-01..2021-11-01: $0.080069 1,228,192 B (1.85s)
[2026-09-23 20:52:09 PDT] [2087/4295] A M6A ohlcv-1m 2021-07-01..2021-08-01: $0.077722 1,192,184 B (4.04s)
[2026-09-23 20:52:10 PDT] [2088/4295] A M6A ohlcv-1m 2021-11-01..2021-12-01: $0.082986 1,272,936 B (1.06s)
[2026-09-23 20:52:10 PDT] [2089/4295] A M6A ohlcv-1m 2021-12-01..2022-01-01: $0.075414 1,156,792 B (1.23s)
[2026-09-23 20:52:11 PDT] [2090/4295] A M6A ohlcv-1m 2022-02-01..2022-03-01: $0.080273 1,231,328 B (1.00s)
[2026-09-23 20:52:11 PDT] [2091/4295] A M6A ohlcv-1m 2022-01-01..2022-02-01: $0.079295 1,216,320 B (1.42s)
[2026-09-23 20:52:13 PDT] [2092/4295] A M6A ohlcv-1m 2022-04-01..2022-05-01: $0.086622 1,328,712 B (1.64s)
[2026-09-23 20:52:13 PDT] [2093/4295] A M6A ohlcv-1m 2022-03-01..2022-04-01: $0.090390 1,386,504 B (2.18s)
[2026-09-23 20:52:13 PDT] [2094/4295] A M6A ohlcv-1m 2021-09-01..2021-10-01: $0.074031 1,135,568 B (6.69s)
[2026-09-23 20:52:13 PDT] [2095/4295] A M6A ohlcv-1m 2021-08-01..2021-09-01: $0.074538 1,143,352 B (8.53s)
[2026-09-23 20:52:14 PDT] [2096/4295] A M6A ohlcv-1m 2022-08-01..2022-09-01: $0.092259 1,415,176 B (0.88s)
[2026-09-23 20:52:14 PDT] [2097/4295] A M6A ohlcv-1m 2022-06-01..2022-07-01: $0.089368 1,370,824 B (1.33s)
[2026-09-23 20:52:15 PDT] [2098/4295] A M6A ohlcv-1m 2022-07-01..2022-08-01: $0.086257 1,323,112 B (1.53s)
[2026-09-23 20:52:15 PDT] [2099/4295] A M6A ohlcv-1m 2022-05-01..2022-06-01: $0.094464 1,449,000 B (2.27s)
[2026-09-23 20:52:16 PDT] [2100/4295] A M6A ohlcv-1m 2022-10-01..2022-11-01: $0.091941 1,410,304 B (1.42s)
[2026-09-23 20:52:16 PDT] [2101/4295] A M6A ohlcv-1m 2022-11-01..2022-12-01: $0.093807 1,438,920 B (1.19s)
[2026-09-23 20:52:16 PDT] [2102/4295] A M6A ohlcv-1m 2022-12-01..2023-01-01: $0.087695 1,345,176 B (1.09s)
[2026-09-23 20:52:17 PDT] [2103/4295] A M6A ohlcv-1m 2022-09-01..2022-10-01: $0.089251 1,369,032 B (2.73s)
[2026-09-23 20:52:17 PDT] [2104/4295] A M6A ohlcv-1m 2023-02-01..2023-03-01: $0.085812 1,316,280 B (1.16s)
[2026-09-23 20:52:18 PDT] [2105/4295] A M6A ohlcv-1m 2023-05-01..2023-06-01: $0.085337 1,309,000 B (1.20s)
[2026-09-23 20:52:19 PDT] [2106/4295] A M6A ohlcv-1m 2023-03-01..2023-04-01: $0.092387 1,417,136 B (2.66s)
[2026-09-23 20:52:19 PDT] [2107/4295] A M6A ohlcv-1m 2023-04-01..2023-05-01: $0.077696 1,191,792 B (2.01s)
[2026-09-23 20:52:20 PDT] [2108/4295] A M6A ohlcv-1m 2023-06-01..2023-07-01: $0.074757 1,146,712 B (1.41s)
[2026-09-23 20:52:20 PDT] [2109/4295] A M6A ohlcv-1m 2023-07-01..2023-08-01: $0.084410 1,294,776 B (0.88s)
[2026-09-23 20:52:21 PDT] [2110/4295] A M6A ohlcv-1m 2023-10-01..2023-11-01: $0.091624 1,405,432 B (1.07s)
[2026-09-23 20:52:22 PDT] [2111/4295] A M6A ohlcv-1m 2023-09-01..2023-10-01: $0.076623 1,175,328 B (2.46s)
[2026-09-23 20:52:23 PDT] [2112/4295] A M6A ohlcv-1m 2023-01-01..2023-02-01: $0.090868 1,393,840 B (6.88s)
[2026-09-23 20:52:23 PDT] [2113/4295] A M6A ohlcv-1m 2023-08-01..2023-09-01: $0.092854 1,424,304 B (4.16s)
[2026-09-23 20:52:23 PDT] [2114/4295] A M6A ohlcv-1m 2023-12-01..2024-01-01: $0.075841 1,163,344 B (1.23s)
[2026-09-23 20:52:24 PDT] [2115/4295] A M6A ohlcv-1m 2023-11-01..2023-12-01: $0.088539 1,358,112 B (2.90s)
[2026-09-23 20:52:24 PDT] [2116/4295] A M6A ohlcv-1m 2024-01-01..2024-02-01: $0.091489 1,403,360 B (1.64s)
[2026-09-23 20:52:25 PDT] [2117/4295] A M6A ohlcv-1m 2024-03-01..2024-04-01: $0.070990 1,088,920 B (1.44s)
[2026-09-23 20:52:25 PDT] [2118/4295] A M6A ohlcv-1m 2024-02-01..2024-03-01: $0.081960 1,257,200 B (1.89s)
[2026-09-23 20:52:26 PDT] [2119/4295] A M6A ohlcv-1m 2024-04-01..2024-05-01: $0.089123 1,367,072 B (1.92s)
[2026-09-23 20:52:26 PDT] [2120/4295] A M6A ohlcv-1m 2024-07-01..2024-08-01: $0.079565 1,220,464 B (1.12s)
[2026-09-23 20:52:27 PDT] [2121/4295] A M6A ohlcv-1m 2024-08-01..2024-09-01: $0.083764 1,284,864 B (1.24s)
[2026-09-23 20:52:27 PDT] [2122/4295] A M6A ohlcv-1m 2024-06-01..2024-07-01: $0.067718 1,038,744 B (2.30s)
[2026-09-23 20:52:27 PDT] [2123/4295] A M6A ohlcv-1m 2024-09-01..2024-10-01: $0.075217 1,153,768 B (0.97s)
[2026-09-23 20:52:28 PDT] [2124/4295] A M6A ohlcv-1m 2024-10-01..2024-11-01: $0.086002 1,319,192 B (1.02s)
[2026-09-23 20:52:28 PDT] [2125/4295] A M6A ohlcv-1m 2024-05-01..2024-06-01: $0.084753 1,300,040 B (3.63s)
[2026-09-23 20:52:28 PDT] [2126/4295] A M6A ohlcv-1m 2024-11-01..2024-12-01: $0.079806 1,224,160 B (0.96s)
[2026-09-23 20:52:29 PDT] [2127/4295] A M6A ohlcv-1m 2025-02-01..2025-03-01: $0.074589 1,144,136 B (1.31s)
[2026-09-23 20:52:29 PDT] [2128/4295] A M6A ohlcv-1m 2025-03-01..2025-04-01: $0.077203 1,184,232 B (1.34s)
[2026-09-23 20:52:30 PDT] [2129/4295] A M6A ohlcv-1m 2025-04-01..2025-05-01: $0.092047 1,411,928 B (1.02s)
[2026-09-23 20:52:31 PDT] [2130/4295] A M6A ohlcv-1m 2025-05-01..2025-06-01: $0.084552 1,296,960 B (1.34s)
[2026-09-23 20:52:32 PDT] [2131/4295] A M6A ohlcv-1m 2025-06-01..2025-07-01: $0.072446 1,111,264 B (1.18s)
[2026-09-23 20:52:32 PDT] [2132/4295] A M6A ohlcv-1m 2025-07-01..2025-08-01: $0.079018 1,212,064 B (0.93s)
[2026-09-23 20:52:33 PDT] [2133/4295] A M6A ohlcv-1m 2025-09-01..2025-10-01: $0.059022 905,352 B (1.05s)
[2026-09-23 20:52:34 PDT] [2134/4295] A M6A ohlcv-1m 2025-10-01..2025-11-01: $0.066003 1,012,424 B (1.17s)
[2026-09-23 20:52:34 PDT] [2135/4295] A M6A ohlcv-1m 2025-01-01..2025-02-01: $0.081120 1,244,320 B (6.52s)
[2026-09-23 20:52:35 PDT] [2136/4295] A M6A ohlcv-1m 2025-11-01..2025-12-01: $0.053911 826,952 B (1.40s)
[2026-09-23 20:52:36 PDT] [2137/4295] A M6A ohlcv-1m 2025-12-01..2026-01-01: $0.052776 809,536 B (1.75s)
[2026-09-23 20:52:36 PDT] [2138/4295] A M6A ohlcv-1m 2026-01-01..2026-02-01: $0.065627 1,006,656 B (0.88s)
[2026-09-23 20:52:37 PDT] [2139/4295] A M6A ohlcv-1m 2026-03-01..2026-04-01: $0.086578 1,328,040 B (1.06s)
[2026-09-23 20:52:37 PDT] [2140/4295] A M6A ohlcv-1m 2026-02-01..2026-03-01: $0.073202 1,122,856 B (1.25s)
[2026-09-23 20:52:39 PDT] [2141/4295] A M6A ohlcv-1m 2026-05-01..2026-06-01: $0.061373 941,416 B (2.05s)
[2026-09-23 20:52:40 PDT] [2142/4295] A M6A ohlcv-1m 2026-04-01..2026-05-01: $0.070683 1,084,216 B (2.33s)
[2026-09-23 20:52:41 PDT] [2143/4295] A M6B ohlcv-1m 2019-05-01..2019-06-01: $0.030721 471,240 B (0.98s)
[2026-09-23 20:52:41 PDT] [2144/4295] A M6A ohlcv-1m 2026-06-01..2026-06-21: $0.037902 581,392 B (1.41s)
[2026-09-23 20:52:41 PDT] [2145/4295] A M6B ohlcv-1m 2019-06-01..2019-07-01: $0.027677 424,536 B (0.97s)
[2026-09-23 20:52:42 PDT] [2146/4295] A M6B ohlcv-1m 2019-07-01..2019-08-01: $0.033160 508,648 B (1.24s)
[2026-09-23 20:52:43 PDT] [2147/4295] A M6B ohlcv-1m 2019-09-01..2019-10-01: $0.031415 481,880 B (1.14s)
[2026-09-23 20:52:45 PDT] [2148/4295] A M6B ohlcv-1m 2019-10-01..2019-11-01: $0.048198 739,312 B (1.36s)
[2026-09-23 20:52:46 PDT] [2149/4295] A M6B ohlcv-1m 2019-08-01..2019-09-01: $0.035080 538,104 B (4.25s)
[2026-09-23 20:52:46 PDT] [2150/4295] A M6B ohlcv-1m 2019-11-01..2019-12-01: $0.031050 476,280 B (1.41s)
[2026-09-23 20:52:47 PDT] [2151/4295] A M6B ohlcv-1m 2020-01-01..2020-02-01: $0.032101 492,408 B (1.24s)
[2026-09-23 20:52:48 PDT] [2152/4295] A M6B ohlcv-1m 2020-02-01..2020-03-01: $0.028713 440,440 B (1.29s)
[2026-09-23 20:52:50 PDT] [2153/4295] A M6A ohlcv-1m 2024-12-01..2025-01-01: $0.074356 1,140,552 B (22.55s)
[2026-09-23 20:52:51 PDT] [2154/4295] A M6A ohlcv-1m 2025-08-01..2025-09-01: $0.062315 955,864 B (19.32s)
[2026-09-23 20:52:51 PDT] [2155/4295] A M6B ohlcv-1m 2020-04-01..2020-05-01: $0.048552 744,744 B (1.19s)
[2026-09-23 20:52:51 PDT] [2156/4295] A M6B ohlcv-1m 2020-03-01..2020-04-01: $0.041575 637,728 B (2.94s)
[2026-09-23 20:52:52 PDT] [2157/4295] A M6B ohlcv-1m 2020-05-01..2020-06-01: $0.057701 885,080 B (1.13s)
[2026-09-23 20:52:53 PDT] [2158/4295] A M6B ohlcv-1m 2020-07-01..2020-08-01: $0.056708 869,848 B (1.18s)
[2026-09-23 20:52:53 PDT] [2159/4295] A M6B ohlcv-1m 2020-09-01..2020-10-01: $0.062899 964,824 B (0.80s)
[2026-09-23 20:52:54 PDT] [2160/4295] A M6B ohlcv-1m 2020-08-01..2020-09-01: $0.051374 788,032 B (1.78s)
[2026-09-23 20:52:54 PDT] [2161/4295] A M6B ohlcv-1m 2020-10-01..2020-11-01: $0.049519 759,584 B (0.95s)
[2026-09-23 20:52:55 PDT] [2162/4295] A M6B ohlcv-1m 2020-11-01..2020-12-01: $0.050790 779,072 B (1.67s)
[2026-09-23 20:52:56 PDT] [2163/4295] A M6B ohlcv-1m 2020-12-01..2021-01-01: $0.061366 941,304 B (1.81s)
[2026-09-23 20:52:58 PDT] [2164/4295] A M6B ohlcv-1m 2021-01-01..2021-02-01: $0.048917 750,344 B (2.38s)
[2026-09-23 20:52:59 PDT] [2165/4295] A M6B ohlcv-1m 2021-02-01..2021-03-01: $0.047475 728,224 B (3.04s)
[2026-09-23 20:53:00 PDT] [2166/4295] A M6B ohlcv-1m 2021-03-01..2021-04-01: $0.050735 778,232 B (2.06s)
[2026-09-23 20:53:00 PDT] [2167/4295] A M6B ohlcv-1m 2019-12-01..2020-01-01: $0.031769 487,312 B (14.15s)
[2026-09-23 20:53:01 PDT] [2168/4295] A M6B ohlcv-1m 2021-04-01..2021-05-01: $0.047449 727,832 B (1.34s)
[2026-09-23 20:53:01 PDT] [2169/4295] A M6B ohlcv-1m 2021-06-01..2021-07-01: $0.045025 690,648 B (0.92s)
[2026-09-23 20:53:02 PDT] [2170/4295] A M6B ohlcv-1m 2021-05-01..2021-06-01: $0.049030 752,080 B (1.91s)
[2026-09-23 20:53:02 PDT] [2171/4295] A M6B ohlcv-1m 2021-08-01..2021-09-01: $0.043539 667,856 B (1.14s)
[2026-09-23 20:53:02 PDT] [2172/4295] A M6B ohlcv-1m 2021-07-01..2021-08-01: $0.050994 782,208 B (1.83s)
[2026-09-23 20:53:03 PDT] [2173/4295] A M6B ohlcv-1m 2021-09-01..2021-10-01: $0.042466 651,392 B (1.21s)
[2026-09-23 20:53:03 PDT] [2174/4295] A M6B ohlcv-1m 2020-06-01..2020-07-01: $0.051005 782,376 B (12.46s)
[2026-09-23 20:53:04 PDT] [2175/4295] A M6B ohlcv-1m 2021-12-01..2022-01-01: $0.048125 738,192 B (1.16s)
[2026-09-23 20:53:04 PDT] [2176/4295] A M6B ohlcv-1m 2021-11-01..2021-12-01: $0.061224 939,120 B (2.02s)
[2026-09-23 20:53:05 PDT] [2177/4295] A M6B ohlcv-1m 2022-01-01..2022-02-01: $0.044321 679,840 B (1.17s)
[2026-09-23 20:53:05 PDT] [2178/4295] A M6B ohlcv-1m 2022-02-01..2022-03-01: $0.038231 586,432 B (1.20s)
[2026-09-23 20:53:06 PDT] [2179/4295] A M6B ohlcv-1m 2022-05-01..2022-06-01: $0.054667 838,544 B (1.14s)
[2026-09-23 20:53:07 PDT] [2180/4295] A M6B ohlcv-1m 2022-03-01..2022-04-01: $0.044207 678,104 B (2.34s)
[2026-09-23 20:53:07 PDT] [2181/4295] A M6B ohlcv-1m 2021-10-01..2021-11-01: $0.053331 818,048 B (4.90s)
[2026-09-23 20:53:08 PDT] [2182/4295] A M6B ohlcv-1m 2022-06-01..2022-07-01: $0.058288 894,096 B (1.13s)
[2026-09-23 20:53:08 PDT] [2183/4295] A M6B ohlcv-1m 2022-07-01..2022-08-01: $0.061592 944,776 B (1.15s)
[2026-09-23 20:53:09 PDT] [2184/4295] A M6B ohlcv-1m 2022-08-01..2022-09-01: $0.060720 931,392 B (1.70s)
[2026-09-23 20:53:09 PDT] [2185/4295] A M6B ohlcv-1m 2022-10-01..2022-11-01: $0.082468 1,264,984 B (1.17s)
[2026-09-23 20:53:09 PDT] [2186/4295] A M6B ohlcv-1m 2022-09-01..2022-10-01: $0.070968 1,088,584 B (1.54s)
[2026-09-23 20:53:09 PDT] [2187/4295] A M6B ohlcv-1m 2022-04-01..2022-05-01: $0.038260 586,880 B (4.90s)
[2026-09-23 20:53:10 PDT] [2188/4295] A M6B ohlcv-1m 2022-11-01..2022-12-01: $0.065729 1,008,224 B (1.36s)
[2026-09-23 20:53:11 PDT] [2189/4295] A M6B ohlcv-1m 2022-12-01..2023-01-01: $0.062301 955,640 B (1.46s)
[2026-09-23 20:53:11 PDT] [2190/4295] A M6B ohlcv-1m 2023-01-01..2023-02-01: $0.057003 874,384 B (1.71s)
[2026-09-23 20:53:12 PDT] [2191/4295] A M6B ohlcv-1m 2023-04-01..2023-05-01: $0.041666 639,128 B (1.36s)
[2026-09-23 20:53:12 PDT] [2192/4295] A M6B ohlcv-1m 2023-03-01..2023-04-01: $0.052969 812,504 B (2.17s)
[2026-09-23 20:53:13 PDT] [2193/4295] A M6B ohlcv-1m 2023-06-01..2023-07-01: $0.039326 603,232 B (1.03s)
[2026-09-23 20:53:13 PDT] [2194/4295] A M6B ohlcv-1m 2023-07-01..2023-08-01: $0.044850 687,960 B (1.01s)
[2026-09-23 20:53:14 PDT] [2195/4295] A M6B ohlcv-1m 2023-02-01..2023-03-01: $0.050483 774,368 B (4.09s)
[2026-09-23 20:53:14 PDT] [2196/4295] A M6B ohlcv-1m 2023-05-01..2023-06-01: $0.044328 679,952 B (2.74s)
[2026-09-23 20:53:14 PDT] [2197/4295] A M6B ohlcv-1m 2023-09-01..2023-10-01: $0.039538 606,480 B (1.18s)
[2026-09-23 20:53:15 PDT] [2198/4295] A M6B ohlcv-1m 2023-08-01..2023-09-01: $0.047132 722,960 B (1.60s)
[2026-09-23 20:53:16 PDT] [2199/4295] A M6B ohlcv-1m 2024-01-01..2024-02-01: $0.055280 847,952 B (1.46s)
[2026-09-23 20:53:17 PDT] [2200/4295] A M6B ohlcv-1m 2023-11-01..2023-12-01: $0.048183 739,088 B (3.07s)
[2026-09-23 20:53:18 PDT] [2201/4295] A M6B ohlcv-1m 2024-02-01..2024-03-01: $0.046883 719,152 B (2.06s)
[2026-09-23 20:53:19 PDT] [2202/4295] A M6B ohlcv-1m 2023-10-01..2023-11-01: $0.048307 740,992 B (5.46s)
[2026-09-23 20:53:19 PDT] [2203/4295] A M6B ohlcv-1m 2024-04-01..2024-05-01: $0.054601 837,536 B (1.46s)
[2026-09-23 20:53:20 PDT] [2204/4295] A M6B ohlcv-1m 2024-03-01..2024-04-01: $0.041874 642,320 B (3.52s)
[2026-09-23 20:53:22 PDT] [2205/4295] A M6B ohlcv-1m 2024-07-01..2024-08-01: $0.042721 655,312 B (2.19s)
[2026-09-23 20:53:23 PDT] [2206/4295] A M6B ohlcv-1m 2024-06-01..2024-07-01: $0.041195 631,904 B (3.65s)
[2026-09-23 20:53:24 PDT] [2207/4295] A M6B ohlcv-1m 2023-12-01..2024-01-01: $0.042090 645,624 B (9.29s)
[2026-09-23 20:53:24 PDT] [2208/4295] A M6B ohlcv-1m 2024-08-01..2024-09-01: $0.047774 732,816 B (1.96s)
[2026-09-23 20:53:24 PDT] [2209/4295] A M6B ohlcv-1m 2024-10-01..2024-11-01: $0.050651 776,944 B (0.88s)
[2026-09-23 20:53:24 PDT] [2210/4295] A M6B ohlcv-1m 2024-05-01..2024-06-01: $0.053937 827,344 B (5.47s)
[2026-09-23 20:53:26 PDT] [2211/4295] A M6B ohlcv-1m 2024-09-01..2024-10-01: $0.044266 679,000 B (2.62s)
[2026-09-23 20:53:26 PDT] [2212/4295] A M6B ohlcv-1m 2025-01-01..2025-02-01: $0.059530 913,136 B (1.73s)
[2026-09-23 20:53:26 PDT] [2213/4295] A M6B ohlcv-1m 2024-11-01..2024-12-01: $0.042156 646,632 B (2.16s)
[2026-09-23 20:53:27 PDT] [2214/4295] A M6B ohlcv-1m 2025-03-01..2025-04-01: $0.047354 726,376 B (0.96s)
[2026-09-23 20:53:27 PDT] [2215/4295] A M6B ohlcv-1m 2024-12-01..2025-01-01: $0.045452 697,200 B (2.83s)
[2026-09-23 20:53:27 PDT] [2216/4295] A M6B ohlcv-1m 2025-04-01..2025-05-01: $0.064206 984,872 B (0.87s)
[2026-09-23 20:53:28 PDT] [2217/4295] A M6B ohlcv-1m 2025-02-01..2025-03-01: $0.045387 696,192 B (1.77s)
[2026-09-23 20:53:29 PDT] [2218/4295] A M6B ohlcv-1m 2025-05-01..2025-06-01: $0.058325 894,656 B (1.56s)
[2026-09-23 20:53:29 PDT] [2219/4295] A M6B ohlcv-1m 2025-08-01..2025-09-01: $0.048150 738,584 B (1.42s)
[2026-09-23 20:53:29 PDT] [2220/4295] A M6B ohlcv-1m 2025-07-01..2025-08-01: $0.059738 916,328 B (1.89s)
[2026-09-23 20:53:29 PDT] [2221/4295] A M6B ohlcv-1m 2025-06-01..2025-07-01: $0.052816 810,152 B (2.23s)
[2026-09-23 20:53:30 PDT] [2222/4295] A M6B ohlcv-1m 2025-10-01..2025-11-01: $0.051224 785,736 B (0.88s)
[2026-09-23 20:53:30 PDT] [2223/4295] A M6B ohlcv-1m 2025-11-01..2025-12-01: $0.047369 726,600 B (0.98s)
[2026-09-23 20:53:31 PDT] [2224/4295] A M6B ohlcv-1m 2025-09-01..2025-10-01: $0.047438 727,664 B (1.89s)
[2026-09-23 20:53:32 PDT] [2225/4295] A M6B ohlcv-1m 2026-03-01..2026-04-01: $0.060026 920,752 B (1.73s)
[2026-09-23 20:53:32 PDT] [2226/4295] A M6B ohlcv-1m 2026-02-01..2026-03-01: $0.051980 797,328 B (2.14s)
[2026-09-23 20:53:32 PDT] [2227/4295] A M6B ohlcv-1m 2026-01-01..2026-02-01: $0.053864 826,224 B (2.62s)
[2026-09-23 20:53:34 PDT] [2228/4295] A M6B ohlcv-1m 2026-04-01..2026-05-01: $0.053962 827,736 B (1.39s)
[2026-09-23 20:53:35 PDT] [2229/4295] A CL ohlcv-1m 2019-05-01..2019-06-01: $0.114430 1,755,264 B (1.45s)
[2026-09-23 20:53:37 PDT] [2230/4295] A CL ohlcv-1m 2019-06-01..2019-07-01: $0.100294 1,538,432 B (1.38s)
[2026-09-23 20:53:37 PDT] [2231/4295] A M6B ohlcv-1m 2026-05-01..2026-06-01: $0.047099 722,456 B (4.35s)
[2026-09-23 20:53:38 PDT] [2232/4295] A M6B ohlcv-1m 2025-12-01..2026-01-01: $0.047446 727,776 B (8.26s)
[2026-09-23 20:53:38 PDT] [2233/4295] A CL ohlcv-1m 2019-08-01..2019-09-01: $0.110243 1,691,032 B (1.56s)
[2026-09-23 20:53:39 PDT] [2234/4295] A CL ohlcv-1m 2019-09-01..2019-10-01: $0.104098 1,596,784 B (0.98s)
[2026-09-23 20:53:39 PDT] [2235/4295] A CL ohlcv-1m 2019-07-01..2019-08-01: $0.114518 1,756,608 B (2.65s)
[2026-09-23 20:53:39 PDT] [2236/4295] A CL ohlcv-1m 2019-10-01..2019-11-01: $0.115471 1,771,224 B (0.99s)
[2026-09-23 20:53:40 PDT] [2237/4295] A CL ohlcv-1m 2019-11-01..2019-12-01: $0.102693 1,575,224 B (1.45s)
[2026-09-23 20:53:40 PDT] [2238/4295] A CL ohlcv-1m 2019-12-01..2020-01-01: $0.103748 1,591,408 B (1.02s)
[2026-09-23 20:53:42 PDT] [2239/4295] A M6B ohlcv-1m 2026-06-01..2026-06-21: $0.027611 423,528 B (9.13s)
[2026-09-23 20:53:42 PDT] [2240/4295] A CL ohlcv-1m 2020-02-01..2020-03-01: $0.094705 1,452,696 B (1.52s)
[2026-09-23 20:53:43 PDT] [2241/4295] A CL ohlcv-1m 2020-04-01..2020-05-01: $0.105727 1,621,760 B (1.01s)
[2026-09-23 20:53:44 PDT] [2242/4295] A CL ohlcv-1m 2020-06-01..2020-07-01: $0.108509 1,664,432 B (1.21s)
[2026-09-23 20:53:45 PDT] [2243/4295] A CL ohlcv-1m 2020-07-01..2020-08-01: $0.113963 1,748,096 B (0.83s)
[2026-09-23 20:53:47 PDT] [2244/4295] A CL ohlcv-1m 2020-03-01..2020-04-01: $0.110385 1,693,216 B (7.01s)
[2026-09-23 20:53:47 PDT] [2245/4295] A CL ohlcv-1m 2020-08-01..2020-09-01: $0.103219 1,583,288 B (2.64s)
[2026-09-23 20:53:48 PDT] [2246/4295] A CL ohlcv-1m 2020-01-01..2020-02-01: $0.109410 1,678,264 B (8.80s)
[2026-09-23 20:53:49 PDT] [2247/4295] A CL ohlcv-1m 2020-10-01..2020-11-01: $0.109878 1,685,432 B (1.47s)
[2026-09-23 20:53:50 PDT] [2248/4295] A CL ohlcv-1m 2020-12-01..2021-01-01: $0.108465 1,663,760 B (1.10s)
[2026-09-23 20:53:52 PDT] [2249/4295] A CL ohlcv-1m 2021-01-01..2021-02-01: $0.099958 1,533,280 B (2.36s)
[2026-09-23 20:53:53 PDT] [2250/4295] A CL ohlcv-1m 2020-05-01..2020-06-01: $0.104916 1,609,328 B (11.18s)
[2026-09-23 20:53:53 PDT] [2251/4295] A CL ohlcv-1m 2020-09-01..2020-10-01: $0.107355 1,646,736 B (6.17s)
[2026-09-23 20:53:55 PDT] [2252/4295] A CL ohlcv-1m 2021-02-01..2021-03-01: $0.099612 1,527,960 B (2.44s)
[2026-09-23 20:53:56 PDT] [2253/4295] A CL ohlcv-1m 2020-11-01..2020-12-01: $0.102810 1,577,016 B (7.96s)
[2026-09-23 20:53:57 PDT] [2254/4295] A CL ohlcv-1m 2021-05-01..2021-06-01: $0.104106 1,596,896 B (1.91s)
[2026-09-23 20:53:57 PDT] [2255/4295] A CL ohlcv-1m 2021-04-01..2021-05-01: $0.105018 1,610,896 B (3.25s)
[2026-09-23 20:53:57 PDT] [2256/4295] A CL ohlcv-1m 2021-06-01..2021-07-01: $0.110403 1,693,496 B (1.15s)
[2026-09-23 20:53:57 PDT] [2257/4295] A CL ohlcv-1m 2021-08-01..2021-09-01: $0.109483 1,679,384 B (0.80s)
[2026-09-23 20:53:58 PDT] [2258/4295] A CL ohlcv-1m 2021-07-01..2021-08-01: $0.109049 1,672,720 B (1.44s)
[2026-09-23 20:53:58 PDT] [2259/4295] A CL ohlcv-1m 2021-09-01..2021-10-01: $0.109345 1,677,256 B (1.16s)
[2026-09-23 20:53:59 PDT] [2260/4295] A CL ohlcv-1m 2021-10-01..2021-11-01: $0.105635 1,620,360 B (1.40s)
[2026-09-23 20:53:59 PDT] [2261/4295] A CL ohlcv-1m 2021-11-01..2021-12-01: $0.107808 1,653,680 B (0.95s)
[2026-09-23 20:53:59 PDT] [2262/4295] A CL ohlcv-1m 2021-12-01..2022-01-01: $0.109805 1,684,312 B (1.10s)
[2026-09-23 20:54:00 PDT] [2263/4295] A CL ohlcv-1m 2022-01-01..2022-02-01: $0.104120 1,597,120 B (0.73s)
[2026-09-23 20:54:00 PDT] [2264/4295] A CL ohlcv-1m 2021-03-01..2021-04-01: $0.115704 1,774,808 B (7.15s)
[2026-09-23 20:54:03 PDT] [2265/4295] A CL ohlcv-1m 2022-03-01..2022-04-01: $0.115759 1,775,648 B (3.64s)
[2026-09-23 20:54:05 PDT] [2266/4295] A CL ohlcv-1m 2022-06-01..2022-07-01: $0.109425 1,678,488 B (2.40s)
[2026-09-23 20:54:07 PDT] [2267/4295] A CL ohlcv-1m 2022-04-01..2022-05-01: $0.098100 1,504,776 B (6.93s)
[2026-09-23 20:54:07 PDT] [2268/4295] A CL ohlcv-1m 2022-07-01..2022-08-01: $0.102963 1,579,368 B (1.99s)
[2026-09-23 20:54:08 PDT] [2269/4295] A CL ohlcv-1m 2022-08-01..2022-09-01: $0.113700 1,744,064 B (1.06s)
[2026-09-23 20:54:09 PDT] [2270/4295] A CL ohlcv-1m 2022-10-01..2022-11-01: $0.105614 1,620,024 B (1.26s)
[2026-09-23 20:54:10 PDT] [2271/4295] A CL ohlcv-1m 2022-11-01..2022-12-01: $0.107815 1,653,792 B (1.10s)
[2026-09-23 20:54:11 PDT] [2272/4295] A CL ohlcv-1m 2022-02-01..2022-03-01: $0.099853 1,531,656 B (11.67s)
[2026-09-23 20:54:11 PDT] [2273/4295] A CL ohlcv-1m 2022-12-01..2023-01-01: $0.105029 1,611,064 B (1.03s)
[2026-09-23 20:54:13 PDT] [2274/4295] A CL ohlcv-1m 2022-09-01..2022-10-01: $0.109166 1,674,512 B (5.37s)
[2026-09-23 20:54:14 PDT] [2275/4295] A CL ohlcv-1m 2023-02-01..2023-03-01: $0.099429 1,525,160 B (2.76s)
[2026-09-23 20:54:14 PDT] [2276/4295] A CL ohlcv-1m 2023-03-01..2023-04-01: $0.115102 1,765,568 B (1.54s)
[2026-09-23 20:54:15 PDT] [2277/4295] A CL ohlcv-1m 2023-04-01..2023-05-01: $0.094982 1,456,952 B (1.01s)
[2026-09-23 20:54:16 PDT] [2278/4295] A CL ohlcv-1m 2023-05-01..2023-06-01: $0.112689 1,728,552 B (1.31s)
[2026-09-23 20:54:18 PDT] [2279/4295] A CL ohlcv-1m 2022-05-01..2022-06-01: $0.108231 1,660,176 B (17.74s)
[2026-09-23 20:54:18 PDT] [2280/4295] A CL ohlcv-1m 2023-07-01..2023-08-01: $0.104380 1,601,096 B (2.42s)
[2026-09-23 20:54:18 PDT] [2281/4295] A CL ohlcv-1m 2023-06-01..2023-07-01: $0.108242 1,660,344 B (3.46s)
[2026-09-23 20:54:19 PDT] [2282/4295] A CL ohlcv-1m 2023-10-01..2023-11-01: $0.109998 1,687,280 B (0.84s)
[2026-09-23 20:54:20 PDT] [2283/4295] A CL ohlcv-1m 2023-09-01..2023-10-01: $0.104164 1,597,792 B (1.72s)
[2026-09-23 20:54:21 PDT] [2284/4295] A CL ohlcv-1m 2023-08-01..2023-09-01: $0.114792 1,760,808 B (2.76s)
[2026-09-23 20:54:21 PDT] [2285/4295] A CL ohlcv-1m 2023-01-01..2023-02-01: $0.103237 1,583,568 B (10.23s)
[2026-09-23 20:54:22 PDT] [2286/4295] A CL ohlcv-1m 2024-02-01..2024-03-01: $0.102412 1,570,912 B (0.88s)
[2026-09-23 20:54:22 PDT] [2287/4295] A CL ohlcv-1m 2023-11-01..2023-12-01: $0.107088 1,642,648 B (2.93s)
[2026-09-23 20:54:23 PDT] [2288/4295] A CL ohlcv-1m 2024-03-01..2024-04-01: $0.099360 1,524,096 B (1.11s)
[2026-09-23 20:54:23 PDT] [2289/4295] A CL ohlcv-1m 2024-01-01..2024-02-01: $0.109264 1,676,024 B (2.65s)
[2026-09-23 20:54:23 PDT] [2290/4295] A CL ohlcv-1m 2024-04-01..2024-05-01: $0.109005 1,672,048 B (1.28s)
[2026-09-23 20:54:24 PDT] [2291/4295] A CL ohlcv-1m 2024-06-01..2024-07-01: $0.098604 1,512,504 B (1.20s)
[2026-09-23 20:54:25 PDT] [2292/4295] A CL ohlcv-1m 2023-12-01..2024-01-01: $0.099590 1,527,624 B (4.82s)
[2026-09-23 20:54:25 PDT] [2293/4295] A CL ohlcv-1m 2024-05-01..2024-06-01: $0.112415 1,724,352 B (1.84s)
[2026-09-23 20:54:25 PDT] [2294/4295] A CL ohlcv-1m 2024-07-01..2024-08-01: $0.112108 1,719,648 B (1.77s)
[2026-09-23 20:54:25 PDT] [2295/4295] A CL ohlcv-1m 2024-08-01..2024-09-01: $0.108651 1,666,616 B (0.99s)
[2026-09-23 20:54:26 PDT] [2296/4295] A CL ohlcv-1m 2024-09-01..2024-10-01: $0.104109 1,596,952 B (1.08s)
[2026-09-23 20:54:26 PDT] [2297/4295] A CL ohlcv-1m 2024-11-01..2024-12-01: $0.101003 1,549,296 B (1.11s)
[2026-09-23 20:54:26 PDT] [2298/4295] A CL ohlcv-1m 2024-12-01..2025-01-01: $0.103127 1,581,888 B (0.96s)
[2026-09-23 20:54:26 PDT] [2299/4295] A CL ohlcv-1m 2024-10-01..2024-11-01: $0.114587 1,757,672 B (1.81s)
[2026-09-23 20:54:27 PDT] [2300/4295] A CL ohlcv-1m 2025-01-01..2025-02-01: $0.109392 1,677,984 B (0.86s)
[2026-09-23 20:54:28 PDT] [2301/4295] A CL ohlcv-1m 2025-04-01..2025-05-01: $0.104701 1,606,024 B (1.19s)
[2026-09-23 20:54:28 PDT] [2302/4295] A CL ohlcv-1m 2025-05-01..2025-06-01: $0.108151 1,658,944 B (1.12s)
[2026-09-23 20:54:28 PDT] [2303/4295] A CL ohlcv-1m 2025-02-01..2025-03-01: $0.099195 1,521,576 B (1.86s)
[2026-09-23 20:54:29 PDT] [2304/4295] A CL ohlcv-1m 2025-03-01..2025-04-01: $0.103912 1,593,928 B (2.43s)
[2026-09-23 20:54:29 PDT] [2305/4295] A CL ohlcv-1m 2025-07-01..2025-08-01: $0.111834 1,715,448 B (1.16s)
[2026-09-23 20:54:29 PDT] [2306/4295] A CL ohlcv-1m 2025-06-01..2025-07-01: $0.104580 1,604,176 B (1.64s)
[2026-09-23 20:54:30 PDT] [2307/4295] A CL ohlcv-1m 2025-09-01..2025-10-01: $0.106019 1,626,240 B (0.89s)
[2026-09-23 20:54:30 PDT] [2308/4295] A CL ohlcv-1m 2025-08-01..2025-09-01: $0.102445 1,571,416 B (1.99s)
[2026-09-23 20:54:30 PDT] [2309/4295] A CL ohlcv-1m 2025-10-01..2025-11-01: $0.113371 1,739,024 B (1.49s)
[2026-09-23 20:54:31 PDT] [2310/4295] A CL ohlcv-1m 2025-11-01..2025-12-01: $0.095563 1,465,856 B (1.22s)
[2026-09-23 20:54:31 PDT] [2311/4295] A CL ohlcv-1m 2025-12-01..2026-01-01: $0.107256 1,645,224 B (1.20s)
[2026-09-23 20:54:32 PDT] [2312/4295] A CL ohlcv-1m 2026-03-01..2026-04-01: $0.111196 1,705,648 B (1.16s)
[2026-09-23 20:54:32 PDT] [2313/4295] A CL ohlcv-1m 2026-04-01..2026-05-01: $0.105478 1,617,952 B (1.22s)
[2026-09-23 20:54:32 PDT] [2314/4295] A CL ohlcv-1m 2026-01-01..2026-02-01: $0.104259 1,599,248 B (2.17s)
[2026-09-23 20:54:33 PDT] [2315/4295] A CL ohlcv-1m 2026-05-01..2026-06-01: $0.104270 1,599,416 B (0.88s)
[2026-09-23 20:54:34 PDT] [2316/4295] A CL ohlcv-1m 2026-02-01..2026-03-01: $0.098604 1,512,504 B (3.25s)
[2026-09-23 20:54:34 PDT] [2317/4295] A CL ohlcv-1m 2026-06-01..2026-06-21: $0.073527 1,127,840 B (1.57s)
[2026-09-23 20:54:34 PDT] [2318/4295] A QM ohlcv-1m 2019-05-01..2019-06-01: $0.096852 1,485,624 B (1.53s)
[2026-09-23 20:54:35 PDT] [2319/4295] A QM ohlcv-1m 2019-09-01..2019-10-01: $0.088334 1,354,976 B (0.91s)
[2026-09-23 20:54:35 PDT] [2320/4295] A QM ohlcv-1m 2019-07-01..2019-08-01: $0.095366 1,462,832 B (1.24s)
[2026-09-23 20:54:35 PDT] [2321/4295] A QM ohlcv-1m 2019-06-01..2019-07-01: $0.087900 1,348,312 B (2.44s)
[2026-09-23 20:54:36 PDT] [2322/4295] A QM ohlcv-1m 2019-10-01..2019-11-01: $0.092719 1,422,232 B (0.93s)
[2026-09-23 20:54:36 PDT] [2323/4295] A QM ohlcv-1m 2019-11-01..2019-12-01: $0.080631 1,236,816 B (0.93s)
[2026-09-23 20:54:36 PDT] [2324/4295] A QM ohlcv-1m 2019-08-01..2019-09-01: $0.093091 1,427,944 B (2.61s)
[2026-09-23 20:54:36 PDT] [2325/4295] A QM ohlcv-1m 2020-01-01..2020-02-01: $0.091390 1,401,848 B (0.87s)
[2026-09-23 20:54:37 PDT] [2326/4295] A QM ohlcv-1m 2020-02-01..2020-03-01: $0.084738 1,299,816 B (1.08s)
[2026-09-23 20:54:37 PDT] [2327/4295] A QM ohlcv-1m 2019-12-01..2020-01-01: $0.074180 1,137,864 B (2.29s)
[2026-09-23 20:54:37 PDT] [2328/4295] A QM ohlcv-1m 2020-03-01..2020-04-01: $0.106837 1,638,784 B (1.21s)
[2026-09-23 20:54:38 PDT] [2329/4295] A QM ohlcv-1m 2020-05-01..2020-06-01: $0.097596 1,497,048 B (1.07s)
[2026-09-23 20:54:38 PDT] [2330/4295] A QM ohlcv-1m 2020-04-01..2020-05-01: $0.103423 1,586,424 B (1.91s)
[2026-09-23 20:54:38 PDT] [2331/4295] A QM ohlcv-1m 2020-06-01..2020-07-01: $0.094672 1,452,192 B (1.14s)
[2026-09-23 20:54:39 PDT] [2332/4295] A QM ohlcv-1m 2020-07-01..2020-08-01: $0.088119 1,351,672 B (1.24s)
[2026-09-23 20:54:39 PDT] [2333/4295] A QM ohlcv-1m 2020-08-01..2020-09-01: $0.069624 1,067,976 B (1.46s)
[2026-09-23 20:54:39 PDT] [2334/4295] A QM ohlcv-1m 2020-10-01..2020-11-01: $0.086662 1,329,328 B (0.98s)
[2026-09-23 20:54:40 PDT] [2335/4295] A QM ohlcv-1m 2020-09-01..2020-10-01: $0.080175 1,229,816 B (2.18s)
[2026-09-23 20:54:41 PDT] [2336/4295] A QM ohlcv-1m 2020-12-01..2021-01-01: $0.085651 1,313,816 B (1.30s)
[2026-09-23 20:54:41 PDT] [2337/4295] A QM ohlcv-1m 2021-01-01..2021-02-01: $0.081756 1,254,064 B (1.89s)
[2026-09-23 20:54:42 PDT] [2338/4295] A QM ohlcv-1m 2021-03-01..2021-04-01: $0.102642 1,574,440 B (0.90s)
[2026-09-23 20:54:42 PDT] [2339/4295] A QM ohlcv-1m 2021-02-01..2021-03-01: $0.079452 1,218,728 B (1.18s)
[2026-09-23 20:54:42 PDT] [2340/4295] A QM ohlcv-1m 2020-11-01..2020-12-01: $0.084855 1,301,608 B (3.38s)
[2026-09-23 20:54:42 PDT] [2341/4295] A QM ohlcv-1m 2021-04-01..2021-05-01: $0.091580 1,404,760 B (0.99s)
[2026-09-23 20:54:42 PDT] [2342/4295] A QM ohlcv-1m 2021-05-01..2021-06-01: $0.086611 1,328,544 B (0.83s)
[2026-09-23 20:54:43 PDT] [2343/4295] A QM ohlcv-1m 2021-07-01..2021-08-01: $0.094891 1,455,552 B (1.16s)
[2026-09-23 20:54:44 PDT] [2344/4295] A QM ohlcv-1m 2021-08-01..2021-09-01: $0.092686 1,421,728 B (1.43s)
[2026-09-23 20:54:44 PDT] [2345/4295] A QM ohlcv-1m 2021-10-01..2021-11-01: $0.090076 1,381,688 B (0.95s)
[2026-09-23 20:54:45 PDT] [2346/4295] A QM ohlcv-1m 2021-09-01..2021-10-01: $0.090908 1,394,456 B (2.23s)
[2026-09-23 20:54:45 PDT] [2347/4295] A QM ohlcv-1m 2021-11-01..2021-12-01: $0.094033 1,442,392 B (1.58s)
[2026-09-23 20:54:46 PDT] [2348/4295] A QM ohlcv-1m 2021-12-01..2022-01-01: $0.096078 1,473,752 B (2.24s)
[2026-09-23 20:54:46 PDT] [2349/4295] A QM ohlcv-1m 2022-01-01..2022-02-01: $0.090021 1,380,848 B (1.83s)
[2026-09-23 20:54:47 PDT] [2350/4295] A QM ohlcv-1m 2022-02-01..2022-03-01: $0.089338 1,370,376 B (1.50s)
[2026-09-23 20:54:48 PDT] [2351/4295] A QM ohlcv-1m 2022-05-01..2022-06-01: $0.099075 1,519,728 B (1.12s)
[2026-09-23 20:54:48 PDT] [2352/4295] A QM ohlcv-1m 2022-03-01..2022-04-01: $0.111590 1,711,696 B (1.85s)
[2026-09-23 20:54:49 PDT] [2353/4295] A QM ohlcv-1m 2022-04-01..2022-05-01: $0.090466 1,387,680 B (2.74s)
[2026-09-23 20:54:50 PDT] [2354/4295] A QM ohlcv-1m 2022-06-01..2022-07-01: $0.098867 1,516,536 B (2.30s)
[2026-09-23 20:54:51 PDT] [2355/4295] A QM ohlcv-1m 2022-08-01..2022-09-01: $0.100594 1,543,024 B (1.49s)
[2026-09-23 20:54:51 PDT] [2356/4295] A QM ohlcv-1m 2022-09-01..2022-10-01: $0.099944 1,533,056 B (1.21s)
[2026-09-23 20:54:52 PDT] [2357/4295] A QM ohlcv-1m 2022-07-01..2022-08-01: $0.093299 1,431,136 B (3.24s)
[2026-09-23 20:54:53 PDT] [2358/4295] A QM ohlcv-1m 2022-11-01..2022-12-01: $0.092869 1,424,528 B (1.13s)
[2026-09-23 20:54:53 PDT] [2359/4295] A QM ohlcv-1m 2022-12-01..2023-01-01: $0.092697 1,421,896 B (1.29s)
[2026-09-23 20:54:54 PDT] [2360/4295] A QM ohlcv-1m 2023-01-01..2023-02-01: $0.086659 1,329,272 B (1.55s)
[2026-09-23 20:54:55 PDT] [2361/4295] A QM ohlcv-1m 2023-03-01..2023-04-01: $0.098582 1,512,168 B (0.90s)
[2026-09-23 20:54:56 PDT] [2362/4295] A QM ohlcv-1m 2023-04-01..2023-05-01: $0.074790 1,147,216 B (1.04s)
[2026-09-23 20:54:56 PDT] [2363/4295] A QM ohlcv-1m 2023-02-01..2023-03-01: $0.080186 1,229,984 B (3.33s)
[2026-09-23 20:54:57 PDT] [2364/4295] A QM ohlcv-1m 2022-10-01..2022-11-01: $0.089291 1,369,648 B (6.43s)
[2026-09-23 20:54:58 PDT] [2365/4295] A QM ohlcv-1m 2023-07-01..2023-08-01: $0.077495 1,188,712 B (1.02s)
[2026-09-23 20:54:59 PDT] [2366/4295] A QM ohlcv-1m 2023-05-01..2023-06-01: $0.090160 1,382,976 B (2.45s)
[2026-09-23 20:54:59 PDT] [2367/4295] A QM ohlcv-1m 2023-06-01..2023-07-01: $0.087823 1,347,136 B (2.68s)
[2026-09-23 20:54:59 PDT] [2368/4295] A QM ohlcv-1m 2023-08-01..2023-09-01: $0.087951 1,349,096 B (0.97s)
[2026-09-23 20:55:00 PDT] [2369/4295] A QM ohlcv-1m 2023-09-01..2023-10-01: $0.077952 1,195,712 B (1.71s)
[2026-09-23 20:55:01 PDT] [2370/4295] A QM ohlcv-1m 2023-11-01..2023-12-01: $0.083607 1,282,456 B (1.71s)
[2026-09-23 20:55:03 PDT] [2371/4295] A QM ohlcv-1m 2023-12-01..2024-01-01: $0.077758 1,192,744 B (2.56s)
[2026-09-23 20:55:03 PDT] [2372/4295] A QM ohlcv-1m 2024-01-01..2024-02-01: $0.083413 1,279,488 B (2.45s)
[2026-09-23 20:55:04 PDT] [2373/4295] A QM ohlcv-1m 2024-02-01..2024-03-01: $0.072461 1,111,488 B (1.26s)
[2026-09-23 20:55:05 PDT] [2374/4295] A QM ohlcv-1m 2024-04-01..2024-05-01: $0.078233 1,200,024 B (1.07s)
[2026-09-23 20:55:08 PDT] [2375/4295] A QM ohlcv-1m 2024-05-01..2024-06-01: $0.079832 1,224,552 B (2.39s)
[2026-09-23 20:55:08 PDT] [2376/4295] A QM ohlcv-1m 2024-03-01..2024-04-01: $0.067372 1,033,424 B (4.41s)
[2026-09-23 20:55:08 PDT] [2377/4295] A QM ohlcv-1m 2024-06-01..2024-07-01: $0.062647 960,960 B (0.88s)
[2026-09-23 20:55:10 PDT] [2378/4295] A QM ohlcv-1m 2024-08-01..2024-09-01: $0.078444 1,203,272 B (1.63s)
[2026-09-23 20:55:11 PDT] [2379/4295] A QM ohlcv-1m 2024-09-01..2024-10-01: $0.070135 1,075,816 B (0.87s)
[2026-09-23 20:55:12 PDT] [2380/4295] A QM ohlcv-1m 2024-10-01..2024-11-01: $0.084099 1,290,016 B (1.08s)
[2026-09-23 20:55:13 PDT] [2381/4295] A QM ohlcv-1m 2024-07-01..2024-08-01: $0.071888 1,102,696 B (4.96s)
[2026-09-23 20:55:15 PDT] [2382/4295] A QM ohlcv-1m 2024-11-01..2024-12-01: $0.066214 1,015,672 B (2.77s)
[2026-09-23 20:55:15 PDT] [2383/4295] A QM ohlcv-1m 2024-12-01..2025-01-01: $0.058088 891,016 B (2.75s)
[2026-09-23 20:55:16 PDT] [2384/4295] A QM ohlcv-1m 2025-01-01..2025-02-01: $0.070190 1,076,656 B (1.33s)
[2026-09-23 20:55:17 PDT] [2385/4295] A QM ohlcv-1m 2025-02-01..2025-03-01: $0.056748 870,464 B (1.18s)
[2026-09-23 20:55:17 PDT] [2386/4295] A QM ohlcv-1m 2025-03-01..2025-04-01: $0.057244 878,080 B (1.16s)
[2026-09-23 20:55:18 PDT] [2387/4295] A QM ohlcv-1m 2025-04-01..2025-05-01: $0.068668 1,053,304 B (1.20s)
[2026-09-23 20:55:19 PDT] [2388/4295] A QM ohlcv-1m 2025-05-01..2025-06-01: $0.062903 964,880 B (1.32s)
[2026-09-23 20:55:19 PDT] [2389/4295] A QM ohlcv-1m 2025-06-01..2025-07-01: $0.063856 979,496 B (0.98s)
[2026-09-23 20:55:20 PDT] [2390/4295] A QM ohlcv-1m 2025-08-01..2025-09-01: $0.053626 822,584 B (1.24s)
[2026-09-23 20:55:21 PDT] [2391/4295] A QM ohlcv-1m 2025-07-01..2025-08-01: $0.058986 904,792 B (2.31s)
[2026-09-23 20:55:21 PDT] [2392/4295] A QM ohlcv-1m 2025-09-01..2025-10-01: $0.053791 825,104 B (1.19s)
[2026-09-23 20:55:22 PDT] [2393/4295] A QM ohlcv-1m 2025-10-01..2025-11-01: $0.067905 1,041,600 B (0.91s)
[2026-09-23 20:55:22 PDT] [2394/4295] A QM ohlcv-1m 2021-06-01..2021-07-01: $0.094033 1,442,392 B (40.33s)
[2026-09-23 20:55:22 PDT] [2395/4295] A QM ohlcv-1m 2025-11-01..2025-12-01: $0.047719 731,976 B (1.11s)
[2026-09-23 20:55:23 PDT] [2396/4295] A QM ohlcv-1m 2026-01-01..2026-02-01: $0.055729 854,840 B (1.08s)
[2026-09-23 20:55:23 PDT] [2397/4295] A QM ohlcv-1m 2026-02-01..2026-03-01: $0.053824 825,608 B (0.96s)
[2026-09-23 20:55:24 PDT] [2398/4295] A QM ohlcv-1m 2025-12-01..2026-01-01: $0.042860 657,440 B (1.86s)
[2026-09-23 20:55:25 PDT] [2399/4295] A QM ohlcv-1m 2026-03-01..2026-04-01: $0.099440 1,525,328 B (1.59s)
[2026-09-23 20:55:25 PDT] [2400/4295] A QM ohlcv-1m 2026-04-01..2026-05-01: $0.087524 1,342,544 B (1.82s)
[2026-09-23 20:55:26 PDT] [2401/4295] A MCL ohlcv-1m 2019-05-01..2019-06-01: QUOTE FAILED (0.83s)
[2026-09-23 20:55:27 PDT] [2402/4295] A MCL ohlcv-1m 2019-06-01..2019-07-01: QUOTE FAILED (1.01s)
[2026-09-23 20:55:27 PDT] [2403/4295] A QM ohlcv-1m 2026-05-01..2026-06-01: $0.079364 1,217,384 B (3.71s)
[2026-09-23 20:55:28 PDT] [2404/4295] A MCL ohlcv-1m 2019-07-01..2019-08-01: QUOTE FAILED (0.91s)
[2026-09-23 20:55:28 PDT] [2405/4295] A MCL ohlcv-1m 2019-08-01..2019-09-01: QUOTE FAILED (0.80s)
[2026-09-23 20:55:29 PDT] [2406/4295] A MCL ohlcv-1m 2019-09-01..2019-10-01: QUOTE FAILED (0.73s)
[2026-09-23 20:55:29 PDT] [2407/4295] A MCL ohlcv-1m 2019-11-01..2019-12-01: QUOTE FAILED (0.59s)
[2026-09-23 20:55:30 PDT] [2408/4295] A MCL ohlcv-1m 2019-10-01..2019-11-01: QUOTE FAILED (1.38s)
[2026-09-23 20:55:30 PDT] [2409/4295] A MCL ohlcv-1m 2019-12-01..2020-01-01: QUOTE FAILED (0.73s)
[2026-09-23 20:55:31 PDT] [2410/4295] A MCL ohlcv-1m 2020-02-01..2020-03-01: QUOTE FAILED (0.76s)
[2026-09-23 20:55:31 PDT] [2411/4295] A MCL ohlcv-1m 2020-01-01..2020-02-01: QUOTE FAILED (1.53s)
[2026-09-23 20:55:32 PDT] [2412/4295] A MCL ohlcv-1m 2020-03-01..2020-04-01: QUOTE FAILED (1.04s)
[2026-09-23 20:55:32 PDT] [2413/4295] A MCL ohlcv-1m 2020-04-01..2020-05-01: QUOTE FAILED (0.68s)
[2026-09-23 20:55:32 PDT] [2414/4295] A MCL ohlcv-1m 2020-06-01..2020-07-01: QUOTE FAILED (0.58s)
[2026-09-23 20:55:33 PDT] [2415/4295] A MCL ohlcv-1m 2020-05-01..2020-06-01: QUOTE FAILED (0.88s)
[2026-09-23 20:55:34 PDT] [2416/4295] A MCL ohlcv-1m 2020-08-01..2020-09-01: QUOTE FAILED (1.01s)
[2026-09-23 20:55:34 PDT] [2417/4295] A MCL ohlcv-1m 2020-09-01..2020-10-01: QUOTE FAILED (0.44s)
[2026-09-23 20:55:34 PDT] [2418/4295] A MCL ohlcv-1m 2020-07-01..2020-08-01: QUOTE FAILED (1.83s)
[2026-09-23 20:55:35 PDT] [2419/4295] A MCL ohlcv-1m 2020-11-01..2020-12-01: QUOTE FAILED (0.74s)
[2026-09-23 20:55:35 PDT] [2420/4295] A MCL ohlcv-1m 2020-10-01..2020-11-01: QUOTE FAILED (1.16s)
[2026-09-23 20:55:36 PDT] [2421/4295] A MCL ohlcv-1m 2021-01-01..2021-02-01: QUOTE FAILED (0.77s)
[2026-09-23 20:55:37 PDT] [2422/4295] A MCL ohlcv-1m 2020-12-01..2021-01-01: QUOTE FAILED (1.68s)
[2026-09-23 20:55:37 PDT] [2423/4295] A MCL ohlcv-1m 2021-02-01..2021-03-01: QUOTE FAILED (0.70s)
[2026-09-23 20:55:37 PDT] [2424/4295] A MCL ohlcv-1m 2021-04-01..2021-05-01: QUOTE FAILED (0.51s)
[2026-09-23 20:55:39 PDT] [2425/4295] A MCL ohlcv-1m 2021-05-01..2021-06-01: QUOTE FAILED (1.95s)
[2026-09-23 20:55:40 PDT] [2426/4295] A MCL ohlcv-1m 2021-03-01..2021-04-01: QUOTE FAILED (3.44s)
[2026-09-23 20:55:40 PDT] [2427/4295] A MCL ohlcv-1m 2021-06-01..2021-07-01: $0.000000 0 B (1.14s)
[2026-09-23 20:55:41 PDT] [2428/4295] A MCL ohlcv-1m 2021-08-01..2021-09-01: $0.100568 1,542,632 B (1.07s)
[2026-09-23 20:55:43 PDT] [2429/4295] A MCL ohlcv-1m 2021-09-01..2021-10-01: $0.102098 1,566,096 B (1.64s)
[2026-09-23 20:55:44 PDT] [2430/4295] A MCL ohlcv-1m 2021-07-01..2021-08-01: $0.066404 1,018,584 B (3.89s)
[2026-09-23 20:55:44 PDT] [2431/4295] A MCL ohlcv-1m 2021-10-01..2021-11-01: $0.098210 1,506,456 B (1.15s)
[2026-09-23 20:55:45 PDT] [2432/4295] A MCL ohlcv-1m 2021-11-01..2021-12-01: $0.103401 1,586,088 B (1.58s)
[2026-09-23 20:55:46 PDT] [2433/4295] A MCL ohlcv-1m 2021-12-01..2022-01-01: $0.104734 1,606,528 B (1.89s)
[2026-09-23 20:55:46 PDT] [2434/4295] A QM ohlcv-1m 2023-10-01..2023-11-01: $0.086775 1,331,064 B (47.43s)
[2026-09-23 20:55:47 PDT] [2435/4295] A MCL ohlcv-1m 2022-02-01..2022-03-01: $0.096195 1,475,544 B (1.10s)
[2026-09-23 20:55:47 PDT] [2436/4295] A MCL ohlcv-1m 2022-03-01..2022-04-01: $0.115613 1,773,408 B (1.15s)
[2026-09-23 20:55:48 PDT] [2437/4295] A MCL ohlcv-1m 2022-01-01..2022-02-01: $0.099553 1,527,064 B (2.88s)
[2026-09-23 20:55:49 PDT] [2438/4295] A MCL ohlcv-1m 2022-04-01..2022-05-01: $0.096297 1,477,112 B (1.82s)
[2026-09-23 20:55:49 PDT] [2439/4295] A MCL ohlcv-1m 2022-06-01..2022-07-01: $0.106260 1,629,936 B (1.02s)
[2026-09-23 20:55:50 PDT] [2440/4295] A MCL ohlcv-1m 2022-05-01..2022-06-01: $0.105606 1,619,912 B (2.31s)
[2026-09-23 20:55:50 PDT] [2441/4295] A MCL ohlcv-1m 2022-08-01..2022-09-01: $0.111283 1,706,992 B (0.92s)
[2026-09-23 20:55:51 PDT] [2442/4295] A MCL ohlcv-1m 2022-09-01..2022-10-01: $0.108417 1,663,032 B (1.28s)
[2026-09-23 20:55:52 PDT] [2443/4295] A MCL ohlcv-1m 2022-07-01..2022-08-01: $0.101032 1,549,744 B (2.76s)
[2026-09-23 20:55:52 PDT] [2444/4295] A MCL ohlcv-1m 2022-10-01..2022-11-01: $0.100053 1,534,736 B (1.53s)
[2026-09-23 20:55:53 PDT] [2445/4295] A MCL ohlcv-1m 2022-12-01..2023-01-01: $0.104296 1,599,808 B (0.88s)
[2026-09-23 20:55:53 PDT] [2446/4295] A MCL ohlcv-1m 2022-11-01..2022-12-01: $0.105037 1,611,176 B (1.63s)
[2026-09-23 20:55:54 PDT] [2447/4295] A MCL ohlcv-1m 2023-03-01..2023-04-01: $0.113755 1,744,904 B (1.05s)
[2026-09-23 20:55:54 PDT] [2448/4295] A MCL ohlcv-1m 2023-02-01..2023-03-01: $0.095713 1,468,152 B (1.33s)
[2026-09-23 20:55:54 PDT] [2449/4295] A MCL ohlcv-1m 2023-01-01..2023-02-01: $0.100740 1,545,264 B (2.08s)
[2026-09-23 20:55:55 PDT] [2450/4295] A MCL ohlcv-1m 2023-04-01..2023-05-01: $0.090485 1,387,960 B (1.15s)
[2026-09-23 20:55:55 PDT] [2451/4295] A MCL ohlcv-1m 2023-06-01..2023-07-01: $0.104756 1,606,864 B (1.14s)
[2026-09-23 20:55:56 PDT] [2452/4295] A MCL ohlcv-1m 2023-08-01..2023-09-01: $0.112612 1,727,376 B (1.21s)
[2026-09-23 20:55:57 PDT] [2453/4295] A MCL ohlcv-1m 2023-05-01..2023-06-01: $0.109921 1,686,104 B (3.13s)
[2026-09-23 20:55:57 PDT] [2454/4295] A MCL ohlcv-1m 2023-09-01..2023-10-01: $0.099780 1,530,536 B (1.03s)
[2026-09-23 20:55:59 PDT] [2455/4295] A MCL ohlcv-1m 2023-11-01..2023-12-01: $0.105486 1,618,064 B (1.36s)
[2026-09-23 20:55:59 PDT] [2456/4295] A MCL ohlcv-1m 2023-07-01..2023-08-01: $0.098662 1,513,400 B (4.20s)
[2026-09-23 20:55:59 PDT] [2457/4295] A MCL ohlcv-1m 2023-10-01..2023-11-01: $0.105752 1,622,152 B (2.43s)
[2026-09-23 20:55:59 PDT] [2458/4295] A MCL ohlcv-1m 2023-12-01..2024-01-01: $0.098987 1,518,384 B (0.83s)
[2026-09-23 20:56:01 PDT] [2459/4295] A MCL ohlcv-1m 2024-02-01..2024-03-01: $0.099652 1,528,576 B (1.56s)
[2026-09-23 20:56:01 PDT] [2460/4295] A MCL ohlcv-1m 2024-01-01..2024-02-01: $0.105727 1,621,760 B (2.04s)
[2026-09-23 20:56:02 PDT] [2461/4295] A MCL ohlcv-1m 2024-03-01..2024-04-01: $0.094493 1,449,448 B (2.77s)
[2026-09-23 20:56:02 PDT] [2462/4295] A MCL ohlcv-1m 2024-04-01..2024-05-01: $0.105033 1,611,120 B (1.35s)
[2026-09-23 20:56:02 PDT] [2463/4295] A MCL ohlcv-1m 2024-05-01..2024-06-01: $0.111225 1,706,096 B (1.33s)
[2026-09-23 20:56:03 PDT] [2464/4295] A MCL ohlcv-1m 2024-08-01..2024-09-01: $0.107366 1,646,904 B (0.83s)
[2026-09-23 20:56:04 PDT] [2465/4295] A MCL ohlcv-1m 2024-07-01..2024-08-01: $0.107099 1,642,816 B (1.53s)
[2026-09-23 20:56:05 PDT] [2466/4295] A MCL ohlcv-1m 2024-09-01..2024-10-01: $0.100342 1,539,160 B (1.47s)
[2026-09-23 20:56:06 PDT] [2467/4295] A MCL ohlcv-1m 2024-10-01..2024-11-01: $0.114310 1,753,416 B (1.83s)
[2026-09-23 20:56:06 PDT] [2468/4295] A QM ohlcv-1m 2026-06-01..2026-06-21: $0.046474 712,880 B (41.11s)
[2026-09-23 20:56:06 PDT] [2469/4295] A MCL ohlcv-1m 2024-11-01..2024-12-01: $0.099389 1,524,544 B (1.12s)
[2026-09-23 20:56:06 PDT] [2470/4295] A MCL ohlcv-1m 2024-06-01..2024-07-01: $0.092953 1,425,816 B (4.22s)
[2026-09-23 20:56:07 PDT] [2471/4295] A MCL ohlcv-1m 2025-01-01..2025-02-01: $0.105164 1,613,136 B (1.11s)
[2026-09-23 20:56:07 PDT] [2472/4295] A MCL ohlcv-1m 2025-02-01..2025-03-01: $0.095143 1,459,416 B (1.22s)
[2026-09-23 20:56:08 PDT] [2473/4295] A MCL ohlcv-1m 2025-03-01..2025-04-01: $0.099958 1,533,280 B (1.35s)
[2026-09-23 20:56:08 PDT] [2474/4295] A MCL ohlcv-1m 2025-05-01..2025-06-01: $0.107472 1,648,528 B (1.17s)
[2026-09-23 20:56:08 PDT] [2475/4295] A MCL ohlcv-1m 2024-12-01..2025-01-01: $0.098097 1,504,720 B (2.53s)
[2026-09-23 20:56:08 PDT] [2476/4295] A MCL ohlcv-1m 2025-04-01..2025-05-01: $0.104040 1,595,888 B (1.40s)
[2026-09-23 20:56:09 PDT] [2477/4295] A MCL ohlcv-1m 2025-06-01..2025-07-01: $0.101733 1,560,496 B (1.67s)
[2026-09-23 20:56:10 PDT] [2478/4295] A MCL ohlcv-1m 2025-07-01..2025-08-01: $0.111418 1,709,064 B (1.35s)
[2026-09-23 20:56:10 PDT] [2479/4295] A MCL ohlcv-1m 2025-09-01..2025-10-01: $0.101893 1,562,960 B (1.32s)
[2026-09-23 20:56:11 PDT] [2480/4295] A MCL ohlcv-1m 2025-11-01..2025-12-01: $0.090864 1,393,784 B (0.98s)
[2026-09-23 20:56:11 PDT] [2481/4295] A MCL ohlcv-1m 2025-08-01..2025-09-01: $0.098151 1,505,560 B (2.74s)
[2026-09-23 20:56:11 PDT] [2482/4295] A MCL ohlcv-1m 2025-12-01..2026-01-01: $0.101433 1,555,904 B (1.80s)
[2026-09-23 20:56:11 PDT] [2483/4295] A MCL ohlcv-1m 2025-10-01..2025-11-01: $0.112134 1,720,040 B (1.94s)
[2026-09-23 20:56:12 PDT] [2484/4295] A MCL ohlcv-1m 2026-01-01..2026-02-01: $0.100904 1,547,784 B (1.35s)
[2026-09-23 20:56:12 PDT] [2485/4295] A MCL ohlcv-1m 2026-02-01..2026-03-01: $0.096100 1,474,088 B (1.36s)
[2026-09-23 20:56:13 PDT] [2486/4295] A MCL ohlcv-1m 2026-04-01..2026-05-01: $0.105781 1,622,600 B (1.70s)
[2026-09-23 20:56:14 PDT] [2487/4295] A MCL ohlcv-1m 2026-03-01..2026-04-01: $0.110122 1,689,184 B (2.35s)
[2026-09-23 20:56:14 PDT] [2488/4295] A NG ohlcv-1m 2019-05-01..2019-06-01: $0.091668 1,406,104 B (1.12s)
[2026-09-23 20:56:15 PDT] [2489/4295] A MCL ohlcv-1m 2026-05-01..2026-06-01: $0.105227 1,614,088 B (3.10s)
[2026-09-23 20:56:15 PDT] [2490/4295] A MCL ohlcv-1m 2026-06-01..2026-06-21: $0.072074 1,105,552 B (2.89s)
[2026-09-23 20:56:15 PDT] [2491/4295] A NG ohlcv-1m 2019-06-01..2019-07-01: $0.085699 1,314,544 B (1.57s)
[2026-09-23 20:56:15 PDT] [2492/4295] A NG ohlcv-1m 2019-07-01..2019-08-01: $0.097797 1,500,128 B (1.10s)
[2026-09-23 20:56:16 PDT] [2493/4295] A NG ohlcv-1m 2019-09-01..2019-10-01: $0.088334 1,354,976 B (1.18s)
[2026-09-23 20:56:16 PDT] [2494/4295] A NG ohlcv-1m 2019-11-01..2019-12-01: $0.098213 1,506,512 B (1.09s)
[2026-09-23 20:56:18 PDT] [2495/4295] A NG ohlcv-1m 2019-12-01..2020-01-01: $0.099279 1,522,864 B (1.31s)
[2026-09-23 20:56:18 PDT] [2496/4295] A NG ohlcv-1m 2020-01-01..2020-02-01: $0.104376 1,601,040 B (1.79s)
[2026-09-23 20:56:18 PDT] [2497/4295] A NG ohlcv-1m 2019-08-01..2019-09-01: $0.094355 1,447,320 B (3.34s)
[2026-09-23 20:56:19 PDT] [2498/4295] A NG ohlcv-1m 2020-03-01..2020-04-01: $0.104069 1,596,336 B (1.18s)
[2026-09-23 20:56:20 PDT] [2499/4295] A NG ohlcv-1m 2020-02-01..2020-03-01: $0.090313 1,385,328 B (2.09s)
[2026-09-23 20:56:20 PDT] [2500/4295] A NG ohlcv-1m 2020-04-01..2020-05-01: $0.099677 1,528,968 B (2.02s)
[2026-09-23 20:56:20 PDT] [2501/4295] A NG ohlcv-1m 2019-10-01..2019-11-01: $0.102865 1,577,856 B (5.16s)
[2026-09-23 20:56:21 PDT] [2502/4295] A NG ohlcv-1m 2020-06-01..2020-07-01: $0.102806 1,576,960 B (1.22s)
[2026-09-23 20:56:21 PDT] [2503/4295] A NG ohlcv-1m 2020-05-01..2020-06-01: $0.101470 1,556,464 B (1.79s)
[2026-09-23 20:56:22 PDT] [2504/4295] A NG ohlcv-1m 2020-08-01..2020-09-01: $0.099108 1,520,232 B (1.05s)
[2026-09-23 20:56:22 PDT] [2505/4295] A NG ohlcv-1m 2020-07-01..2020-08-01: $0.107954 1,655,920 B (1.50s)
[2026-09-23 20:56:22 PDT] [2506/4295] A NG ohlcv-1m 2020-10-01..2020-11-01: $0.103883 1,593,480 B (1.17s)
[2026-09-23 20:56:22 PDT] [2507/4295] A NG ohlcv-1m 2020-11-01..2020-12-01: $0.098392 1,509,256 B (0.89s)
[2026-09-23 20:56:23 PDT] [2508/4295] A NG ohlcv-1m 2020-12-01..2021-01-01: $0.102693 1,575,224 B (1.27s)
[2026-09-23 20:56:23 PDT] [2509/4295] A NG ohlcv-1m 2020-09-01..2020-10-01: $0.103153 1,582,280 B (2.34s)
[2026-09-23 20:56:24 PDT] [2510/4295] A NG ohlcv-1m 2021-01-01..2021-02-01: $0.094829 1,454,600 B (1.29s)
[2026-09-23 20:56:24 PDT] [2511/4295] A NG ohlcv-1m 2021-02-01..2021-03-01: $0.095315 1,462,048 B (1.29s)
[2026-09-23 20:56:24 PDT] [2512/4295] A NG ohlcv-1m 2021-04-01..2021-05-01: $0.087400 1,340,640 B (0.99s)
[2026-09-23 20:56:25 PDT] [2513/4295] A NG ohlcv-1m 2021-03-01..2021-04-01: $0.100554 1,542,408 B (2.05s)
[2026-09-23 20:56:26 PDT] [2514/4295] A NG ohlcv-1m 2021-07-01..2021-08-01: $0.098725 1,514,352 B (1.44s)
[2026-09-23 20:56:26 PDT] [2515/4295] A NG ohlcv-1m 2021-08-01..2021-09-01: $0.097308 1,492,624 B (0.98s)
[2026-09-23 20:56:26 PDT] [2516/4295] A NG ohlcv-1m 2021-06-01..2021-07-01: $0.097947 1,502,424 B (2.48s)
[2026-09-23 20:56:27 PDT] [2517/4295] A NG ohlcv-1m 2021-09-01..2021-10-01: $0.101634 1,558,984 B (1.13s)
[2026-09-23 20:56:27 PDT] [2518/4295] A NG ohlcv-1m 2021-10-01..2021-11-01: $0.101371 1,554,952 B (1.30s)
[2026-09-23 20:56:28 PDT] [2519/4295] A NG ohlcv-1m 2021-12-01..2022-01-01: $0.100572 1,542,688 B (1.30s)
[2026-09-23 20:56:29 PDT] [2520/4295] A NG ohlcv-1m 2021-11-01..2021-12-01: $0.100272 1,538,096 B (3.17s)
[2026-09-23 20:56:30 PDT] [2521/4295] A NG ohlcv-1m 2022-01-01..2022-02-01: $0.094997 1,457,176 B (2.72s)
[2026-09-23 20:56:31 PDT] [2522/4295] A NG ohlcv-1m 2022-02-01..2022-03-01: $0.092533 1,419,376 B (2.49s)
[2026-09-23 20:56:31 PDT] [2523/4295] A NG ohlcv-1m 2022-03-01..2022-04-01: $0.100422 1,540,392 B (1.65s)
[2026-09-23 20:56:31 PDT] [2524/4295] A NG ohlcv-1m 2022-04-01..2022-05-01: $0.092452 1,418,144 B (1.27s)
[2026-09-23 20:56:32 PDT] [2525/4295] A NG ohlcv-1m 2022-06-01..2022-07-01: $0.095683 1,467,704 B (1.16s)
[2026-09-23 20:56:33 PDT] [2526/4295] A NG ohlcv-1m 2022-07-01..2022-08-01: $0.089422 1,371,664 B (1.26s)
[2026-09-23 20:56:33 PDT] [2527/4295] A NG ohlcv-1m 2022-05-01..2022-06-01: $0.098367 1,508,864 B (2.47s)
[2026-09-23 20:56:34 PDT] [2528/4295] A NG ohlcv-1m 2022-09-01..2022-10-01: $0.090087 1,381,856 B (1.24s)
[2026-09-23 20:56:34 PDT] [2529/4295] A NG ohlcv-1m 2022-08-01..2022-09-01: $0.093135 1,428,616 B (1.81s)
[2026-09-23 20:56:34 PDT] [2530/4295] A NG ohlcv-1m 2021-05-01..2021-06-01: $0.085030 1,304,296 B (10.82s)
[2026-09-23 20:56:35 PDT] [2531/4295] A NG ohlcv-1m 2022-11-01..2022-12-01: $0.098279 1,507,520 B (0.98s)
[2026-09-23 20:56:35 PDT] [2532/4295] A NG ohlcv-1m 2022-10-01..2022-11-01: $0.086615 1,328,600 B (1.82s)
[2026-09-23 20:56:35 PDT] [2533/4295] A NG ohlcv-1m 2022-12-01..2023-01-01: $0.098199 1,506,288 B (1.27s)
[2026-09-23 20:56:36 PDT] [2534/4295] A NG ohlcv-1m 2023-02-01..2023-03-01: $0.093343 1,431,808 B (0.90s)
[2026-09-23 20:56:36 PDT] [2535/4295] A NG ohlcv-1m 2023-04-01..2023-05-01: $0.086330 1,324,232 B (1.03s)
[2026-09-23 20:56:37 PDT] [2536/4295] A NG ohlcv-1m 2023-01-01..2023-02-01: $0.098243 1,506,960 B (2.09s)
[2026-09-23 20:56:37 PDT] [2537/4295] A NG ohlcv-1m 2023-05-01..2023-06-01: $0.101495 1,556,856 B (0.99s)
[2026-09-23 20:56:38 PDT] [2538/4295] A NG ohlcv-1m 2023-06-01..2023-07-01: $0.096140 1,474,704 B (1.40s)
[2026-09-23 20:56:38 PDT] [2539/4295] A NG ohlcv-1m 2023-03-01..2023-04-01: $0.106388 1,631,896 B (2.72s)
[2026-09-23 20:56:38 PDT] [2540/4295] A NG ohlcv-1m 2023-07-01..2023-08-01: $0.090897 1,394,288 B (1.68s)
[2026-09-23 20:56:39 PDT] [2541/4295] A NG ohlcv-1m 2023-10-01..2023-11-01: $0.096775 1,484,448 B (1.32s)
[2026-09-23 20:56:40 PDT] [2542/4295] A NG ohlcv-1m 2023-09-01..2023-10-01: $0.091492 1,403,416 B (2.02s)
[2026-09-23 20:56:40 PDT] [2543/4295] A NG ohlcv-1m 2023-12-01..2024-01-01: $0.089652 1,375,192 B (1.02s)
[2026-09-23 20:56:40 PDT] [2544/4295] A NG ohlcv-1m 2023-11-01..2023-12-01: $0.098560 1,511,832 B (2.10s)
[2026-09-23 20:56:41 PDT] [2545/4295] A NG ohlcv-1m 2024-01-01..2024-02-01: $0.103401 1,586,088 B (0.92s)
[2026-09-23 20:56:41 PDT] [2546/4295] A NG ohlcv-1m 2024-02-01..2024-03-01: $0.095205 1,460,368 B (1.11s)
[2026-09-23 20:56:42 PDT] [2547/4295] A NG ohlcv-1m 2024-04-01..2024-05-01: $0.095804 1,469,552 B (1.31s)
[2026-09-23 20:56:42 PDT] [2548/4295] A NG ohlcv-1m 2024-03-01..2024-04-01: $0.086268 1,323,280 B (1.77s)
[2026-09-23 20:56:43 PDT] [2549/4295] A NG ohlcv-1m 2024-07-01..2024-08-01: $0.098812 1,515,696 B (1.11s)
[2026-09-23 20:56:45 PDT] [2550/4295] A NG ohlcv-1m 2024-05-01..2024-06-01: $0.099889 1,532,216 B (3.45s)
[2026-09-23 20:56:45 PDT] [2551/4295] A NG ohlcv-1m 2024-06-01..2024-07-01: $0.088703 1,360,632 B (2.83s)
[2026-09-23 20:56:46 PDT] [2552/4295] A NG ohlcv-1m 2024-08-01..2024-09-01: $0.094541 1,450,176 B (2.33s)
[2026-09-23 20:56:46 PDT] [2553/4295] A NG ohlcv-1m 2024-10-01..2024-11-01: $0.098819 1,515,808 B (1.18s)
[2026-09-23 20:56:46 PDT] [2554/4295] A NG ohlcv-1m 2024-09-01..2024-10-01: $0.091605 1,405,152 B (1.37s)
[2026-09-23 20:56:47 PDT] [2555/4295] A NG ohlcv-1m 2024-12-01..2025-01-01: $0.097699 1,498,616 B (1.03s)
[2026-09-23 20:56:47 PDT] [2556/4295] A NG ohlcv-1m 2024-11-01..2024-12-01: $0.095019 1,457,512 B (1.68s)
[2026-09-23 20:56:47 PDT] [2557/4295] A NG ohlcv-1m 2025-01-01..2025-02-01: $0.103361 1,585,472 B (1.34s)
[2026-09-23 20:56:48 PDT] [2558/4295] A NG ohlcv-1m 2025-03-01..2025-04-01: $0.096523 1,480,584 B (0.98s)
[2026-09-23 20:56:49 PDT] [2559/4295] A NG ohlcv-1m 2023-08-01..2023-09-01: $0.101324 1,554,224 B (11.70s)
[2026-09-23 20:56:49 PDT] [2560/4295] A NG ohlcv-1m 2025-04-01..2025-05-01: $0.093142 1,428,728 B (1.22s)
[2026-09-23 20:56:50 PDT] [2561/4295] A NG ohlcv-1m 2025-05-01..2025-06-01: $0.095902 1,471,064 B (1.57s)
[2026-09-23 20:56:50 PDT] [2562/4295] A NG ohlcv-1m 2025-02-01..2025-03-01: $0.094267 1,445,976 B (3.12s)
[2026-09-23 20:56:51 PDT] [2563/4295] A NG ohlcv-1m 2025-07-01..2025-08-01: $0.101528 1,557,360 B (1.98s)
[2026-09-23 20:56:51 PDT] [2564/4295] A NG ohlcv-1m 2025-06-01..2025-07-01: $0.093909 1,440,488 B (2.41s)
[2026-09-23 20:56:52 PDT] [2565/4295] A NG ohlcv-1m 2025-11-01..2025-12-01: $0.089722 1,376,256 B (0.77s)
[2026-09-23 20:56:52 PDT] [2566/4295] A NG ohlcv-1m 2025-10-01..2025-11-01: $0.105712 1,621,536 B (1.20s)
[2026-09-23 20:56:52 PDT] [2567/4295] A NG ohlcv-1m 2025-08-01..2025-09-01: $0.092212 1,414,448 B (2.70s)
[2026-09-23 20:56:53 PDT] [2568/4295] A NG ohlcv-1m 2026-01-01..2026-02-01: $0.101861 1,562,456 B (1.19s)
[2026-09-23 20:56:53 PDT] [2569/4295] A NG ohlcv-1m 2025-12-01..2026-01-01: $0.104091 1,596,672 B (1.26s)
[2026-09-23 20:56:54 PDT] [2570/4295] A NG ohlcv-1m 2026-02-01..2026-03-01: $0.093205 1,429,680 B (1.33s)
[2026-09-23 20:56:54 PDT] [2571/4295] A NG ohlcv-1m 2026-03-01..2026-04-01: $0.106566 1,634,640 B (1.07s)
[2026-09-23 20:56:54 PDT] [2572/4295] A NG ohlcv-1m 2026-04-01..2026-05-01: $0.095479 1,464,568 B (1.35s)
[2026-09-23 20:56:56 PDT] [2573/4295] A NG ohlcv-1m 2025-09-01..2025-10-01: $0.095957 1,471,904 B (5.74s)
[2026-09-23 20:56:57 PDT] [2574/4295] A NG ohlcv-1m 2026-05-01..2026-06-01: $0.094329 1,446,928 B (2.71s)
[2026-09-23 20:56:57 PDT] [2575/4295] A QG ohlcv-1m 2019-05-01..2019-06-01: $0.014756 226,352 B (2.30s)
[2026-09-23 20:56:57 PDT] [2576/4295] A NG ohlcv-1m 2026-06-01..2026-06-21: $0.066766 1,024,128 B (3.32s)
[2026-09-23 20:56:58 PDT] [2577/4295] A QG ohlcv-1m 2019-06-01..2019-07-01: $0.015717 241,080 B (1.78s)
[2026-09-23 20:56:58 PDT] [2578/4295] A QG ohlcv-1m 2019-07-01..2019-08-01: $0.022730 348,656 B (1.26s)
[2026-09-23 20:56:58 PDT] [2579/4295] A QG ohlcv-1m 2019-08-01..2019-09-01: $0.025059 384,384 B (1.40s)
[2026-09-23 20:56:58 PDT] [2580/4295] A QG ohlcv-1m 2019-09-01..2019-10-01: $0.025201 386,568 B (1.14s)
[2026-09-23 20:56:59 PDT] [2581/4295] A QG ohlcv-1m 2019-11-01..2019-12-01: $0.035007 536,984 B (1.14s)
[2026-09-23 20:56:59 PDT] [2582/4295] A QG ohlcv-1m 2020-01-01..2020-02-01: $0.029944 459,312 B (1.03s)
[2026-09-23 20:57:00 PDT] [2583/4295] A QG ohlcv-1m 2019-12-01..2020-01-01: $0.034686 532,056 B (1.67s)
[2026-09-23 20:57:00 PDT] [2584/4295] A QG ohlcv-1m 2019-10-01..2019-11-01: $0.031915 489,552 B (2.24s)
[2026-09-23 20:57:01 PDT] [2585/4295] A QG ohlcv-1m 2020-03-01..2020-04-01: $0.041188 631,792 B (1.19s)
[2026-09-23 20:57:01 PDT] [2586/4295] A QG ohlcv-1m 2020-05-01..2020-06-01: $0.056938 873,376 B (1.24s)
[2026-09-23 20:57:01 PDT] [2587/4295] A QG ohlcv-1m 2020-02-01..2020-03-01: $0.026348 404,152 B (2.20s)
[2026-09-23 20:57:02 PDT] [2588/4295] A QG ohlcv-1m 2020-04-01..2020-05-01: $0.050870 780,304 B (2.27s)
[2026-09-23 20:57:02 PDT] [2589/4295] A QG ohlcv-1m 2020-06-01..2020-07-01: $0.041937 643,272 B (1.49s)
[2026-09-23 20:57:03 PDT] [2590/4295] A QG ohlcv-1m 2020-08-01..2020-09-01: $0.050114 768,712 B (1.60s)
[2026-09-23 20:57:03 PDT] [2591/4295] A QG ohlcv-1m 2020-10-01..2020-11-01: $0.063053 967,176 B (1.18s)
[2026-09-23 20:57:03 PDT] [2592/4295] A QG ohlcv-1m 2020-09-01..2020-10-01: $0.058361 895,216 B (1.44s)
[2026-09-23 20:57:05 PDT] [2593/4295] A QG ohlcv-1m 2020-11-01..2020-12-01: $0.053575 821,800 B (1.87s)
[2026-09-23 20:57:05 PDT] [2594/4295] A QG ohlcv-1m 2021-01-01..2021-02-01: $0.052115 799,400 B (2.05s)
[2026-09-23 20:57:06 PDT] [2595/4295] A QG ohlcv-1m 2020-07-01..2020-08-01: $0.044649 684,880 B (4.97s)
[2026-09-23 20:57:06 PDT] [2596/4295] A QG ohlcv-1m 2021-02-01..2021-03-01: $0.055284 848,008 B (1.72s)
[2026-09-23 20:57:07 PDT] [2597/4295] A QG ohlcv-1m 2020-12-01..2021-01-01: $0.061289 940,128 B (3.27s)
[2026-09-23 20:57:07 PDT] [2598/4295] A QG ohlcv-1m 2021-04-01..2021-05-01: $0.029531 452,984 B (1.08s)
[2026-09-23 20:57:07 PDT] [2599/4295] A QG ohlcv-1m 2021-05-01..2021-06-01: $0.028768 441,280 B (1.07s)
[2026-09-23 20:57:08 PDT] [2600/4295] A QG ohlcv-1m 2021-07-01..2021-08-01: $0.048015 736,512 B (1.27s)
[2026-09-23 20:57:09 PDT] [2601/4295] A QG ohlcv-1m 2021-08-01..2021-09-01: $0.049286 756,000 B (1.25s)
[2026-09-23 20:57:09 PDT] [2602/4295] A QG ohlcv-1m 2021-06-01..2021-07-01: $0.042261 648,256 B (2.58s)
[2026-09-23 20:57:09 PDT] [2603/4295] A QG ohlcv-1m 2021-03-01..2021-04-01: $0.038494 590,464 B (3.92s)
[2026-09-23 20:57:10 PDT] [2604/4295] A QG ohlcv-1m 2021-09-01..2021-10-01: $0.071256 1,093,008 B (1.20s)
[2026-09-23 20:57:12 PDT] [2605/4295] A QG ohlcv-1m 2021-11-01..2021-12-01: $0.079675 1,222,144 B (2.36s)
[2026-09-23 20:57:12 PDT] [2606/4295] A QG ohlcv-1m 2021-12-01..2022-01-01: $0.073268 1,123,864 B (2.59s)
[2026-09-23 20:57:12 PDT] [2607/4295] A QG ohlcv-1m 2021-10-01..2021-11-01: $0.086012 1,319,360 B (3.37s)
[2026-09-23 20:57:12 PDT] [2608/4295] A QG ohlcv-1m 2022-01-01..2022-02-01: $0.068266 1,047,144 B (2.53s)
[2026-09-23 20:57:13 PDT] [2609/4295] A QG ohlcv-1m 2022-02-01..2022-03-01: $0.071198 1,092,112 B (1.09s)
[2026-09-23 20:57:13 PDT] [2610/4295] A QG ohlcv-1m 2022-03-01..2022-04-01: $0.075914 1,164,464 B (1.29s)
[2026-09-23 20:57:13 PDT] [2611/4295] A QG ohlcv-1m 2022-04-01..2022-05-01: $0.080051 1,227,912 B (1.30s)
[2026-09-23 20:57:14 PDT] [2612/4295] A QG ohlcv-1m 2022-06-01..2022-07-01: $0.082763 1,269,520 B (1.68s)
[2026-09-23 20:57:15 PDT] [2613/4295] A QG ohlcv-1m 2022-05-01..2022-06-01: $0.086542 1,327,480 B (2.36s)
[2026-09-23 20:57:15 PDT] [2614/4295] A QG ohlcv-1m 2022-07-01..2022-08-01: $0.077123 1,183,000 B (1.34s)
[2026-09-23 20:57:15 PDT] [2615/4295] A QG ohlcv-1m 2022-08-01..2022-09-01: $0.082968 1,272,656 B (2.01s)
[2026-09-23 20:57:15 PDT] [2616/4295] A QG ohlcv-1m 2022-10-01..2022-11-01: $0.066400 1,018,528 B (0.98s)
[2026-09-23 20:57:16 PDT] [2617/4295] A QG ohlcv-1m 2022-11-01..2022-12-01: $0.083267 1,277,248 B (0.95s)
[2026-09-23 20:57:16 PDT] [2618/4295] A QG ohlcv-1m 2022-09-01..2022-10-01: $0.075998 1,165,752 B (2.14s)
[2026-09-23 20:57:17 PDT] [2619/4295] A QG ohlcv-1m 2023-02-01..2023-03-01: $0.072453 1,111,376 B (0.97s)
[2026-09-23 20:57:18 PDT] [2620/4295] A QG ohlcv-1m 2023-03-01..2023-04-01: $0.076995 1,181,040 B (1.14s)
[2026-09-23 20:57:18 PDT] [2621/4295] A QG ohlcv-1m 2023-04-01..2023-05-01: $0.055528 851,760 B (1.14s)
[2026-09-23 20:57:18 PDT] [2622/4295] A QG ohlcv-1m 2023-01-01..2023-02-01: $0.082468 1,264,984 B (2.39s)
[2026-09-23 20:57:19 PDT] [2623/4295] A QG ohlcv-1m 2022-12-01..2023-01-01: $0.085381 1,309,672 B (3.38s)
[2026-09-23 20:57:19 PDT] [2624/4295] A QG ohlcv-1m 2023-05-01..2023-06-01: $0.060731 931,560 B (1.14s)
[2026-09-23 20:57:19 PDT] [2625/4295] A QG ohlcv-1m 2023-07-01..2023-08-01: $0.047398 727,048 B (1.12s)
[2026-09-23 20:57:20 PDT] [2626/4295] A QG ohlcv-1m 2023-08-01..2023-09-01: $0.054576 837,144 B (1.20s)
[2026-09-23 20:57:20 PDT] [2627/4295] A QG ohlcv-1m 2023-09-01..2023-10-01: $0.050253 770,840 B (1.20s)
[2026-09-23 20:57:20 PDT] [2628/4295] A QG ohlcv-1m 2023-10-01..2023-11-01: $0.055977 858,648 B (1.35s)
[2026-09-23 20:57:21 PDT] [2629/4295] A QG ohlcv-1m 2023-12-01..2024-01-01: $0.052925 811,832 B (1.51s)
[2026-09-23 20:57:22 PDT] [2630/4295] A QG ohlcv-1m 2023-06-01..2023-07-01: $0.057146 876,568 B (4.01s)
[2026-09-23 20:57:23 PDT] [2631/4295] A QG ohlcv-1m 2023-11-01..2023-12-01: $0.060603 929,600 B (2.82s)
[2026-09-23 20:57:24 PDT] [2632/4295] A QG ohlcv-1m 2024-01-01..2024-02-01: $0.066937 1,026,760 B (3.18s)
[2026-09-23 20:57:24 PDT] [2633/4295] A QG ohlcv-1m 2024-02-01..2024-03-01: $0.047238 724,584 B (2.52s)
[2026-09-23 20:57:25 PDT] [2634/4295] A QG ohlcv-1m 2024-06-01..2024-07-01: $0.041980 643,944 B (0.96s)
[2026-09-23 20:57:25 PDT] [2635/4295] A QG ohlcv-1m 2024-04-01..2024-05-01: $0.042039 644,840 B (2.33s)
[2026-09-23 20:57:26 PDT] [2636/4295] A QG ohlcv-1m 2024-07-01..2024-08-01: $0.037647 577,472 B (1.02s)
[2026-09-23 20:57:26 PDT] [2637/4295] A QG ohlcv-1m 2024-03-01..2024-04-01: $0.039615 607,656 B (4.33s)
[2026-09-23 20:57:27 PDT] [2638/4295] A QG ohlcv-1m 2024-08-01..2024-09-01: $0.040118 615,384 B (1.69s)
[2026-09-23 20:57:27 PDT] [2639/4295] A QG ohlcv-1m 2024-05-01..2024-06-01: $0.047354 726,376 B (3.48s)
[2026-09-23 20:57:27 PDT] [2640/4295] A QG ohlcv-1m 2024-10-01..2024-11-01: $0.042481 651,616 B (1.34s)
[2026-09-23 20:57:28 PDT] [2641/4295] A QG ohlcv-1m 2024-09-01..2024-10-01: $0.038300 587,496 B (1.56s)
[2026-09-23 20:57:28 PDT] [2642/4295] A QG ohlcv-1m 2024-12-01..2025-01-01: $0.051856 795,424 B (1.30s)
[2026-09-23 20:57:29 PDT] [2643/4295] A QG ohlcv-1m 2025-02-01..2025-03-01: $0.048785 748,328 B (1.62s)
[2026-09-23 20:57:29 PDT] [2644/4295] A QG ohlcv-1m 2025-01-01..2025-02-01: $0.059683 915,488 B (1.99s)
[2026-09-23 20:57:30 PDT] [2645/4295] A QG ohlcv-1m 2025-03-01..2025-04-01: $0.053338 818,160 B (1.70s)
[2026-09-23 20:57:31 PDT] [2646/4295] A QG ohlcv-1m 2025-06-01..2025-07-01: $0.042539 652,512 B (1.18s)
[2026-09-23 20:57:31 PDT] [2647/4295] A QG ohlcv-1m 2025-04-01..2025-05-01: $0.045704 701,064 B (2.08s)
[2026-09-23 20:57:31 PDT] [2648/4295] A QG ohlcv-1m 2024-11-01..2024-12-01: $0.046416 711,984 B (4.50s)
[2026-09-23 20:57:32 PDT] [2649/4295] A QG ohlcv-1m 2025-05-01..2025-06-01: $0.045540 698,544 B (2.42s)
[2026-09-23 20:57:32 PDT] [2650/4295] A QG ohlcv-1m 2025-07-01..2025-08-01: $0.043744 670,992 B (1.16s)
[2026-09-23 20:57:33 PDT] [2651/4295] A QG ohlcv-1m 2025-10-01..2025-11-01: $0.048680 746,704 B (1.15s)
[2026-09-23 20:57:34 PDT] [2652/4295] A QG ohlcv-1m 2025-08-01..2025-09-01: $0.037220 570,920 B (2.58s)
[2026-09-23 20:57:34 PDT] [2653/4295] A QG ohlcv-1m 2025-12-01..2026-01-01: $0.056854 872,088 B (1.32s)
[2026-09-23 20:57:34 PDT] [2654/4295] A QG ohlcv-1m 2025-11-01..2025-12-01: $0.045357 695,744 B (2.07s)
[2026-09-23 20:57:35 PDT] [2655/4295] A QG ohlcv-1m 2025-09-01..2025-10-01: $0.036333 557,312 B (3.25s)
[2026-09-23 20:57:35 PDT] [2656/4295] A QG ohlcv-1m 2026-01-01..2026-02-01: $0.066620 1,021,888 B (0.91s)
[2026-09-23 20:57:36 PDT] [2657/4295] A QG ohlcv-1m 2026-03-01..2026-04-01: $0.052867 810,936 B (1.10s)
[2026-09-23 20:57:36 PDT] [2658/4295] A QG ohlcv-1m 2026-05-01..2026-06-01: $0.030714 471,128 B (1.34s)
[2026-09-23 20:57:37 PDT] [2659/4295] A QG ohlcv-1m 2026-04-01..2026-05-01: $0.031386 481,432 B (2.16s)
[2026-09-23 20:57:37 PDT] [2660/4295] A QG ohlcv-1m 2026-02-01..2026-03-01: $0.047259 724,920 B (2.49s)
[2026-09-23 20:57:38 PDT] [2661/4295] A MNG ohlcv-1m 2019-05-01..2019-06-01: $0.000000 0 B (1.57s)
[2026-09-23 20:57:38 PDT] [2662/4295] A QG ohlcv-1m 2026-06-01..2026-06-21: $0.022598 346,640 B (2.72s)
[2026-09-23 20:57:38 PDT] [2663/4295] A MNG ohlcv-1m 2019-06-01..2019-07-01: $0.000000 0 B (1.71s)
[2026-09-23 20:57:39 PDT] [2664/4295] A MNG ohlcv-1m 2019-07-01..2019-08-01: $0.000000 0 B (2.44s)
[2026-09-23 20:57:40 PDT] [2665/4295] A MNG ohlcv-1m 2019-09-01..2019-10-01: $0.000000 0 B (1.32s)
[2026-09-23 20:57:40 PDT] [2666/4295] A MNG ohlcv-1m 2019-10-01..2019-11-01: $0.000000 0 B (1.27s)
[2026-09-23 20:57:40 PDT] [2667/4295] A MNG ohlcv-1m 2019-08-01..2019-09-01: $0.000000 0 B (2.10s)
[2026-09-23 20:57:40 PDT] [2668/4295] A MNG ohlcv-1m 2020-02-01..2020-03-01: QUOTE FAILED (0.74s)
[2026-09-23 20:57:41 PDT] [2669/4295] A MNG ohlcv-1m 2019-12-01..2020-01-01: $0.000000 0 B (1.36s)
[2026-09-23 20:57:41 PDT] [2670/4295] A MNG ohlcv-1m 2020-03-01..2020-04-01: QUOTE FAILED (0.63s)
[2026-09-23 20:57:42 PDT] [2671/4295] A MNG ohlcv-1m 2020-04-01..2020-05-01: QUOTE FAILED (0.76s)
[2026-09-23 20:57:42 PDT] [2672/4295] A MNG ohlcv-1m 2019-11-01..2019-12-01: $0.000000 0 B (2.86s)
[2026-09-23 20:57:43 PDT] [2673/4295] A MNG ohlcv-1m 2020-07-01..2020-08-01: QUOTE FAILED (0.69s)
[2026-09-23 20:57:43 PDT] [2674/4295] A MNG ohlcv-1m 2020-01-01..2020-02-01: QUOTE FAILED (3.20s)
[2026-09-23 20:57:43 PDT] [2675/4295] A MNG ohlcv-1m 2020-05-01..2020-06-01: QUOTE FAILED (1.96s)
[2026-09-23 20:57:44 PDT] [2676/4295] A MNG ohlcv-1m 2020-08-01..2020-09-01: QUOTE FAILED (0.91s)
[2026-09-23 20:57:44 PDT] [2677/4295] A MNG ohlcv-1m 2020-10-01..2020-11-01: QUOTE FAILED (0.90s)
[2026-09-23 20:57:44 PDT] [2678/4295] A MNG ohlcv-1m 2020-11-01..2020-12-01: QUOTE FAILED (0.61s)
[2026-09-23 20:57:45 PDT] [2679/4295] A MNG ohlcv-1m 2020-12-01..2021-01-01: QUOTE FAILED (0.84s)
[2026-09-23 20:57:45 PDT] [2680/4295] A MNG ohlcv-1m 2021-02-01..2021-03-01: QUOTE FAILED (0.72s)
[2026-09-23 20:57:46 PDT] [2681/4295] A MNG ohlcv-1m 2021-01-01..2021-02-01: QUOTE FAILED (1.33s)
[2026-09-23 20:57:46 PDT] [2682/4295] A MNG ohlcv-1m 2021-03-01..2021-04-01: QUOTE FAILED (0.76s)
[2026-09-23 20:57:46 PDT] [2683/4295] A MNG ohlcv-1m 2021-04-01..2021-05-01: QUOTE FAILED (0.72s)
[2026-09-23 20:57:47 PDT] [2684/4295] A MNG ohlcv-1m 2021-05-01..2021-06-01: QUOTE FAILED (0.63s)
[2026-09-23 20:57:47 PDT] [2685/4295] A MNG ohlcv-1m 2020-06-01..2020-07-01: QUOTE FAILED (5.53s)
[2026-09-23 20:57:47 PDT] [2686/4295] A MNG ohlcv-1m 2020-09-01..2020-10-01: QUOTE FAILED (4.39s)
[2026-09-23 20:57:48 PDT] [2687/4295] A MNG ohlcv-1m 2021-07-01..2021-08-01: QUOTE FAILED (1.24s)
[2026-09-23 20:57:48 PDT] [2688/4295] A MNG ohlcv-1m 2021-08-01..2021-09-01: QUOTE FAILED (0.97s)
[2026-09-23 20:57:48 PDT] [2689/4295] A MNG ohlcv-1m 2021-06-01..2021-07-01: QUOTE FAILED (1.98s)
[2026-09-23 20:57:49 PDT] [2690/4295] A MNG ohlcv-1m 2021-09-01..2021-10-01: QUOTE FAILED (1.59s)
[2026-09-23 20:57:49 PDT] [2691/4295] A MNG ohlcv-1m 2021-11-01..2021-12-01: QUOTE FAILED (0.80s)
[2026-09-23 20:57:49 PDT] [2692/4295] A MNG ohlcv-1m 2021-12-01..2022-01-01: QUOTE FAILED (1.09s)
[2026-09-23 20:57:50 PDT] [2693/4295] A MNG ohlcv-1m 2022-02-01..2022-03-01: QUOTE FAILED (0.97s)
[2026-09-23 20:57:50 PDT] [2694/4295] A MNG ohlcv-1m 2022-01-01..2022-02-01: QUOTE FAILED (1.19s)
[2026-09-23 20:57:50 PDT] [2695/4295] A MNG ohlcv-1m 2022-03-01..2022-04-01: QUOTE FAILED (0.85s)
[2026-09-23 20:57:51 PDT] [2696/4295] A MNG ohlcv-1m 2022-04-01..2022-05-01: QUOTE FAILED (0.58s)
[2026-09-23 20:57:51 PDT] [2697/4295] A MNG ohlcv-1m 2022-05-01..2022-06-01: QUOTE FAILED (0.59s)
[2026-09-23 20:57:51 PDT] [2698/4295] A MNG ohlcv-1m 2022-06-01..2022-07-01: QUOTE FAILED (0.52s)
[2026-09-23 20:57:51 PDT] [2699/4295] A MNG ohlcv-1m 2022-08-01..2022-09-01: QUOTE FAILED (0.41s)
[2026-09-23 20:57:51 PDT] [2700/4295] A MNG ohlcv-1m 2022-07-01..2022-08-01: QUOTE FAILED (0.54s)
[2026-09-23 20:57:51 PDT] [2701/4295] A MNG ohlcv-1m 2022-09-01..2022-10-01: QUOTE FAILED (0.65s)
[2026-09-23 20:57:52 PDT] [2702/4295] A MNG ohlcv-1m 2022-11-01..2022-12-01: QUOTE FAILED (0.50s)
[2026-09-23 20:57:52 PDT] [2703/4295] A MNG ohlcv-1m 2021-10-01..2021-11-01: QUOTE FAILED (3.99s)
[2026-09-23 20:57:52 PDT] [2704/4295] A MNG ohlcv-1m 2022-12-01..2023-01-01: QUOTE FAILED (0.77s)
[2026-09-23 20:57:53 PDT] [2705/4295] A MNG ohlcv-1m 2023-02-01..2023-03-01: QUOTE FAILED (0.51s)
[2026-09-23 20:57:54 PDT] [2706/4295] A MNG ohlcv-1m 2023-04-01..2023-05-01: QUOTE FAILED (0.98s)
[2026-09-23 20:57:54 PDT] [2707/4295] A MNG ohlcv-1m 2023-03-01..2023-04-01: QUOTE FAILED (1.63s)
[2026-09-23 20:57:54 PDT] [2708/4295] A MNG ohlcv-1m 2022-10-01..2022-11-01: QUOTE FAILED (3.25s)
[2026-09-23 20:57:54 PDT] [2709/4295] A MNG ohlcv-1m 2023-05-01..2023-06-01: QUOTE FAILED (0.69s)
[2026-09-23 20:57:54 PDT] [2710/4295] A MNG ohlcv-1m 2023-06-01..2023-07-01: QUOTE FAILED (0.58s)
[2026-09-23 20:57:54 PDT] [2711/4295] A MNG ohlcv-1m 2023-01-01..2023-02-01: QUOTE FAILED (2.88s)
[2026-09-23 20:57:55 PDT] [2712/4295] A MNG ohlcv-1m 2023-08-01..2023-09-01: QUOTE FAILED (0.54s)
[2026-09-23 20:57:55 PDT] [2713/4295] A MNG ohlcv-1m 2023-09-01..2023-10-01: QUOTE FAILED (0.67s)
[2026-09-23 20:57:56 PDT] [2714/4295] A MNG ohlcv-1m 2023-07-01..2023-08-01: QUOTE FAILED (1.91s)
[2026-09-23 20:57:56 PDT] [2715/4295] A MNG ohlcv-1m 2023-11-01..2023-12-01: $0.015319 234,976 B (1.37s)
[2026-09-23 20:57:56 PDT] [2716/4295] A MNG ohlcv-1m 2023-10-01..2023-11-01: $0.000000 0 B (2.01s)
[2026-09-23 20:57:58 PDT] [2717/4295] A MNG ohlcv-1m 2024-01-01..2024-02-01: $0.047446 727,776 B (1.39s)
[2026-09-23 20:57:58 PDT] [2718/4295] A MNG ohlcv-1m 2023-12-01..2024-01-01: $0.020762 318,472 B (2.67s)
[2026-09-23 20:57:58 PDT] [2719/4295] A MNG ohlcv-1m 2024-03-01..2024-04-01: $0.029834 457,632 B (1.31s)
[2026-09-23 20:57:59 PDT] [2720/4295] A MNG ohlcv-1m 2024-05-01..2024-06-01: $0.045215 693,560 B (1.07s)
[2026-09-23 20:57:59 PDT] [2721/4295] A MNG ohlcv-1m 2024-02-01..2024-03-01: $0.036654 562,240 B (2.66s)
[2026-09-23 20:57:59 PDT] [2722/4295] A MNG ohlcv-1m 2024-04-01..2024-05-01: $0.033595 515,312 B (1.35s)
[2026-09-23 20:58:00 PDT] [2723/4295] A MNG ohlcv-1m 2024-08-01..2024-09-01: $0.051016 782,544 B (1.13s)
[2026-09-23 20:58:00 PDT] [2724/4295] A MNG ohlcv-1m 2024-07-01..2024-08-01: $0.049450 758,520 B (1.51s)
[2026-09-23 20:58:01 PDT] [2725/4295] A MNG ohlcv-1m 2024-06-01..2024-07-01: $0.045365 695,856 B (2.80s)
[2026-09-23 20:58:01 PDT] [2726/4295] A MNG ohlcv-1m 2024-10-01..2024-11-01: $0.056821 871,584 B (0.86s)
[2026-09-23 20:58:02 PDT] [2727/4295] A MNG ohlcv-1m 2024-12-01..2025-01-01: $0.069416 1,064,784 B (1.10s)
[2026-09-23 20:58:02 PDT] [2728/4295] A MNG ohlcv-1m 2025-01-01..2025-02-01: $0.080642 1,236,984 B (1.05s)
[2026-09-23 20:58:02 PDT] [2729/4295] A MNG ohlcv-1m 2024-11-01..2024-12-01: $0.063969 981,232 B (2.16s)
[2026-09-23 20:58:04 PDT] [2730/4295] A MNG ohlcv-1m 2024-09-01..2024-10-01: $0.049129 753,592 B (4.76s)
[2026-09-23 20:58:05 PDT] [2731/4295] A MNG ohlcv-1m 2025-02-01..2025-03-01: $0.064192 984,648 B (3.16s)
[2026-09-23 20:58:05 PDT] [2732/4295] A MNG ohlcv-1m 2025-05-01..2025-06-01: $0.074283 1,139,432 B (1.25s)
[2026-09-23 20:58:05 PDT] [2733/4295] A MNG ohlcv-1m 2025-03-01..2025-04-01: $0.077408 1,187,368 B (3.17s)
[2026-09-23 20:58:06 PDT] [2734/4295] A MNG ohlcv-1m 2025-06-01..2025-07-01: $0.071913 1,103,088 B (1.31s)
[2026-09-23 20:58:06 PDT] [2735/4295] A MNG ohlcv-1m 2025-07-01..2025-08-01: $0.078616 1,205,904 B (1.24s)
[2026-09-23 20:58:07 PDT] [2736/4295] A MNG ohlcv-1m 2025-08-01..2025-09-01: $0.065630 1,006,712 B (1.85s)
[2026-09-23 20:58:08 PDT] [2737/4295] A MNG ohlcv-1m 2025-10-01..2025-11-01: $0.082186 1,260,672 B (1.50s)
[2026-09-23 20:58:08 PDT] [2738/4295] A MNG ohlcv-1m 2025-04-01..2025-05-01: $0.068909 1,057,000 B (5.55s)
[2026-09-23 20:58:09 PDT] [2739/4295] A MNG ohlcv-1m 2025-11-01..2025-12-01: $0.072329 1,109,472 B (1.76s)
[2026-09-23 20:58:09 PDT] [2740/4295] A MNG ohlcv-1m 2026-01-01..2026-02-01: $0.089149 1,367,464 B (0.90s)
[2026-09-23 20:58:09 PDT] [2741/4295] A MNG ohlcv-1m 2025-09-01..2025-10-01: $0.073253 1,123,640 B (2.82s)
[2026-09-23 20:58:09 PDT] [2742/4295] A MNG ohlcv-1m 2025-12-01..2026-01-01: $0.088451 1,356,768 B (1.32s)
[2026-09-23 20:58:10 PDT] [2743/4295] A MNG ohlcv-1m 2026-02-01..2026-03-01: $0.075203 1,153,544 B (1.23s)
[2026-09-23 20:58:10 PDT] [2744/4295] A MNG ohlcv-1m 2026-03-01..2026-04-01: $0.091051 1,396,640 B (1.28s)
[2026-09-23 20:58:11 PDT] [2745/4295] A MNG ohlcv-1m 2026-05-01..2026-06-01: $0.068178 1,045,800 B (1.83s)
[2026-09-23 20:58:11 PDT] [2746/4295] A MNG ohlcv-1m 2026-06-01..2026-06-21: $0.049140 753,760 B (1.21s)
[2026-09-23 20:58:12 PDT] [2747/4295] A MNG ohlcv-1m 2026-04-01..2026-05-01: $0.068083 1,044,344 B (2.69s)
[2026-09-23 20:58:12 PDT] [2748/4295] A RB ohlcv-1m 2019-05-01..2019-06-01: $0.087075 1,335,656 B (1.49s)
[2026-09-23 20:58:12 PDT] [2749/4295] A RB ohlcv-1m 2019-07-01..2019-08-01: $0.080719 1,238,160 B (1.13s)
[2026-09-23 20:58:13 PDT] [2750/4295] A RB ohlcv-1m 2019-08-01..2019-09-01: $0.077594 1,190,224 B (0.99s)
[2026-09-23 20:58:13 PDT] [2751/4295] A RB ohlcv-1m 2019-06-01..2019-07-01: $0.074239 1,138,760 B (2.54s)
[2026-09-23 20:58:14 PDT] [2752/4295] A RB ohlcv-1m 2019-11-01..2019-12-01: $0.071782 1,101,072 B (1.18s)
[2026-09-23 20:58:15 PDT] [2753/4295] A RB ohlcv-1m 2019-10-01..2019-11-01: $0.079248 1,215,592 B (2.52s)
[2026-09-23 20:58:15 PDT] [2754/4295] A RB ohlcv-1m 2019-12-01..2020-01-01: $0.072589 1,113,448 B (1.57s)
[2026-09-23 20:58:15 PDT] [2755/4295] A RB ohlcv-1m 2019-09-01..2019-10-01: $0.074936 1,149,456 B (3.30s)
[2026-09-23 20:58:16 PDT] [2756/4295] A RB ohlcv-1m 2020-02-01..2020-03-01: $0.077670 1,191,400 B (1.17s)
[2026-09-23 20:58:16 PDT] [2757/4295] A RB ohlcv-1m 2020-03-01..2020-04-01: $0.087805 1,346,856 B (1.08s)
[2026-09-23 20:58:16 PDT] [2758/4295] A RB ohlcv-1m 2020-04-01..2020-05-01: $0.076086 1,167,096 B (1.38s)
[2026-09-23 20:58:17 PDT] [2759/4295] A RB ohlcv-1m 2020-05-01..2020-06-01: $0.073571 1,128,512 B (1.06s)
[2026-09-23 20:58:17 PDT] [2760/4295] A RB ohlcv-1m 2020-06-01..2020-07-01: $0.080704 1,237,936 B (1.29s)
[2026-09-23 20:58:18 PDT] [2761/4295] A RB ohlcv-1m 2020-07-01..2020-08-01: $0.077959 1,195,824 B (1.39s)
[2026-09-23 20:58:18 PDT] [2762/4295] A RB ohlcv-1m 2020-01-01..2020-02-01: $0.086659 1,329,272 B (4.03s)
[2026-09-23 20:58:19 PDT] [2763/4295] A RB ohlcv-1m 2020-08-01..2020-09-01: $0.075641 1,160,264 B (1.55s)
[2026-09-23 20:58:19 PDT] [2764/4295] A RB ohlcv-1m 2020-11-01..2020-12-01: $0.076918 1,179,864 B (1.20s)
[2026-09-23 20:58:19 PDT] [2765/4295] A RB ohlcv-1m 2020-12-01..2021-01-01: $0.081781 1,254,456 B (0.89s)
[2026-09-23 20:58:20 PDT] [2766/4295] A RB ohlcv-1m 2020-10-01..2020-11-01: $0.078966 1,211,280 B (2.30s)
[2026-09-23 20:58:21 PDT] [2767/4295] A RB ohlcv-1m 2021-02-01..2021-03-01: $0.068755 1,054,648 B (1.16s)
[2026-09-23 20:58:22 PDT] [2768/4295] A RB ohlcv-1m 2021-01-01..2021-02-01: $0.069858 1,071,560 B (2.75s)
[2026-09-23 20:58:22 PDT] [2769/4295] A RB ohlcv-1m 2020-09-01..2020-10-01: $0.076557 1,174,320 B (5.01s)
[2026-09-23 20:58:22 PDT] [2770/4295] A RB ohlcv-1m 2021-03-01..2021-04-01: $0.079459 1,218,840 B (2.31s)
[2026-09-23 20:58:23 PDT] [2771/4295] A RB ohlcv-1m 2021-04-01..2021-05-01: $0.067576 1,036,560 B (2.80s)
[2026-09-23 20:58:24 PDT] [2772/4295] A RB ohlcv-1m 2021-06-01..2021-07-01: $0.072340 1,109,640 B (1.26s)
[2026-09-23 20:58:24 PDT] [2773/4295] A RB ohlcv-1m 2021-05-01..2021-06-01: $0.067897 1,041,488 B (2.49s)
[2026-09-23 20:58:24 PDT] [2774/4295] A RB ohlcv-1m 2021-08-01..2021-09-01: $0.079087 1,213,128 B (0.94s)
[2026-09-23 20:58:25 PDT] [2775/4295] A RB ohlcv-1m 2021-07-01..2021-08-01: $0.072629 1,114,064 B (2.28s)
[2026-09-23 20:58:25 PDT] [2776/4295] A RB ohlcv-1m 2021-09-01..2021-10-01: $0.075228 1,153,936 B (1.33s)
[2026-09-23 20:58:26 PDT] [2777/4295] A RB ohlcv-1m 2021-12-01..2022-01-01: $0.077882 1,194,648 B (0.97s)
[2026-09-23 20:58:26 PDT] [2778/4295] A RB ohlcv-1m 2021-11-01..2021-12-01: $0.079525 1,219,848 B (1.30s)
[2026-09-23 20:58:26 PDT] [2779/4295] A RB ohlcv-1m 2022-01-01..2022-02-01: $0.072994 1,119,664 B (1.02s)
[2026-09-23 20:58:26 PDT] [2780/4295] A RB ohlcv-1m 2021-10-01..2021-11-01: $0.076433 1,172,416 B (1.68s)
[2026-09-23 20:58:27 PDT] [2781/4295] A RB ohlcv-1m 2022-05-01..2022-06-01: $0.073505 1,127,504 B (0.94s)
[2026-09-23 20:58:27 PDT] [2782/4295] A RB ohlcv-1m 2022-03-01..2022-04-01: $0.075801 1,162,728 B (1.40s)
[2026-09-23 20:58:27 PDT] [2783/4295] A RB ohlcv-1m 2022-02-01..2022-03-01: $0.074363 1,140,664 B (1.55s)
[2026-09-23 20:58:28 PDT] [2784/4295] A RB ohlcv-1m 2022-04-01..2022-05-01: $0.062527 959,112 B (1.72s)
[2026-09-23 20:58:28 PDT] [2785/4295] A RB ohlcv-1m 2022-06-01..2022-07-01: $0.069566 1,067,080 B (1.19s)
[2026-09-23 20:58:29 PDT] [2786/4295] A RB ohlcv-1m 2022-07-01..2022-08-01: $0.062918 965,104 B (1.65s)
[2026-09-23 20:58:29 PDT] [2787/4295] A RB ohlcv-1m 2022-09-01..2022-10-01: $0.070219 1,077,104 B (1.20s)
[2026-09-23 20:58:29 PDT] [2788/4295] A RB ohlcv-1m 2022-10-01..2022-11-01: $0.065364 1,002,624 B (1.02s)
[2026-09-23 20:58:30 PDT] [2789/4295] A RB ohlcv-1m 2022-08-01..2022-09-01: $0.071041 1,089,704 B (2.70s)
[2026-09-23 20:58:30 PDT] [2790/4295] A RB ohlcv-1m 2023-01-01..2023-02-01: $0.069573 1,067,192 B (0.92s)
[2026-09-23 20:58:31 PDT] [2791/4295] A RB ohlcv-1m 2022-11-01..2022-12-01: $0.067656 1,037,792 B (1.98s)
[2026-09-23 20:58:31 PDT] [2792/4295] A RB ohlcv-1m 2023-02-01..2023-03-01: $0.065747 1,008,504 B (1.04s)
[2026-09-23 20:58:32 PDT] [2793/4295] A RB ohlcv-1m 2022-12-01..2023-01-01: $0.064484 989,128 B (2.70s)
[2026-09-23 20:58:32 PDT] [2794/4295] A RB ohlcv-1m 2023-05-01..2023-06-01: $0.077590 1,190,168 B (0.81s)
[2026-09-23 20:58:32 PDT] [2795/4295] A RB ohlcv-1m 2023-03-01..2023-04-01: $0.077941 1,195,544 B (1.87s)
[2026-09-23 20:58:33 PDT] [2796/4295] A RB ohlcv-1m 2023-07-01..2023-08-01: $0.069675 1,068,760 B (1.39s)
[2026-09-23 20:58:33 PDT] [2797/4295] A RB ohlcv-1m 2023-08-01..2023-09-01: $0.077017 1,181,376 B (1.37s)
[2026-09-23 20:58:33 PDT] [2798/4295] A RB ohlcv-1m 2023-06-01..2023-07-01: $0.075268 1,154,552 B (1.85s)
[2026-09-23 20:58:34 PDT] [2799/4295] A RB ohlcv-1m 2023-04-01..2023-05-01: $0.064816 994,224 B (3.04s)
[2026-09-23 20:58:34 PDT] [2800/4295] A RB ohlcv-1m 2023-09-01..2023-10-01: $0.068171 1,045,688 B (0.89s)
[2026-09-23 20:58:34 PDT] [2801/4295] A RB ohlcv-1m 2023-10-01..2023-11-01: $0.072965 1,119,216 B (1.12s)
[2026-09-23 20:58:35 PDT] [2802/4295] A RB ohlcv-1m 2023-11-01..2023-12-01: $0.068733 1,054,312 B (1.45s)
[2026-09-23 20:58:35 PDT] [2803/4295] A RB ohlcv-1m 2024-01-01..2024-02-01: $0.074498 1,142,736 B (0.96s)
[2026-09-23 20:58:36 PDT] [2804/4295] A RB ohlcv-1m 2023-12-01..2024-01-01: $0.064345 987,000 B (1.94s)
[2026-09-23 20:58:36 PDT] [2805/4295] A RB ohlcv-1m 2024-02-01..2024-03-01: $0.069591 1,067,472 B (1.41s)
[2026-09-23 20:58:36 PDT] [2806/4295] A RB ohlcv-1m 2024-03-01..2024-04-01: $0.067331 1,032,808 B (1.41s)
[2026-09-23 20:58:36 PDT] [2807/4295] A RB ohlcv-1m 2024-04-01..2024-05-01: $0.078824 1,209,096 B (1.41s)
[2026-09-23 20:58:37 PDT] [2808/4295] A RB ohlcv-1m 2024-06-01..2024-07-01: $0.072030 1,104,880 B (0.95s)
[2026-09-23 20:58:37 PDT] [2809/4295] A RB ohlcv-1m 2024-05-01..2024-06-01: $0.081456 1,249,472 B (1.68s)
[2026-09-23 20:58:38 PDT] [2810/4295] A RB ohlcv-1m 2024-09-01..2024-10-01: $0.077032 1,181,600 B (1.31s)
[2026-09-23 20:58:38 PDT] [2811/4295] A RB ohlcv-1m 2024-10-01..2024-11-01: $0.082548 1,266,216 B (1.13s)
[2026-09-23 20:58:39 PDT] [2812/4295] A RB ohlcv-1m 2024-08-01..2024-09-01: $0.079689 1,222,368 B (2.83s)
[2026-09-23 20:58:40 PDT] [2813/4295] A RB ohlcv-1m 2024-12-01..2025-01-01: $0.075812 1,162,896 B (1.18s)
[2026-09-23 20:58:40 PDT] [2814/4295] A RB ohlcv-1m 2024-11-01..2024-12-01: $0.076896 1,179,528 B (1.64s)
[2026-09-23 20:58:41 PDT] [2815/4295] A RB ohlcv-1m 2025-02-01..2025-03-01: $0.073753 1,131,312 B (1.08s)
[2026-09-23 20:58:41 PDT] [2816/4295] A RB ohlcv-1m 2025-03-01..2025-04-01: $0.074571 1,143,856 B (1.36s)
[2026-09-23 20:58:41 PDT] [2817/4295] A RB ohlcv-1m 2025-01-01..2025-02-01: $0.084231 1,292,032 B (2.02s)
[2026-09-23 20:58:42 PDT] [2818/4295] A RB ohlcv-1m 2024-07-01..2024-08-01: $0.082621 1,267,336 B (5.46s)
[2026-09-23 20:58:42 PDT] [2819/4295] A RB ohlcv-1m 2025-04-01..2025-05-01: $0.081683 1,252,944 B (1.15s)
[2026-09-23 20:58:43 PDT] [2820/4295] A RB ohlcv-1m 2025-07-01..2025-08-01: $0.080967 1,241,968 B (1.52s)
[2026-09-23 20:58:43 PDT] [2821/4295] A RB ohlcv-1m 2025-06-01..2025-07-01: $0.082300 1,262,408 B (2.19s)
[2026-09-23 20:58:44 PDT] [2822/4295] A RB ohlcv-1m 2025-08-01..2025-09-01: $0.075454 1,157,408 B (1.72s)
[2026-09-23 20:58:44 PDT] [2823/4295] A RB ohlcv-1m 2025-09-01..2025-10-01: $0.081770 1,254,288 B (1.12s)
[2026-09-23 20:58:45 PDT] [2824/4295] A RB ohlcv-1m 2025-11-01..2025-12-01: $0.074929 1,149,344 B (1.49s)
[2026-09-23 20:58:46 PDT] [2825/4295] A RB ohlcv-1m 2025-12-01..2026-01-01: $0.079715 1,222,760 B (1.73s)
[2026-09-23 20:58:47 PDT] [2826/4295] A RB ohlcv-1m 2025-10-01..2025-11-01: $0.091825 1,408,512 B (3.13s)
[2026-09-23 20:58:47 PDT] [2827/4295] A RB ohlcv-1m 2026-01-01..2026-02-01: $0.081219 1,245,832 B (1.65s)
[2026-09-23 20:58:47 PDT] [2828/4295] A RB ohlcv-1m 2025-05-01..2025-06-01: $0.079941 1,226,232 B (6.05s)
[2026-09-23 20:58:48 PDT] [2829/4295] A RB ohlcv-1m 2026-02-01..2026-03-01: $0.077681 1,191,568 B (1.43s)
[2026-09-23 20:58:48 PDT] [2830/4295] A RB ohlcv-1m 2026-04-01..2026-05-01: $0.085625 1,313,424 B (1.00s)
[2026-09-23 20:58:48 PDT] [2831/4295] A RB ohlcv-1m 2026-03-01..2026-04-01: $0.097954 1,502,536 B (1.25s)
[2026-09-23 20:58:49 PDT] [2832/4295] A RB ohlcv-1m 2026-05-01..2026-06-01: $0.080368 1,232,784 B (1.50s)
[2026-09-23 20:58:49 PDT] [2833/4295] A HO ohlcv-1m 2019-05-01..2019-06-01: $0.088126 1,351,784 B (1.29s)
[2026-09-23 20:58:49 PDT] [2834/4295] A HO ohlcv-1m 2019-06-01..2019-07-01: $0.075812 1,162,896 B (1.31s)
[2026-09-23 20:58:49 PDT] [2835/4295] A RB ohlcv-1m 2026-06-01..2026-06-21: $0.055590 852,712 B (1.62s)
[2026-09-23 20:58:50 PDT] [2836/4295] A HO ohlcv-1m 2019-10-01..2019-11-01: $0.081580 1,251,376 B (1.25s)
[2026-09-23 20:58:50 PDT] [2837/4295] A HO ohlcv-1m 2019-08-01..2019-09-01: $0.080927 1,241,352 B (1.41s)
[2026-09-23 20:58:51 PDT] [2838/4295] A HO ohlcv-1m 2019-09-01..2019-10-01: $0.076159 1,168,216 B (1.98s)
[2026-09-23 20:58:51 PDT] [2839/4295] A HO ohlcv-1m 2019-07-01..2019-08-01: $0.082062 1,258,768 B (2.49s)
[2026-09-23 20:58:52 PDT] [2840/4295] A HO ohlcv-1m 2019-11-01..2019-12-01: $0.075969 1,165,304 B (1.39s)
[2026-09-23 20:58:52 PDT] [2841/4295] A HO ohlcv-1m 2019-12-01..2020-01-01: $0.076009 1,165,920 B (1.42s)
[2026-09-23 20:58:53 PDT] [2842/4295] A HO ohlcv-1m 2020-01-01..2020-02-01: $0.088605 1,359,120 B (1.54s)
[2026-09-23 20:58:53 PDT] [2843/4295] A HO ohlcv-1m 2020-04-01..2020-05-01: $0.083556 1,281,672 B (1.22s)
[2026-09-23 20:58:53 PDT] [2844/4295] A HO ohlcv-1m 2020-02-01..2020-03-01: $0.075334 1,155,560 B (2.28s)
[2026-09-23 20:58:54 PDT] [2845/4295] A HO ohlcv-1m 2020-05-01..2020-06-01: $0.077645 1,191,008 B (1.18s)
[2026-09-23 20:58:54 PDT] [2846/4295] A HO ohlcv-1m 2020-03-01..2020-04-01: $0.092109 1,412,880 B (2.23s)
[2026-09-23 20:58:55 PDT] [2847/4295] A HO ohlcv-1m 2020-08-01..2020-09-01: $0.076331 1,170,848 B (1.14s)
[2026-09-23 20:58:55 PDT] [2848/4295] A HO ohlcv-1m 2020-06-01..2020-07-01: $0.083603 1,282,400 B (1.94s)
[2026-09-23 20:58:56 PDT] [2849/4295] A HO ohlcv-1m 2020-10-01..2020-11-01: $0.088152 1,352,176 B (1.13s)
[2026-09-23 20:58:56 PDT] [2850/4295] A HO ohlcv-1m 2020-09-01..2020-10-01: $0.084530 1,296,624 B (2.14s)
[2026-09-23 20:58:56 PDT] [2851/4295] A HO ohlcv-1m 2020-11-01..2020-12-01: $0.082048 1,258,544 B (1.37s)
[2026-09-23 20:58:57 PDT] [2852/4295] A HO ohlcv-1m 2020-07-01..2020-08-01: $0.080197 1,230,152 B (3.78s)
[2026-09-23 20:58:57 PDT] [2853/4295] A HO ohlcv-1m 2021-01-01..2021-02-01: $0.074794 1,147,272 B (1.15s)
[2026-09-23 20:58:58 PDT] [2854/4295] A HO ohlcv-1m 2021-03-01..2021-04-01: $0.081737 1,253,784 B (1.03s)
[2026-09-23 20:58:59 PDT] [2855/4295] A HO ohlcv-1m 2021-02-01..2021-03-01: $0.073140 1,121,904 B (2.13s)
[2026-09-23 20:58:59 PDT] [2856/4295] A HO ohlcv-1m 2021-04-01..2021-05-01: $0.072329 1,109,472 B (1.29s)
[2026-09-23 20:58:59 PDT] [2857/4295] A HO ohlcv-1m 2020-12-01..2021-01-01: $0.084198 1,291,528 B (3.06s)
[2026-09-23 20:59:00 PDT] [2858/4295] A HO ohlcv-1m 2021-05-01..2021-06-01: $0.071822 1,101,688 B (1.35s)
[2026-09-23 20:59:00 PDT] [2859/4295] A HO ohlcv-1m 2021-07-01..2021-08-01: $0.077126 1,183,056 B (1.34s)
[2026-09-23 20:59:00 PDT] [2860/4295] A HO ohlcv-1m 2021-06-01..2021-07-01: $0.076550 1,174,208 B (1.57s)
[2026-09-23 20:59:00 PDT] [2861/4295] A HO ohlcv-1m 2021-08-01..2021-09-01: $0.081602 1,251,712 B (1.09s)
[2026-09-23 20:59:01 PDT] [2862/4295] A HO ohlcv-1m 2021-09-01..2021-10-01: $0.079817 1,224,328 B (1.08s)
[2026-09-23 20:59:01 PDT] [2863/4295] A HO ohlcv-1m 2021-10-01..2021-11-01: $0.078017 1,196,720 B (1.28s)
[2026-09-23 20:59:02 PDT] [2864/4295] A HO ohlcv-1m 2022-01-01..2022-02-01: $0.078985 1,211,560 B (1.37s)
[2026-09-23 20:59:03 PDT] [2865/4295] A HO ohlcv-1m 2022-02-01..2022-03-01: $0.074593 1,144,192 B (1.64s)
[2026-09-23 20:59:03 PDT] [2866/4295] A HO ohlcv-1m 2022-03-01..2022-04-01: $0.077725 1,192,240 B (1.42s)
[2026-09-23 20:59:04 PDT] [2867/4295] A HO ohlcv-1m 2021-11-01..2021-12-01: $0.080423 1,233,624 B (3.72s)
[2026-09-23 20:59:04 PDT] [2868/4295] A HO ohlcv-1m 2021-12-01..2022-01-01: $0.078386 1,202,376 B (4.17s)
[2026-09-23 20:59:05 PDT] [2869/4295] A HO ohlcv-1m 2022-05-01..2022-06-01: $0.067675 1,038,072 B (1.22s)
[2026-09-23 20:59:05 PDT] [2870/4295] A HO ohlcv-1m 2022-04-01..2022-05-01: $0.062885 964,600 B (1.97s)
[2026-09-23 20:59:06 PDT] [2871/4295] A HO ohlcv-1m 2022-09-01..2022-10-01: $0.073669 1,130,024 B (1.22s)
[2026-09-23 20:59:07 PDT] [2872/4295] A HO ohlcv-1m 2022-08-01..2022-09-01: $0.071877 1,102,528 B (2.07s)
[2026-09-23 20:59:07 PDT] [2873/4295] A HO ohlcv-1m 2022-07-01..2022-08-01: $0.064546 990,080 B (2.83s)
[2026-09-23 20:59:07 PDT] [2874/4295] A HO ohlcv-1m 2022-10-01..2022-11-01: $0.068485 1,050,504 B (1.35s)
[2026-09-23 20:59:08 PDT] [2875/4295] A HO ohlcv-1m 2022-11-01..2022-12-01: $0.070544 1,082,088 B (0.99s)
[2026-09-23 20:59:08 PDT] [2876/4295] A HO ohlcv-1m 2022-06-01..2022-07-01: $0.068956 1,057,728 B (4.56s)
[2026-09-23 20:59:09 PDT] [2877/4295] A HO ohlcv-1m 2022-12-01..2023-01-01: $0.069610 1,067,752 B (1.33s)
[2026-09-23 20:59:09 PDT] [2878/4295] A HO ohlcv-1m 2023-01-01..2023-02-01: $0.069664 1,068,592 B (1.19s)
[2026-09-23 20:59:09 PDT] [2879/4295] A HO ohlcv-1m 2023-02-01..2023-03-01: $0.067733 1,038,968 B (1.25s)
[2026-09-23 20:59:10 PDT] [2880/4295] A HO ohlcv-1m 2023-04-01..2023-05-01: $0.063998 981,680 B (1.38s)
[2026-09-23 20:59:10 PDT] [2881/4295] A HO ohlcv-1m 2023-03-01..2023-04-01: $0.079905 1,225,672 B (1.87s)
[2026-09-23 20:59:10 PDT] [2882/4295] A HO ohlcv-1m 2023-05-01..2023-06-01: $0.079416 1,218,168 B (1.78s)
[2026-09-23 20:59:11 PDT] [2883/4295] A HO ohlcv-1m 2023-06-01..2023-07-01: $0.077517 1,189,048 B (1.68s)
[2026-09-23 20:59:11 PDT] [2884/4295] A HO ohlcv-1m 2023-08-01..2023-09-01: $0.078784 1,208,480 B (1.24s)
[2026-09-23 20:59:12 PDT] [2885/4295] A HO ohlcv-1m 2023-10-01..2023-11-01: $0.075195 1,153,432 B (1.70s)
[2026-09-23 20:59:12 PDT] [2886/4295] A HO ohlcv-1m 2023-07-01..2023-08-01: $0.069964 1,073,184 B (2.46s)
[2026-09-23 20:59:13 PDT] [2887/4295] A HO ohlcv-1m 2023-11-01..2023-12-01: $0.073056 1,120,616 B (1.19s)
[2026-09-23 20:59:13 PDT] [2888/4295] A HO ohlcv-1m 2023-09-01..2023-10-01: $0.071095 1,090,544 B (2.64s)
[2026-09-23 20:59:14 PDT] [2889/4295] A HO ohlcv-1m 2024-03-01..2024-04-01: $0.070482 1,081,136 B (0.82s)
[2026-09-23 20:59:14 PDT] [2890/4295] A HO ohlcv-1m 2023-12-01..2024-01-01: $0.067481 1,035,104 B (1.94s)
[2026-09-23 20:59:14 PDT] [2891/4295] A HO ohlcv-1m 2024-02-01..2024-03-01: $0.074998 1,150,408 B (1.66s)
[2026-09-23 20:59:14 PDT] [2892/4295] A HO ohlcv-1m 2024-01-01..2024-02-01: $0.080284 1,231,496 B (2.06s)
[2026-09-23 20:59:15 PDT] [2893/4295] A HO ohlcv-1m 2024-04-01..2024-05-01: $0.082384 1,263,696 B (1.10s)
[2026-09-23 20:59:15 PDT] [2894/4295] A HO ohlcv-1m 2024-05-01..2024-06-01: $0.081796 1,254,680 B (0.83s)
[2026-09-23 20:59:16 PDT] [2895/4295] A HO ohlcv-1m 2024-07-01..2024-08-01: $0.084468 1,295,672 B (1.09s)
[2026-09-23 20:59:16 PDT] [2896/4295] A HO ohlcv-1m 2024-06-01..2024-07-01: $0.074951 1,149,680 B (2.03s)
[2026-09-23 20:59:16 PDT] [2897/4295] A HO ohlcv-1m 2024-08-01..2024-09-01: $0.082515 1,265,712 B (1.51s)
[2026-09-23 20:59:17 PDT] [2898/4295] A HO ohlcv-1m 2024-10-01..2024-11-01: $0.089316 1,370,040 B (1.25s)
[2026-09-23 20:59:18 PDT] [2899/4295] A HO ohlcv-1m 2025-01-01..2025-02-01: $0.089149 1,367,464 B (1.27s)
[2026-09-23 20:59:18 PDT] [2900/4295] A HO ohlcv-1m 2024-11-01..2024-12-01: $0.080660 1,237,264 B (1.72s)
[2026-09-23 20:59:19 PDT] [2901/4295] A HO ohlcv-1m 2024-12-01..2025-01-01: $0.080160 1,229,592 B (2.10s)
[2026-09-23 20:59:19 PDT] [2902/4295] A HO ohlcv-1m 2025-02-01..2025-03-01: $0.075728 1,161,608 B (1.05s)
[2026-09-23 20:59:19 PDT] [2903/4295] A HO ohlcv-1m 2024-09-01..2024-10-01: $0.079328 1,216,824 B (4.27s)
[2026-09-23 20:59:19 PDT] [2904/4295] A HO ohlcv-1m 2025-03-01..2025-04-01: $0.079266 1,215,872 B (1.39s)
[2026-09-23 20:59:21 PDT] [2905/4295] A HO ohlcv-1m 2025-04-01..2025-05-01: $0.080409 1,233,400 B (1.99s)
[2026-09-23 20:59:21 PDT] [2906/4295] A HO ohlcv-1m 2025-06-01..2025-07-01: $0.084819 1,301,048 B (1.82s)
[2026-09-23 20:59:21 PDT] [2907/4295] A HO ohlcv-1m 2025-05-01..2025-06-01: $0.082252 1,261,680 B (2.16s)
[2026-09-23 20:59:22 PDT] [2908/4295] A HO ohlcv-1m 2025-08-01..2025-09-01: $0.072494 1,111,992 B (1.81s)
[2026-09-23 20:59:23 PDT] [2909/4295] A HO ohlcv-1m 2025-10-01..2025-11-01: $0.088429 1,356,432 B (1.83s)
[2026-09-23 20:59:23 PDT] [2910/4295] A HO ohlcv-1m 2025-11-01..2025-12-01: $0.075746 1,161,888 B (1.16s)
[2026-09-23 20:59:24 PDT] [2911/4295] A HO ohlcv-1m 2025-12-01..2026-01-01: $0.077543 1,189,440 B (1.05s)
[2026-09-23 20:59:24 PDT] [2912/4295] A HO ohlcv-1m 2025-07-01..2025-08-01: $0.084143 1,290,688 B (4.71s)
[2026-09-23 20:59:25 PDT] [2913/4295] A HO ohlcv-1m 2025-09-01..2025-10-01: $0.078999 1,211,784 B (3.61s)
[2026-09-23 20:59:25 PDT] [2914/4295] A HO ohlcv-1m 2026-03-01..2026-04-01: $0.093267 1,430,632 B (0.91s)
[2026-09-23 20:59:26 PDT] [2915/4295] A HO ohlcv-1m 2026-02-01..2026-03-01: $0.075385 1,156,344 B (1.49s)
[2026-09-23 20:59:26 PDT] [2916/4295] A HO ohlcv-1m 2026-04-01..2026-05-01: $0.083800 1,285,424 B (1.10s)
[2026-09-23 20:59:26 PDT] [2917/4295] A HO ohlcv-1m 2026-05-01..2026-06-01: $0.076769 1,177,568 B (0.92s)
[2026-09-23 20:59:27 PDT] [2918/4295] A HO ohlcv-1m 2026-01-01..2026-02-01: $0.085074 1,304,968 B (3.18s)
[2026-09-23 20:59:28 PDT] [2919/4295] A GC ohlcv-1m 2019-05-01..2019-06-01: $0.112174 1,720,656 B (1.99s)
[2026-09-23 20:59:28 PDT] [2920/4295] A HO ohlcv-1m 2026-06-01..2026-06-21: $0.055138 845,768 B (2.38s)
[2026-09-23 20:59:29 PDT] [2921/4295] A GC ohlcv-1m 2019-06-01..2019-07-01: $0.101050 1,550,024 B (2.58s)
[2026-09-23 20:59:30 PDT] [2922/4295] A GC ohlcv-1m 2019-10-01..2019-11-01: $0.115814 1,776,488 B (1.88s)
[2026-09-23 20:59:33 PDT] [2923/4295] A GC ohlcv-1m 2019-08-01..2019-09-01: $0.110378 1,693,104 B (4.98s)
[2026-09-23 20:59:33 PDT] [2924/4295] A GC ohlcv-1m 2019-11-01..2019-12-01: $0.101046 1,549,968 B (2.46s)
[2026-09-23 20:59:34 PDT] [2925/4295] A GC ohlcv-1m 2019-07-01..2019-08-01: $0.110184 1,690,136 B (7.14s)
[2026-09-23 20:59:34 PDT] [2926/4295] A GC ohlcv-1m 2019-12-01..2020-01-01: $0.104898 1,609,048 B (0.96s)
[2026-09-23 20:59:34 PDT] [2927/4295] A GC ohlcv-1m 2020-01-01..2020-02-01: $0.104945 1,609,776 B (1.16s)
[2026-09-23 20:59:35 PDT] [2928/4295] A GC ohlcv-1m 2020-02-01..2020-03-01: $0.095468 1,464,400 B (1.21s)
[2026-09-23 20:59:35 PDT] [2929/4295] A GC ohlcv-1m 2020-04-01..2020-05-01: $0.105738 1,621,928 B (0.94s)
[2026-09-23 20:59:36 PDT] [2930/4295] A GC ohlcv-1m 2019-09-01..2019-10-01: $0.105343 1,615,880 B (7.93s)
[2026-09-23 20:59:36 PDT] [2931/4295] A GC ohlcv-1m 2020-06-01..2020-07-01: $0.108819 1,669,192 B (1.35s)
[2026-09-23 20:59:36 PDT] [2932/4295] A GC ohlcv-1m 2020-05-01..2020-06-01: $0.103084 1,581,216 B (1.48s)
[2026-09-23 20:59:37 PDT] [2933/4295] A GC ohlcv-1m 2020-03-01..2020-04-01: $0.111064 1,703,632 B (3.19s)
[2026-09-23 20:59:37 PDT] [2934/4295] A GC ohlcv-1m 2020-08-01..2020-09-01: $0.106223 1,629,376 B (0.96s)
[2026-09-23 20:59:38 PDT] [2935/4295] A GC ohlcv-1m 2020-07-01..2020-08-01: $0.109684 1,682,464 B (1.91s)
[2026-09-23 20:59:39 PDT] [2936/4295] A GC ohlcv-1m 2020-11-01..2020-12-01: $0.102938 1,578,976 B (1.62s)
[2026-09-23 20:59:40 PDT] [2937/4295] A GC ohlcv-1m 2020-09-01..2020-10-01: $0.109914 1,685,992 B (3.08s)
[2026-09-23 20:59:40 PDT] [2938/4295] A GC ohlcv-1m 2020-10-01..2020-11-01: $0.110352 1,692,712 B (3.14s)
[2026-09-23 20:59:41 PDT] [2939/4295] A GC ohlcv-1m 2020-12-01..2021-01-01: $0.109848 1,684,984 B (3.02s)
[2026-09-23 20:59:41 PDT] [2940/4295] A GC ohlcv-1m 2021-01-01..2021-02-01: $0.094340 1,447,096 B (1.92s)
[2026-09-23 20:59:41 PDT] [2941/4295] A GC ohlcv-1m 2021-02-01..2021-03-01: $0.099867 1,531,880 B (1.65s)
[2026-09-23 20:59:41 PDT] [2942/4295] A GC ohlcv-1m 2021-03-01..2021-04-01: $0.114065 1,749,664 B (1.26s)
[2026-09-23 20:59:42 PDT] [2943/4295] A GC ohlcv-1m 2021-04-01..2021-05-01: $0.105219 1,613,976 B (1.24s)
[2026-09-23 20:59:42 PDT] [2944/4295] A GC ohlcv-1m 2021-06-01..2021-07-01: $0.110717 1,698,312 B (1.15s)
[2026-09-23 20:59:43 PDT] [2945/4295] A GC ohlcv-1m 2021-07-01..2021-08-01: $0.104066 1,596,280 B (1.10s)
[2026-09-23 20:59:43 PDT] [2946/4295] A GC ohlcv-1m 2021-08-01..2021-09-01: $0.110911 1,701,280 B (1.09s)
[2026-09-23 20:59:44 PDT] [2947/4295] A GC ohlcv-1m 2021-09-01..2021-10-01: $0.109644 1,681,848 B (1.69s)
[2026-09-23 20:59:45 PDT] [2948/4295] A GC ohlcv-1m 2021-10-01..2021-11-01: $0.105453 1,617,560 B (2.94s)
[2026-09-23 20:59:46 PDT] [2949/4295] A GC ohlcv-1m 2021-12-01..2022-01-01: $0.110341 1,692,544 B (2.18s)
[2026-09-23 20:59:47 PDT] [2950/4295] A GC ohlcv-1m 2022-02-01..2022-03-01: $0.100086 1,535,240 B (1.05s)
[2026-09-23 20:59:49 PDT] [2951/4295] A GC ohlcv-1m 2022-03-01..2022-04-01: $0.113444 1,740,144 B (1.71s)
[2026-09-23 20:59:49 PDT] [2952/4295] A GC ohlcv-1m 2021-05-01..2021-06-01: $0.103843 1,592,864 B (8.18s)
[2026-09-23 20:59:49 PDT] [2953/4295] A GC ohlcv-1m 2022-01-01..2022-02-01: $0.103788 1,592,024 B (3.67s)
[2026-09-23 20:59:50 PDT] [2954/4295] A GC ohlcv-1m 2022-05-01..2022-06-01: $0.109363 1,677,536 B (0.85s)
[2026-09-23 20:59:50 PDT] [2955/4295] A GC ohlcv-1m 2022-06-01..2022-07-01: $0.110038 1,687,896 B (0.95s)
[2026-09-23 20:59:51 PDT] [2956/4295] A GC ohlcv-1m 2022-07-01..2022-08-01: $0.100203 1,537,032 B (0.86s)
[2026-09-23 20:59:51 PDT] [2957/4295] A GC ohlcv-1m 2022-08-01..2022-09-01: $0.115598 1,773,184 B (1.12s)
[2026-09-23 20:59:52 PDT] [2958/4295] A GC ohlcv-1m 2022-09-01..2022-10-01: $0.109673 1,682,296 B (1.37s)
[2026-09-23 20:59:52 PDT] [2959/4295] A GC ohlcv-1m 2022-10-01..2022-11-01: $0.106081 1,627,192 B (1.28s)
[2026-09-23 20:59:53 PDT] [2960/4295] A GC ohlcv-1m 2021-11-01..2021-12-01: $0.103310 1,584,688 B (9.41s)
[2026-09-23 20:59:53 PDT] [2961/4295] A GC ohlcv-1m 2022-11-01..2022-12-01: $0.102912 1,578,584 B (1.06s)
[2026-09-23 20:59:54 PDT] [2962/4295] A GC ohlcv-1m 2022-12-01..2023-01-01: $0.105402 1,616,776 B (1.21s)
[2026-09-23 20:59:55 PDT] [2963/4295] A GC ohlcv-1m 2023-02-01..2023-03-01: $0.100061 1,534,848 B (1.48s)
[2026-09-23 20:59:56 PDT] [2964/4295] A GC ohlcv-1m 2023-01-01..2023-02-01: $0.099564 1,527,232 B (3.53s)
[2026-09-23 20:59:56 PDT] [2965/4295] A GC ohlcv-1m 2023-04-01..2023-05-01: $0.095975 1,472,184 B (1.52s)
[2026-09-23 20:59:56 PDT] [2966/4295] A GC ohlcv-1m 2023-03-01..2023-04-01: $0.112353 1,723,400 B (2.69s)
[2026-09-23 20:59:57 PDT] [2967/4295] A GC ohlcv-1m 2023-05-01..2023-06-01: $0.107264 1,645,336 B (1.07s)
[2026-09-23 20:59:57 PDT] [2968/4295] A GC ohlcv-1m 2023-07-01..2023-08-01: $0.103361 1,585,472 B (1.04s)
[2026-09-23 20:59:58 PDT] [2969/4295] A GC ohlcv-1m 2023-06-01..2023-07-01: $0.109553 1,680,448 B (1.55s)
[2026-09-23 20:59:58 PDT] [2970/4295] A GC ohlcv-1m 2023-09-01..2023-10-01: $0.103978 1,594,936 B (1.03s)
[2026-09-23 20:59:59 PDT] [2971/4295] A GC ohlcv-1m 2023-10-01..2023-11-01: $0.110944 1,701,784 B (1.00s)
[2026-09-23 20:59:59 PDT] [2972/4295] A GC ohlcv-1m 2023-11-01..2023-12-01: $0.106975 1,640,912 B (0.91s)
[2026-09-23 21:00:01 PDT] [2973/4295] A GC ohlcv-1m 2023-08-01..2023-09-01: $0.115179 1,766,744 B (3.47s)
[2026-09-23 21:00:02 PDT] [2974/4295] A GC ohlcv-1m 2024-01-01..2024-02-01: $0.107603 1,650,544 B (3.05s)
[2026-09-23 21:00:04 PDT] [2975/4295] A GC ohlcv-1m 2024-03-01..2024-04-01: $0.098374 1,508,976 B (1.32s)
[2026-09-23 21:00:04 PDT] [2976/4295] A GC ohlcv-1m 2024-02-01..2024-03-01: $0.104934 1,609,608 B (3.80s)
[2026-09-23 21:00:05 PDT] [2977/4295] A GC ohlcv-1m 2023-12-01..2024-01-01: $0.100426 1,540,448 B (6.51s)
[2026-09-23 21:00:07 PDT] [2978/4295] A GC ohlcv-1m 2024-06-01..2024-07-01: $0.100342 1,539,160 B (1.91s)
[2026-09-23 21:00:08 PDT] [2979/4295] A GC ohlcv-1m 2024-04-01..2024-05-01: $0.110783 1,699,320 B (3.95s)
[2026-09-23 21:00:09 PDT] [2980/4295] A GC ohlcv-1m 2024-05-01..2024-06-01: $0.112324 1,722,952 B (4.52s)
[2026-09-23 21:00:10 PDT] [2981/4295] A GC ohlcv-1m 2024-08-01..2024-09-01: $0.110210 1,690,528 B (2.14s)
[2026-09-23 21:00:10 PDT] [2982/4295] A GC ohlcv-1m 2024-09-01..2024-10-01: $0.105457 1,617,616 B (1.18s)
[2026-09-23 21:00:12 PDT] [2983/4295] A GC ohlcv-1m 2022-04-01..2022-05-01: $0.100207 1,537,088 B (22.95s)
[2026-09-23 21:00:13 PDT] [2984/4295] A GC ohlcv-1m 2024-10-01..2024-11-01: $0.115558 1,772,568 B (3.35s)
[2026-09-23 21:00:13 PDT] [2985/4295] A GC ohlcv-1m 2024-07-01..2024-08-01: $0.112335 1,723,120 B (6.18s)
[2026-09-23 21:00:15 PDT] [2986/4295] A GC ohlcv-1m 2025-02-01..2025-03-01: $0.100178 1,536,640 B (1.50s)
[2026-09-23 21:00:15 PDT] [2987/4295] A GC ohlcv-1m 2025-01-01..2025-02-01: $0.107910 1,655,248 B (2.27s)
[2026-09-23 21:00:16 PDT] [2988/4295] A GC ohlcv-1m 2024-12-01..2025-01-01: $0.104956 1,609,944 B (3.72s)
[2026-09-23 21:00:17 PDT] [2989/4295] A GC ohlcv-1m 2024-11-01..2024-12-01: $0.099718 1,529,584 B (6.49s)
[2026-09-23 21:00:17 PDT] [2990/4295] A GC ohlcv-1m 2025-03-01..2025-04-01: $0.104518 1,603,224 B (2.26s)
[2026-09-23 21:00:17 PDT] [2991/4295] A GC ohlcv-1m 2025-04-01..2025-05-01: $0.105796 1,622,824 B (1.83s)
[2026-09-23 21:00:19 PDT] [2992/4295] A GC ohlcv-1m 2025-06-01..2025-07-01: $0.105665 1,620,808 B (1.99s)
[2026-09-23 21:00:19 PDT] [2993/4295] A GC ohlcv-1m 2025-08-01..2025-09-01: $0.105687 1,621,144 B (1.43s)
[2026-09-23 21:00:20 PDT] [2994/4295] A GC ohlcv-1m 2025-10-01..2025-11-01: $0.115438 1,770,720 B (1.13s)
[2026-09-23 21:00:21 PDT] [2995/4295] A GC ohlcv-1m 2025-05-01..2025-06-01: $0.107410 1,647,576 B (4.88s)
[2026-09-23 21:00:21 PDT] [2996/4295] A GC ohlcv-1m 2025-07-01..2025-08-01: $0.112433 1,724,632 B (3.49s)
[2026-09-23 21:00:22 PDT] [2997/4295] A GC ohlcv-1m 2025-12-01..2026-01-01: $0.109900 1,685,768 B (1.21s)
[2026-09-23 21:00:22 PDT] [2998/4295] A GC ohlcv-1m 2025-09-01..2025-10-01: $0.110265 1,691,368 B (3.16s)
[2026-09-23 21:00:22 PDT] [2999/4295] A GC ohlcv-1m 2025-11-01..2025-12-01: $0.095767 1,468,992 B (2.56s)
[2026-09-23 21:00:24 PDT] [3000/4295] A GC ohlcv-1m 2026-04-01..2026-05-01: $0.105679 1,621,032 B (1.99s)
[2026-09-23 21:00:26 PDT] [3001/4295] A GC ohlcv-1m 2026-01-01..2026-02-01: $0.103471 1,587,152 B (4.97s)
[2026-09-23 21:00:26 PDT] [3002/4295] A GC ohlcv-1m 2026-05-01..2026-06-01: $0.102028 1,565,032 B (1.60s)
[2026-09-23 21:00:27 PDT] [3003/4295] A GC ohlcv-1m 2026-06-01..2026-06-21: $0.074195 1,138,088 B (1.22s)
[2026-09-23 21:00:27 PDT] [3004/4295] A GC ohlcv-1m 2026-02-01..2026-03-01: $0.099681 1,529,024 B (5.37s)
[2026-09-23 21:00:27 PDT] [3005/4295] A MGC ohlcv-1m 2019-05-01..2019-06-01: $0.071796 1,101,296 B (1.20s)
[2026-09-23 21:00:29 PDT] [3006/4295] A MGC ohlcv-1m 2019-08-01..2019-09-01: $0.107870 1,654,632 B (1.50s)
[2026-09-23 21:00:29 PDT] [3007/4295] A GC ohlcv-1m 2026-03-01..2026-04-01: $0.110557 1,695,848 B (6.91s)
[2026-09-23 21:00:29 PDT] [3008/4295] A MGC ohlcv-1m 2019-06-01..2019-07-01: $0.090430 1,387,120 B (2.15s)
[2026-09-23 21:00:30 PDT] [3009/4295] A MGC ohlcv-1m 2019-09-01..2019-10-01: $0.102156 1,566,992 B (1.55s)
[2026-09-23 21:00:30 PDT] [3010/4295] A MGC ohlcv-1m 2019-10-01..2019-11-01: $0.110155 1,689,688 B (1.58s)
[2026-09-23 21:00:31 PDT] [3011/4295] A MGC ohlcv-1m 2019-12-01..2020-01-01: $0.096012 1,472,744 B (1.24s)
[2026-09-23 21:00:32 PDT] [3012/4295] A MGC ohlcv-1m 2020-01-01..2020-02-01: $0.099075 1,519,728 B (1.41s)
[2026-09-23 21:00:33 PDT] [3013/4295] A MGC ohlcv-1m 2019-07-01..2019-08-01: $0.101291 1,553,720 B (5.80s)
[2026-09-23 21:00:34 PDT] [3014/4295] A MGC ohlcv-1m 2020-03-01..2020-04-01: $0.101747 1,560,720 B (2.65s)
[2026-09-23 21:00:35 PDT] [3015/4295] A MGC ohlcv-1m 2020-02-01..2020-03-01: $0.092146 1,413,440 B (3.39s)
[2026-09-23 21:00:35 PDT] [3016/4295] A MGC ohlcv-1m 2020-05-01..2020-06-01: $0.096629 1,482,208 B (0.95s)
[2026-09-23 21:00:35 PDT] [3017/4295] A MGC ohlcv-1m 2019-11-01..2019-12-01: $0.093394 1,432,592 B (6.42s)
[2026-09-23 21:00:36 PDT] [3018/4295] A MGC ohlcv-1m 2020-04-01..2020-05-01: $0.105435 1,617,280 B (3.20s)
[2026-09-23 21:00:36 PDT] [3019/4295] A MGC ohlcv-1m 2020-06-01..2020-07-01: $0.108421 1,663,088 B (1.62s)
[2026-09-23 21:00:37 PDT] [3020/4295] A MGC ohlcv-1m 2020-08-01..2020-09-01: $0.106110 1,627,640 B (1.31s)
[2026-09-23 21:00:37 PDT] [3021/4295] A MGC ohlcv-1m 2020-07-01..2020-08-01: $0.106833 1,638,728 B (1.55s)
[2026-09-23 21:00:37 PDT] [3022/4295] A MGC ohlcv-1m 2020-09-01..2020-10-01: $0.109626 1,681,568 B (1.21s)
[2026-09-23 21:00:38 PDT] [3023/4295] A MGC ohlcv-1m 2020-11-01..2020-12-01: $0.100094 1,535,352 B (1.63s)
[2026-09-23 21:00:39 PDT] [3024/4295] A MGC ohlcv-1m 2020-12-01..2021-01-01: $0.109180 1,674,736 B (1.76s)
[2026-09-23 21:00:39 PDT] [3025/4295] A MGC ohlcv-1m 2020-10-01..2020-11-01: $0.109816 1,684,480 B (2.62s)
[2026-09-23 21:00:40 PDT] [3026/4295] A MGC ohlcv-1m 2021-02-01..2021-03-01: $0.099513 1,526,448 B (1.27s)
[2026-09-23 21:00:40 PDT] [3027/4295] A MGC ohlcv-1m 2021-03-01..2021-04-01: $0.107410 1,647,576 B (1.61s)
[2026-09-23 21:00:41 PDT] [3028/4295] A MGC ohlcv-1m 2021-01-01..2021-02-01: $0.092745 1,422,624 B (3.22s)
[2026-09-23 21:00:41 PDT] [3029/4295] A MGC ohlcv-1m 2021-05-01..2021-06-01: $0.096844 1,485,512 B (1.88s)
[2026-09-23 21:00:42 PDT] [3030/4295] A MGC ohlcv-1m 2021-04-01..2021-05-01: $0.102854 1,577,688 B (2.86s)
[2026-09-23 21:00:43 PDT] [3031/4295] A MGC ohlcv-1m 2021-07-01..2021-08-01: $0.100083 1,535,184 B (2.53s)
[2026-09-23 21:00:44 PDT] [3032/4295] A MGC ohlcv-1m 2021-08-01..2021-09-01: $0.106979 1,640,968 B (2.08s)
[2026-09-23 21:00:44 PDT] [3033/4295] A MGC ohlcv-1m 2021-06-01..2021-07-01: $0.108972 1,671,544 B (3.61s)
[2026-09-23 21:00:45 PDT] [3034/4295] A MGC ohlcv-1m 2021-11-01..2021-12-01: $0.100021 1,534,232 B (1.45s)
[2026-09-23 21:00:46 PDT] [3035/4295] A MGC ohlcv-1m 2021-12-01..2022-01-01: $0.107019 1,641,584 B (2.03s)
[2026-09-23 21:00:46 PDT] [3036/4295] A MGC ohlcv-1m 2021-09-01..2021-10-01: $0.106132 1,627,976 B (4.38s)
[2026-09-23 21:00:46 PDT] [3037/4295] A MGC ohlcv-1m 2022-01-01..2022-02-01: $0.099648 1,528,520 B (1.48s)
[2026-09-23 21:00:49 PDT] [3038/4295] A MGC ohlcv-1m 2022-03-01..2022-04-01: $0.107556 1,649,816 B (2.18s)
[2026-09-23 21:00:49 PDT] [3039/4295] A MGC ohlcv-1m 2022-02-01..2022-03-01: $0.098144 1,505,448 B (2.69s)
[2026-09-23 21:00:50 PDT] [3040/4295] A MGC ohlcv-1m 2022-04-01..2022-05-01: $0.099411 1,524,880 B (3.24s)
[2026-09-23 21:00:50 PDT] [3041/4295] A MGC ohlcv-1m 2022-05-01..2022-06-01: $0.106103 1,627,528 B (1.31s)
[2026-09-23 21:00:50 PDT] [3042/4295] A MGC ohlcv-1m 2022-06-01..2022-07-01: $0.107454 1,648,248 B (1.34s)
[2026-09-23 21:00:51 PDT] [3043/4295] A MGC ohlcv-1m 2022-08-01..2022-09-01: $0.112134 1,720,040 B (0.85s)
[2026-09-23 21:00:52 PDT] [3044/4295] A MGC ohlcv-1m 2021-10-01..2021-11-01: $0.103642 1,589,784 B (9.19s)
[2026-09-23 21:00:54 PDT] [3045/4295] A MGC ohlcv-1m 2022-10-01..2022-11-01: $0.104522 1,603,280 B (3.26s)
[2026-09-23 21:00:55 PDT] [3046/4295] A MGC ohlcv-1m 2022-07-01..2022-08-01: $0.096293 1,477,056 B (5.24s)
[2026-09-23 21:00:55 PDT] [3047/4295] A MGC ohlcv-1m 2022-12-01..2023-01-01: $0.103839 1,592,808 B (1.55s)
[2026-09-23 21:00:56 PDT] [3048/4295] A MGC ohlcv-1m 2022-09-01..2022-10-01: $0.108001 1,656,648 B (6.56s)
[2026-09-23 21:00:57 PDT] [3049/4295] A MGC ohlcv-1m 2023-02-01..2023-03-01: $0.099137 1,520,680 B (1.99s)
[2026-09-23 21:00:58 PDT] [3050/4295] A MGC ohlcv-1m 2023-03-01..2023-04-01: $0.107088 1,642,648 B (1.49s)
[2026-09-23 21:00:59 PDT] [3051/4295] A MGC ohlcv-1m 2023-01-01..2023-02-01: $0.097045 1,488,592 B (4.09s)
[2026-09-23 21:00:59 PDT] [3052/4295] A MGC ohlcv-1m 2022-11-01..2022-12-01: $0.100141 1,536,080 B (6.79s)
[2026-09-23 21:01:00 PDT] [3053/4295] A MGC ohlcv-1m 2023-05-01..2023-06-01: $0.105088 1,611,960 B (1.66s)
[2026-09-23 21:01:00 PDT] [3054/4295] A MGC ohlcv-1m 2023-06-01..2023-07-01: $0.108531 1,664,768 B (1.13s)
[2026-09-23 21:01:00 PDT] [3055/4295] A MGC ohlcv-1m 2023-07-01..2023-08-01: $0.100937 1,548,288 B (1.41s)
[2026-09-23 21:01:02 PDT] [3056/4295] A MGC ohlcv-1m 2023-09-01..2023-10-01: $0.100258 1,537,872 B (2.32s)
[2026-09-23 21:01:03 PDT] [3057/4295] A MGC ohlcv-1m 2023-10-01..2023-11-01: $0.109845 1,684,928 B (2.05s)
[2026-09-23 21:01:03 PDT] [3058/4295] A MGC ohlcv-1m 2023-04-01..2023-05-01: $0.095355 1,462,664 B (5.10s)
[2026-09-23 21:01:04 PDT] [3059/4295] A MGC ohlcv-1m 2023-08-01..2023-09-01: $0.112079 1,719,200 B (4.07s)
[2026-09-23 21:01:04 PDT] [3060/4295] A MGC ohlcv-1m 2023-12-01..2024-01-01: $0.099951 1,533,168 B (1.24s)
[2026-09-23 21:01:04 PDT] [3061/4295] A MGC ohlcv-1m 2023-11-01..2023-12-01: $0.104978 1,610,280 B (1.91s)
[2026-09-23 21:01:05 PDT] [3062/4295] A MGC ohlcv-1m 2024-02-01..2024-03-01: $0.103193 1,582,896 B (1.01s)
[2026-09-23 21:01:05 PDT] [3063/4295] A MGC ohlcv-1m 2024-03-01..2024-04-01: $0.092894 1,424,920 B (1.21s)
[2026-09-23 21:01:06 PDT] [3064/4295] A MGC ohlcv-1m 2024-04-01..2024-05-01: $0.110783 1,699,320 B (1.12s)
[2026-09-23 21:01:06 PDT] [3065/4295] A MGC ohlcv-1m 2024-05-01..2024-06-01: $0.107377 1,647,072 B (1.03s)
[2026-09-23 21:01:06 PDT] [3066/4295] A MGC ohlcv-1m 2024-06-01..2024-07-01: $0.100196 1,536,920 B (1.12s)
[2026-09-23 21:01:07 PDT] [3067/4295] A MGC ohlcv-1m 2024-07-01..2024-08-01: $0.107070 1,642,368 B (1.41s)
[2026-09-23 21:01:07 PDT] [3068/4295] A MGC ohlcv-1m 2024-08-01..2024-09-01: $0.110308 1,692,040 B (1.26s)
[2026-09-23 21:01:08 PDT] [3069/4295] A MGC ohlcv-1m 2024-09-01..2024-10-01: $0.105435 1,617,280 B (1.57s)
[2026-09-23 21:01:08 PDT] [3070/4295] A MGC ohlcv-1m 2024-10-01..2024-11-01: $0.115701 1,774,752 B (1.09s)
[2026-09-23 21:01:08 PDT] [3071/4295] A MGC ohlcv-1m 2024-11-01..2024-12-01: $0.097943 1,502,368 B (1.12s)
[2026-09-23 21:01:09 PDT] [3072/4295] A MGC ohlcv-1m 2025-01-01..2025-02-01: $0.102700 1,575,336 B (1.06s)
[2026-09-23 21:01:09 PDT] [3073/4295] A MGC ohlcv-1m 2025-02-01..2025-03-01: $0.100192 1,536,864 B (1.06s)
[2026-09-23 21:01:10 PDT] [3074/4295] A MGC ohlcv-1m 2025-04-01..2025-05-01: $0.105800 1,622,880 B (0.76s)
[2026-09-23 21:01:11 PDT] [3075/4295] A MGC ohlcv-1m 2024-01-01..2024-02-01: $0.106347 1,631,280 B (8.68s)
[2026-09-23 21:01:12 PDT] [3076/4295] A MGC ohlcv-1m 2025-03-01..2025-04-01: $0.104102 1,596,840 B (2.56s)
[2026-09-23 21:01:12 PDT] [3077/4295] A MGC ohlcv-1m 2024-12-01..2025-01-01: $0.105048 1,611,344 B (4.22s)
[2026-09-23 21:01:12 PDT] [3078/4295] A MGC ohlcv-1m 2025-06-01..2025-07-01: $0.105690 1,621,200 B (1.24s)
[2026-09-23 21:01:13 PDT] [3079/4295] A MGC ohlcv-1m 2025-07-01..2025-08-01: $0.112583 1,726,928 B (1.49s)
[2026-09-23 21:01:14 PDT] [3080/4295] A MGC ohlcv-1m 2025-08-01..2025-09-01: $0.105796 1,622,824 B (2.17s)
[2026-09-23 21:01:16 PDT] [3081/4295] A MGC ohlcv-1m 2025-09-01..2025-10-01: $0.110290 1,691,760 B (3.44s)
[2026-09-23 21:01:17 PDT] [3082/4295] A MGC ohlcv-1m 2025-11-01..2025-12-01: $0.096019 1,472,856 B (3.27s)
[2026-09-23 21:01:18 PDT] [3083/4295] A MGC ohlcv-1m 2025-10-01..2025-11-01: $0.115438 1,770,720 B (5.22s)
[2026-09-23 21:01:20 PDT] [3084/4295] A MGC ohlcv-1m 2025-12-01..2026-01-01: $0.109907 1,685,880 B (3.56s)
[2026-09-23 21:01:22 PDT] [3085/4295] A MGC ohlcv-1m 2026-03-01..2026-04-01: $0.111228 1,706,152 B (2.05s)
[2026-09-23 21:01:22 PDT] [3086/4295] A MGC ohlcv-1m 2026-01-01..2026-02-01: $0.103628 1,589,560 B (4.26s)
[2026-09-23 21:01:23 PDT] [3087/4295] A MGC ohlcv-1m 2025-05-01..2025-06-01: $0.107815 1,653,792 B (13.36s)
[2026-09-23 21:01:23 PDT] [3088/4295] A MGC ohlcv-1m 2026-02-01..2026-03-01: $0.099834 1,531,376 B (5.00s)
[2026-09-23 21:01:24 PDT] [3089/4295] A MGC ohlcv-1m 2026-05-01..2026-06-01: $0.102970 1,579,480 B (2.07s)
[2026-09-23 21:01:25 PDT] [3090/4295] A SI ohlcv-1m 2019-05-01..2019-06-01: $0.097410 1,494,192 B (1.92s)
[2026-09-23 21:01:25 PDT] [3091/4295] A MGC ohlcv-1m 2026-06-01..2026-06-21: $0.074257 1,139,040 B (2.17s)
[2026-09-23 21:01:26 PDT] [3092/4295] A SI ohlcv-1m 2019-06-01..2019-07-01: $0.086042 1,319,808 B (2.06s)
[2026-09-23 21:01:27 PDT] [3093/4295] A SI ohlcv-1m 2019-07-01..2019-08-01: $0.106749 1,637,440 B (1.51s)
[2026-09-23 21:01:28 PDT] [3094/4295] A SI ohlcv-1m 2019-09-01..2019-10-01: $0.102510 1,572,424 B (2.08s)
[2026-09-23 21:01:28 PDT] [3095/4295] A SI ohlcv-1m 2019-08-01..2019-09-01: $0.103273 1,584,128 B (3.02s)
[2026-09-23 21:01:29 PDT] [3096/4295] A SI ohlcv-1m 2019-11-01..2019-12-01: $0.091868 1,409,184 B (1.50s)
[2026-09-23 21:01:30 PDT] [3097/4295] A SI ohlcv-1m 2019-12-01..2020-01-01: $0.095800 1,469,496 B (1.59s)
[2026-09-23 21:01:32 PDT] [3098/4295] A SI ohlcv-1m 2020-01-01..2020-02-01: $0.104219 1,598,632 B (3.15s)
[2026-09-23 21:01:33 PDT] [3099/4295] A MGC ohlcv-1m 2026-04-01..2026-05-01: $0.105800 1,622,880 B (11.48s)
[2026-09-23 21:01:34 PDT] [3100/4295] A SI ohlcv-1m 2020-04-01..2020-05-01: $0.097224 1,491,336 B (0.96s)
[2026-09-23 21:01:34 PDT] [3101/4295] A SI ohlcv-1m 2019-10-01..2019-11-01: $0.108304 1,661,296 B (7.54s)
[2026-09-23 21:01:36 PDT] [3102/4295] A SI ohlcv-1m 2020-06-01..2020-07-01: $0.098535 1,511,440 B (1.45s)
[2026-09-23 21:01:36 PDT] [3103/4295] A SI ohlcv-1m 2020-03-01..2020-04-01: $0.109681 1,682,408 B (3.40s)
[2026-09-23 21:01:36 PDT] [3104/4295] A SI ohlcv-1m 2020-05-01..2020-06-01: $0.100784 1,545,936 B (1.92s)
[2026-09-23 21:01:37 PDT] [3105/4295] A SI ohlcv-1m 2020-09-01..2020-10-01: $0.108640 1,666,448 B (1.00s)
[2026-09-23 21:01:37 PDT] [3106/4295] A SI ohlcv-1m 2020-08-01..2020-09-01: $0.103463 1,587,040 B (1.09s)
[2026-09-23 21:01:37 PDT] [3107/4295] A SI ohlcv-1m 2020-07-01..2020-08-01: $0.111261 1,706,656 B (1.42s)
[2026-09-23 21:01:38 PDT] [3108/4295] A SI ohlcv-1m 2020-11-01..2020-12-01: $0.099593 1,527,680 B (1.20s)
[2026-09-23 21:01:38 PDT] [3109/4295] A SI ohlcv-1m 2020-10-01..2020-11-01: $0.108677 1,667,008 B (1.35s)
[2026-09-23 21:01:39 PDT] [3110/4295] A SI ohlcv-1m 2020-02-01..2020-03-01: $0.088119 1,351,672 B (9.06s)
[2026-09-23 21:01:40 PDT] [3111/4295] A SI ohlcv-1m 2021-01-01..2021-02-01: $0.099341 1,523,816 B (1.76s)
[2026-09-23 21:01:40 PDT] [3112/4295] A SI ohlcv-1m 2021-03-01..2021-04-01: $0.114518 1,756,608 B (1.13s)
[2026-09-23 21:01:40 PDT] [3113/4295] A SI ohlcv-1m 2021-02-01..2021-03-01: $0.092872 1,424,584 B (2.05s)
[2026-09-23 21:01:41 PDT] [3114/4295] A SI ohlcv-1m 2021-06-01..2021-07-01: $0.099864 1,531,824 B (0.98s)
[2026-09-23 21:01:42 PDT] [3115/4295] A SI ohlcv-1m 2020-12-01..2021-01-01: $0.108308 1,661,352 B (4.46s)
[2026-09-23 21:01:42 PDT] [3116/4295] A SI ohlcv-1m 2021-04-01..2021-05-01: $0.094793 1,454,040 B (2.02s)
[2026-09-23 21:01:43 PDT] [3117/4295] A SI ohlcv-1m 2021-05-01..2021-06-01: $0.103142 1,582,112 B (2.53s)
[2026-09-23 21:01:44 PDT] [3118/4295] A SI ohlcv-1m 2021-08-01..2021-09-01: $0.097425 1,494,416 B (2.11s)
[2026-09-23 21:01:44 PDT] [3119/4295] A SI ohlcv-1m 2021-09-01..2021-10-01: $0.103748 1,591,408 B (2.55s)
[2026-09-23 21:01:45 PDT] [3120/4295] A SI ohlcv-1m 2021-10-01..2021-11-01: $0.100174 1,536,584 B (1.79s)
[2026-09-23 21:01:46 PDT] [3121/4295] A SI ohlcv-1m 2021-12-01..2022-01-01: $0.104580 1,604,176 B (1.05s)
[2026-09-23 21:01:46 PDT] [3122/4295] A SI ohlcv-1m 2021-11-01..2021-12-01: $0.096906 1,486,464 B (2.11s)
[2026-09-23 21:01:46 PDT] [3123/4295] A SI ohlcv-1m 2021-07-01..2021-08-01: $0.105464 1,617,728 B (4.82s)
[2026-09-23 21:01:47 PDT] [3124/4295] A SI ohlcv-1m 2022-04-01..2022-05-01: $0.093456 1,433,544 B (0.98s)
[2026-09-23 21:01:47 PDT] [3125/4295] A SI ohlcv-1m 2022-01-01..2022-02-01: $0.101021 1,549,576 B (2.58s)
[2026-09-23 21:01:47 PDT] [3126/4295] A SI ohlcv-1m 2022-03-01..2022-04-01: $0.112864 1,731,240 B (1.34s)
[2026-09-23 21:01:47 PDT] [3127/4295] A SI ohlcv-1m 2022-02-01..2022-03-01: $0.093719 1,437,576 B (1.86s)
[2026-09-23 21:01:48 PDT] [3128/4295] A SI ohlcv-1m 2022-06-01..2022-07-01: $0.097012 1,488,088 B (0.80s)
[2026-09-23 21:01:48 PDT] [3129/4295] A SI ohlcv-1m 2022-07-01..2022-08-01: $0.101247 1,553,048 B (1.02s)
[2026-09-23 21:01:48 PDT] [3130/4295] A SI ohlcv-1m 2022-05-01..2022-06-01: $0.106658 1,636,040 B (1.28s)
[2026-09-23 21:01:49 PDT] [3131/4295] A SI ohlcv-1m 2022-10-01..2022-11-01: $0.102649 1,574,552 B (1.23s)
[2026-09-23 21:01:50 PDT] [3132/4295] A SI ohlcv-1m 2022-11-01..2022-12-01: $0.103186 1,582,784 B (1.32s)
[2026-09-23 21:01:52 PDT] [3133/4295] A SI ohlcv-1m 2023-01-01..2023-02-01: $0.102886 1,578,192 B (2.07s)
[2026-09-23 21:01:52 PDT] [3134/4295] A SI ohlcv-1m 2022-12-01..2023-01-01: $0.102419 1,571,024 B (2.47s)
[2026-09-23 21:01:52 PDT] [3135/4295] A SI ohlcv-1m 2022-09-01..2022-10-01: $0.106008 1,626,072 B (4.10s)
[2026-09-23 21:01:52 PDT] [3136/4295] A SI ohlcv-1m 2022-08-01..2022-09-01: $0.106355 1,631,392 B (4.99s)
[2026-09-23 21:01:53 PDT] [3137/4295] A SI ohlcv-1m 2023-03-01..2023-04-01: $0.112488 1,725,472 B (1.50s)
[2026-09-23 21:01:53 PDT] [3138/4295] A SI ohlcv-1m 2023-04-01..2023-05-01: $0.084592 1,297,576 B (1.43s)
[2026-09-23 21:01:54 PDT] [3139/4295] A SI ohlcv-1m 2023-02-01..2023-03-01: $0.093800 1,438,808 B (2.23s)
[2026-09-23 21:01:54 PDT] [3140/4295] A SI ohlcv-1m 2023-05-01..2023-06-01: $0.109275 1,676,192 B (1.82s)
[2026-09-23 21:01:55 PDT] [3141/4295] A SI ohlcv-1m 2023-07-01..2023-08-01: $0.097246 1,491,672 B (1.42s)
[2026-09-23 21:01:55 PDT] [3142/4295] A SI ohlcv-1m 2023-06-01..2023-07-01: $0.099323 1,523,536 B (1.67s)
[2026-09-23 21:01:56 PDT] [3143/4295] A SI ohlcv-1m 2023-10-01..2023-11-01: $0.105752 1,622,152 B (1.09s)
[2026-09-23 21:01:57 PDT] [3144/4295] A SI ohlcv-1m 2023-12-01..2024-01-01: $0.096151 1,474,872 B (1.27s)
[2026-09-23 21:01:57 PDT] [3145/4295] A SI ohlcv-1m 2023-09-01..2023-10-01: $0.096990 1,487,752 B (3.13s)
[2026-09-23 21:01:58 PDT] [3146/4295] A SI ohlcv-1m 2024-02-01..2024-03-01: $0.094727 1,453,032 B (1.09s)
[2026-09-23 21:01:59 PDT] [3147/4295] A SI ohlcv-1m 2024-01-01..2024-02-01: $0.104785 1,607,312 B (1.27s)
[2026-09-23 21:02:00 PDT] [3148/4295] A SI ohlcv-1m 2024-03-01..2024-04-01: $0.097213 1,491,168 B (1.29s)
[2026-09-23 21:02:00 PDT] [3149/4295] A SI ohlcv-1m 2024-04-01..2024-05-01: $0.101152 1,551,592 B (1.81s)
[2026-09-23 21:02:02 PDT] [3150/4295] A SI ohlcv-1m 2024-06-01..2024-07-01: $0.094939 1,456,280 B (1.30s)
[2026-09-23 21:02:02 PDT] [3151/4295] A SI ohlcv-1m 2024-05-01..2024-06-01: $0.112331 1,723,064 B (2.37s)
[2026-09-23 21:02:03 PDT] [3152/4295] A SI ohlcv-1m 2024-08-01..2024-09-01: $0.103416 1,586,312 B (0.95s)
[2026-09-23 21:02:04 PDT] [3153/4295] A SI ohlcv-1m 2024-07-01..2024-08-01: $0.112134 1,720,040 B (2.06s)
[2026-09-23 21:02:06 PDT] [3154/4295] A SI ohlcv-1m 2023-08-01..2023-09-01: $0.099199 1,521,632 B (12.52s)
[2026-09-23 21:02:07 PDT] [3155/4295] A SI ohlcv-1m 2024-09-01..2024-10-01: $0.102456 1,571,584 B (3.71s)
[2026-09-23 21:02:08 PDT] [3156/4295] A SI ohlcv-1m 2024-12-01..2025-01-01: $0.102357 1,570,072 B (1.68s)
[2026-09-23 21:02:09 PDT] [3157/4295] A SI ohlcv-1m 2024-11-01..2024-12-01: $0.096917 1,486,632 B (2.09s)
[2026-09-23 21:02:09 PDT] [3158/4295] A SI ohlcv-1m 2024-10-01..2024-11-01: $0.113222 1,736,728 B (5.46s)
[2026-09-23 21:02:10 PDT] [3159/4295] A SI ohlcv-1m 2025-02-01..2025-03-01: $0.095125 1,459,136 B (1.04s)
[2026-09-23 21:02:10 PDT] [3160/4295] A SI ohlcv-1m 2025-01-01..2025-02-01: $0.107209 1,644,496 B (1.45s)
[2026-09-23 21:02:11 PDT] [3161/4295] A SI ohlcv-1m 2025-05-01..2025-06-01: $0.106439 1,632,680 B (1.15s)
[2026-09-23 21:02:12 PDT] [3162/4295] A SI ohlcv-1m 2023-11-01..2023-12-01: $0.100506 1,541,680 B (16.70s)
[2026-09-23 21:02:13 PDT] [3163/4295] A SI ohlcv-1m 2025-03-01..2025-04-01: $0.104120 1,597,120 B (3.61s)
[2026-09-23 21:02:13 PDT] [3164/4295] A SI ohlcv-1m 2025-07-01..2025-08-01: $0.111681 1,713,096 B (1.40s)
[2026-09-23 21:02:14 PDT] [3165/4295] A SI ohlcv-1m 2025-04-01..2025-05-01: $0.099834 1,531,376 B (3.97s)
[2026-09-23 21:02:14 PDT] [3166/4295] A SI ohlcv-1m 2025-08-01..2025-09-01: $0.096877 1,486,016 B (1.05s)
[2026-09-23 21:02:15 PDT] [3167/4295] A SI ohlcv-1m 2025-10-01..2025-11-01: $0.115127 1,765,960 B (1.12s)
[2026-09-23 21:02:15 PDT] [3168/4295] A SI ohlcv-1m 2025-09-01..2025-10-01: $0.108260 1,660,624 B (1.55s)
[2026-09-23 21:02:15 PDT] [3169/4295] A SI ohlcv-1m 2025-06-01..2025-07-01: $0.099805 1,530,928 B (3.78s)
[2026-09-23 21:02:18 PDT] [3170/4295] A SI ohlcv-1m 2025-11-01..2025-12-01: $0.094355 1,447,320 B (3.81s)
[2026-09-23 21:02:18 PDT] [3171/4295] A SI ohlcv-1m 2025-12-01..2026-01-01: $0.109655 1,682,016 B (3.29s)
[2026-09-23 21:02:18 PDT] [3172/4295] A SI ohlcv-1m 2026-02-01..2026-03-01: $0.094212 1,445,136 B (3.32s)
[2026-09-23 21:02:18 PDT] [3173/4295] A SI ohlcv-1m 2026-01-01..2026-02-01: $0.105143 1,612,800 B (3.71s)
[2026-09-23 21:02:19 PDT] [3174/4295] A SI ohlcv-1m 2026-03-01..2026-04-01: $0.108505 1,664,376 B (1.83s)
[2026-09-23 21:02:20 PDT] [3175/4295] A SI ohlcv-1m 2026-04-01..2026-05-01: $0.095676 1,467,592 B (2.31s)
[2026-09-23 21:02:21 PDT] [3176/4295] A SI ohlcv-1m 2026-06-01..2026-06-21: $0.071230 1,092,616 B (2.12s)
[2026-09-23 21:02:21 PDT] [3177/4295] A SI ohlcv-1m 2026-05-01..2026-06-01: $0.100773 1,545,768 B (2.53s)
[2026-09-23 21:02:22 PDT] [3178/4295] A SIL ohlcv-1m 2019-08-01..2019-09-01: $0.027812 426,608 B (1.42s)
[2026-09-23 21:02:22 PDT] [3179/4295] A SIL ohlcv-1m 2019-06-01..2019-07-01: $0.016994 260,680 B (1.94s)
[2026-09-23 21:02:22 PDT] [3180/4295] A SIL ohlcv-1m 2019-07-01..2019-08-01: $0.019185 294,280 B (1.72s)
[2026-09-23 21:02:23 PDT] [3181/4295] A SIL ohlcv-1m 2019-05-01..2019-06-01: $0.017560 269,360 B (3.77s)
[2026-09-23 21:02:23 PDT] [3182/4295] A SIL ohlcv-1m 2019-11-01..2019-12-01: $0.030469 467,376 B (0.99s)
[2026-09-23 21:02:24 PDT] [3183/4295] A SIL ohlcv-1m 2019-09-01..2019-10-01: $0.041035 629,440 B (1.86s)
[2026-09-23 21:02:25 PDT] [3184/4295] A SIL ohlcv-1m 2019-12-01..2020-01-01: $0.026600 408,016 B (1.67s)
[2026-09-23 21:02:25 PDT] [3185/4295] A SIL ohlcv-1m 2019-10-01..2019-11-01: $0.034390 527,520 B (2.79s)
[2026-09-23 21:02:25 PDT] [3186/4295] A SIL ohlcv-1m 2020-02-01..2020-03-01: $0.028352 434,896 B (1.33s)
[2026-09-23 21:02:25 PDT] [3187/4295] A SIL ohlcv-1m 2020-01-01..2020-02-01: $0.035482 544,264 B (2.01s)
[2026-09-23 21:02:26 PDT] [3188/4295] A SIL ohlcv-1m 2020-03-01..2020-04-01: $0.056649 868,952 B (1.17s)
[2026-09-23 21:02:26 PDT] [3189/4295] A SIL ohlcv-1m 2020-04-01..2020-05-01: $0.035307 541,576 B (1.11s)
[2026-09-23 21:02:27 PDT] [3190/4295] A SIL ohlcv-1m 2020-05-01..2020-06-01: $0.052115 799,400 B (1.50s)
[2026-09-23 21:02:28 PDT] [3191/4295] A SIL ohlcv-1m 2020-06-01..2020-07-01: $0.065944 1,011,528 B (2.82s)
[2026-09-23 21:02:29 PDT] [3192/4295] A SIL ohlcv-1m 2020-07-01..2020-08-01: $0.087181 1,337,280 B (2.91s)
[2026-09-23 21:02:29 PDT] [3193/4295] A SIL ohlcv-1m 2020-10-01..2020-11-01: $0.092580 1,420,104 B (1.32s)
[2026-09-23 21:02:31 PDT] [3194/4295] A SIL ohlcv-1m 2020-09-01..2020-10-01: $0.093117 1,428,336 B (4.40s)
[2026-09-23 21:02:33 PDT] [3195/4295] A SIL ohlcv-1m 2020-12-01..2021-01-01: $0.093062 1,427,496 B (3.82s)
[2026-09-23 21:02:34 PDT] [3196/4295] A SIL ohlcv-1m 2021-01-01..2021-02-01: $0.080901 1,240,960 B (3.16s)
[2026-09-23 21:02:35 PDT] [3197/4295] A SIL ohlcv-1m 2021-02-01..2021-03-01: $0.080675 1,237,488 B (1.71s)
[2026-09-23 21:02:38 PDT] [3198/4295] A SIL ohlcv-1m 2021-04-01..2021-05-01: $0.067945 1,042,216 B (3.16s)
[2026-09-23 21:02:38 PDT] [3199/4295] A SIL ohlcv-1m 2020-11-01..2020-12-01: $0.080781 1,239,112 B (9.23s)
[2026-09-23 21:02:38 PDT] [3200/4295] A SIL ohlcv-1m 2021-03-01..2021-04-01: $0.099586 1,527,568 B (4.05s)
[2026-09-23 21:02:40 PDT] [3201/4295] A SIL ohlcv-1m 2021-05-01..2021-06-01: $0.083910 1,287,104 B (1.47s)
[2026-09-23 21:02:40 PDT] [3202/4295] A SIL ohlcv-1m 2021-07-01..2021-08-01: $0.078225 1,199,912 B (1.33s)
[2026-09-23 21:02:41 PDT] [3203/4295] A SIL ohlcv-1m 2020-08-01..2020-09-01: $0.094760 1,453,536 B (14.56s)
[2026-09-23 21:02:41 PDT] [3204/4295] A SIL ohlcv-1m 2021-06-01..2021-07-01: $0.077835 1,193,920 B (2.84s)
[2026-09-23 21:02:41 PDT] [3205/4295] A SIL ohlcv-1m 2021-09-01..2021-10-01: $0.072808 1,116,808 B (1.50s)
[2026-09-23 21:02:42 PDT] [3206/4295] A SIL ohlcv-1m 2021-10-01..2021-11-01: $0.068441 1,049,832 B (1.08s)
[2026-09-23 21:02:42 PDT] [3207/4295] A SIL ohlcv-1m 2021-08-01..2021-09-01: $0.070084 1,075,032 B (2.29s)
[2026-09-23 21:02:43 PDT] [3208/4295] A SIL ohlcv-1m 2022-01-01..2022-02-01: $0.074356 1,140,552 B (1.08s)
[2026-09-23 21:02:44 PDT] [3209/4295] A SIL ohlcv-1m 2021-12-01..2022-01-01: $0.067131 1,029,728 B (3.04s)
[2026-09-23 21:02:44 PDT] [3210/4295] A SIL ohlcv-1m 2021-11-01..2021-12-01: $0.065535 1,005,256 B (3.40s)
[2026-09-23 21:02:45 PDT] [3211/4295] A SIL ohlcv-1m 2022-02-01..2022-03-01: $0.070230 1,077,272 B (3.30s)
[2026-09-23 21:02:47 PDT] [3212/4295] A SIL ohlcv-1m 2022-05-01..2022-06-01: $0.083665 1,283,352 B (2.14s)
[2026-09-23 21:02:47 PDT] [3213/4295] A SIL ohlcv-1m 2022-03-01..2022-04-01: $0.097377 1,493,688 B (4.10s)
[2026-09-23 21:02:48 PDT] [3214/4295] A SIL ohlcv-1m 2022-04-01..2022-05-01: $0.068105 1,044,680 B (3.51s)
[2026-09-23 21:02:49 PDT] [3215/4295] A SIL ohlcv-1m 2022-06-01..2022-07-01: $0.070530 1,081,864 B (3.51s)
[2026-09-23 21:02:49 PDT] [3216/4295] A SIL ohlcv-1m 2022-09-01..2022-10-01: $0.084541 1,296,792 B (1.21s)
[2026-09-23 21:02:50 PDT] [3217/4295] A SIL ohlcv-1m 2022-08-01..2022-09-01: $0.072066 1,105,440 B (2.56s)
[2026-09-23 21:02:50 PDT] [3218/4295] A SIL ohlcv-1m 2022-10-01..2022-11-01: $0.082577 1,266,664 B (1.07s)
[2026-09-23 21:02:50 PDT] [3219/4295] A SIL ohlcv-1m 2022-11-01..2022-12-01: $0.078101 1,198,008 B (1.23s)
[2026-09-23 21:02:51 PDT] [3220/4295] A SIL ohlcv-1m 2023-01-01..2023-02-01: $0.090361 1,386,056 B (1.17s)
[2026-09-23 21:02:52 PDT] [3221/4295] A SIL ohlcv-1m 2022-12-01..2023-01-01: $0.085034 1,304,352 B (2.42s)
[2026-09-23 21:02:52 PDT] [3222/4295] A SIL ohlcv-1m 2022-07-01..2022-08-01: $0.072607 1,113,728 B (5.53s)
[2026-09-23 21:02:53 PDT] [3223/4295] A SIL ohlcv-1m 2023-03-01..2023-04-01: $0.094552 1,450,344 B (1.71s)
[2026-09-23 21:02:54 PDT] [3224/4295] A SIL ohlcv-1m 2023-02-01..2023-03-01: $0.072107 1,106,056 B (3.63s)
[2026-09-23 21:02:54 PDT] [3225/4295] A SIL ohlcv-1m 2023-05-01..2023-06-01: $0.088754 1,361,416 B (1.96s)
[2026-09-23 21:02:54 PDT] [3226/4295] A SIL ohlcv-1m 2023-04-01..2023-05-01: $0.072348 1,109,752 B (2.18s)
[2026-09-23 21:02:55 PDT] [3227/4295] A SIL ohlcv-1m 2023-08-01..2023-09-01: $0.076754 1,177,344 B (1.22s)
[2026-09-23 21:02:55 PDT] [3228/4295] A SIL ohlcv-1m 2023-09-01..2023-10-01: $0.080003 1,227,184 B (1.29s)
[2026-09-23 21:02:56 PDT] [3229/4295] A SIL ohlcv-1m 2023-07-01..2023-08-01: $0.076287 1,170,176 B (2.61s)
[2026-09-23 21:02:57 PDT] [3230/4295] A SIL ohlcv-1m 2023-10-01..2023-11-01: $0.091390 1,401,848 B (1.75s)
[2026-09-23 21:02:59 PDT] [3231/4295] A SIL ohlcv-1m 2023-12-01..2024-01-01: $0.079196 1,214,808 B (2.17s)
[2026-09-23 21:02:59 PDT] [3232/4295] A SIL ohlcv-1m 2024-01-01..2024-02-01: $0.078736 1,207,752 B (1.88s)
[2026-09-23 21:02:59 PDT] [3233/4295] A SIL ohlcv-1m 2023-06-01..2023-07-01: $0.073713 1,130,696 B (6.52s)
[2026-09-23 21:03:00 PDT] [3234/4295] A SIL ohlcv-1m 2023-11-01..2023-12-01: $0.083705 1,283,968 B (4.10s)
[2026-09-23 21:03:01 PDT] [3235/4295] A SIL ohlcv-1m 2024-02-01..2024-03-01: $0.069223 1,061,816 B (2.21s)
[2026-09-23 21:03:01 PDT] [3236/4295] A SIL ohlcv-1m 2024-05-01..2024-06-01: $0.107428 1,647,856 B (1.93s)
[2026-09-23 21:03:02 PDT] [3237/4295] A SIL ohlcv-1m 2024-06-01..2024-07-01: $0.086064 1,320,144 B (1.14s)
[2026-09-23 21:03:02 PDT] [3238/4295] A SIL ohlcv-1m 2024-07-01..2024-08-01: $0.106063 1,626,912 B (0.93s)
[2026-09-23 21:03:03 PDT] [3239/4295] A SIL ohlcv-1m 2024-04-01..2024-05-01: $0.095917 1,471,288 B (3.73s)
[2026-09-23 21:03:03 PDT] [3240/4295] A SIL ohlcv-1m 2024-03-01..2024-04-01: $0.082581 1,266,720 B (4.31s)
[2026-09-23 21:03:03 PDT] [3241/4295] A SIL ohlcv-1m 2024-09-01..2024-10-01: $0.095669 1,467,480 B (1.03s)
[2026-09-23 21:03:05 PDT] [3242/4295] A SIL ohlcv-1m 2024-10-01..2024-11-01: $0.110882 1,700,832 B (1.66s)
[2026-09-23 21:03:05 PDT] [3243/4295] A SIL ohlcv-1m 2024-11-01..2024-12-01: $0.092496 1,418,816 B (1.40s)
[2026-09-23 21:03:05 PDT] [3244/4295] A SIL ohlcv-1m 2024-12-01..2025-01-01: $0.096636 1,482,320 B (1.59s)
[2026-09-23 21:03:05 PDT] [3245/4295] A SIL ohlcv-1m 2024-08-01..2024-09-01: $0.094070 1,442,952 B (3.26s)
[2026-09-23 21:03:06 PDT] [3246/4295] A SIL ohlcv-1m 2025-02-01..2025-03-01: $0.085731 1,315,048 B (1.26s)
[2026-09-23 21:03:06 PDT] [3247/4295] A SIL ohlcv-1m 2025-01-01..2025-02-01: $0.100849 1,546,944 B (1.79s)
[2026-09-23 21:03:06 PDT] [3248/4295] A SIL ohlcv-1m 2025-04-01..2025-05-01: $0.095895 1,470,952 B (1.22s)
[2026-09-23 21:03:06 PDT] [3249/4295] A SIL ohlcv-1m 2025-03-01..2025-04-01: $0.098319 1,508,136 B (1.46s)
[2026-09-23 21:03:07 PDT] [3250/4295] A SIL ohlcv-1m 2025-05-01..2025-06-01: $0.099115 1,520,344 B (1.49s)
[2026-09-23 21:03:07 PDT] [3251/4295] A SIL ohlcv-1m 2025-06-01..2025-07-01: $0.096388 1,478,512 B (1.11s)
[2026-09-23 21:03:08 PDT] [3252/4295] A SIL ohlcv-1m 2025-07-01..2025-08-01: $0.108111 1,658,328 B (1.10s)
[2026-09-23 21:03:09 PDT] [3253/4295] A SIL ohlcv-1m 2025-08-01..2025-09-01: $0.087385 1,340,416 B (2.38s)
[2026-09-23 21:03:09 PDT] [3254/4295] A SIL ohlcv-1m 2025-09-01..2025-10-01: $0.107304 1,645,952 B (1.81s)
[2026-09-23 21:03:10 PDT] [3255/4295] A SIL ohlcv-1m 2025-10-01..2025-11-01: $0.115365 1,769,600 B (2.31s)
[2026-09-23 21:03:10 PDT] [3256/4295] A SIL ohlcv-1m 2026-01-01..2026-02-01: $0.105245 1,614,368 B (1.16s)
[2026-09-23 21:03:10 PDT] [3257/4295] A SIL ohlcv-1m 2025-11-01..2025-12-01: $0.093895 1,440,264 B (2.92s)
[2026-09-23 21:03:11 PDT] [3258/4295] A SIL ohlcv-1m 2026-02-01..2026-03-01: $0.096779 1,484,504 B (0.84s)
[2026-09-23 21:03:11 PDT] [3259/4295] A SIL ohlcv-1m 2026-03-01..2026-04-01: $0.111250 1,706,488 B (1.08s)
[2026-09-23 21:03:12 PDT] [3260/4295] A SIL ohlcv-1m 2026-05-01..2026-06-01: $0.105015 1,610,840 B (1.16s)
[2026-09-23 21:03:13 PDT] [3261/4295] A SIL ohlcv-1m 2026-06-01..2026-06-21: $0.074009 1,135,232 B (1.21s)
[2026-09-23 21:03:13 PDT] [3262/4295] A SIL ohlcv-1m 2025-12-01..2026-01-01: $0.109900 1,685,768 B (3.92s)
[2026-09-23 21:03:13 PDT] [3263/4295] A HG ohlcv-1m 2019-05-01..2019-06-01: $0.109743 1,683,360 B (1.60s)
[2026-09-23 21:03:13 PDT] [3264/4295] A SIL ohlcv-1m 2026-04-01..2026-05-01: $0.101430 1,555,848 B (2.99s)
[2026-09-23 21:03:14 PDT] [3265/4295] A HG ohlcv-1m 2019-07-01..2019-08-01: $0.107866 1,654,576 B (1.23s)
[2026-09-23 21:03:14 PDT] [3266/4295] A HG ohlcv-1m 2019-06-01..2019-07-01: $0.092880 1,424,696 B (1.76s)
[2026-09-23 21:03:15 PDT] [3267/4295] A HG ohlcv-1m 2019-09-01..2019-10-01: $0.099009 1,518,720 B (1.50s)
[2026-09-23 21:03:15 PDT] [3268/4295] A HG ohlcv-1m 2019-08-01..2019-09-01: $0.100619 1,543,416 B (1.60s)
[2026-09-23 21:03:15 PDT] [3269/4295] A HG ohlcv-1m 2019-11-01..2019-12-01: $0.092328 1,416,240 B (1.03s)
[2026-09-23 21:03:16 PDT] [3270/4295] A HG ohlcv-1m 2020-01-01..2020-02-01: $0.105059 1,611,512 B (0.99s)
[2026-09-23 21:03:16 PDT] [3271/4295] A HG ohlcv-1m 2020-02-01..2020-03-01: $0.090956 1,395,184 B (1.07s)
[2026-09-23 21:03:17 PDT] [3272/4295] A HG ohlcv-1m 2020-03-01..2020-04-01: $0.109984 1,687,056 B (1.04s)
[2026-09-23 21:03:18 PDT] [3273/4295] A HG ohlcv-1m 2020-04-01..2020-05-01: $0.098513 1,511,104 B (1.08s)
[2026-09-23 21:03:18 PDT] [3274/4295] A HG ohlcv-1m 2019-10-01..2019-11-01: $0.108450 1,663,536 B (3.94s)
[2026-09-23 21:03:18 PDT] [3275/4295] A HG ohlcv-1m 2020-06-01..2020-07-01: $0.105771 1,622,432 B (0.86s)
[2026-09-23 21:03:19 PDT] [3276/4295] A HG ohlcv-1m 2020-07-01..2020-08-01: $0.112050 1,718,752 B (1.47s)
[2026-09-23 21:03:21 PDT] [3277/4295] A HG ohlcv-1m 2020-08-01..2020-09-01: $0.101171 1,551,872 B (2.15s)
[2026-09-23 21:03:22 PDT] [3278/4295] A HG ohlcv-1m 2020-09-01..2020-10-01: $0.108045 1,657,320 B (2.22s)
[2026-09-23 21:03:23 PDT] [3279/4295] A HG ohlcv-1m 2020-10-01..2020-11-01: $0.107136 1,643,376 B (2.04s)
[2026-09-23 21:03:23 PDT] [3280/4295] A HG ohlcv-1m 2020-11-01..2020-12-01: $0.098626 1,512,840 B (1.38s)
[2026-09-23 21:03:23 PDT] [3281/4295] A HG ohlcv-1m 2020-05-01..2020-06-01: $0.101598 1,558,424 B (6.19s)
[2026-09-23 21:03:25 PDT] [3282/4295] A HG ohlcv-1m 2021-01-01..2021-02-01: $0.098403 1,509,424 B (1.52s)
[2026-09-23 21:03:26 PDT] [3283/4295] A HG ohlcv-1m 2021-03-01..2021-04-01: $0.114781 1,760,640 B (1.23s)
[2026-09-23 21:03:27 PDT] [3284/4295] A HG ohlcv-1m 2021-02-01..2021-03-01: $0.096425 1,479,072 B (3.43s)
[2026-09-23 21:03:27 PDT] [3285/4295] A HG ohlcv-1m 2020-12-01..2021-01-01: $0.107088 1,642,648 B (4.66s)
[2026-09-23 21:03:28 PDT] [3286/4295] A HG ohlcv-1m 2021-04-01..2021-05-01: $0.100689 1,544,480 B (1.87s)
[2026-09-23 21:03:28 PDT] [3287/4295] A HG ohlcv-1m 2019-12-01..2020-01-01: $0.098447 1,510,096 B (12.76s)
[2026-09-23 21:03:28 PDT] [3288/4295] A HG ohlcv-1m 2021-06-01..2021-07-01: $0.104683 1,605,744 B (0.93s)
[2026-09-23 21:03:29 PDT] [3289/4295] A HG ohlcv-1m 2021-05-01..2021-06-01: $0.104113 1,597,008 B (2.34s)
[2026-09-23 21:03:30 PDT] [3290/4295] A HG ohlcv-1m 2021-09-01..2021-10-01: $0.105468 1,617,784 B (1.88s)
[2026-09-23 21:03:30 PDT] [3291/4295] A HG ohlcv-1m 2021-07-01..2021-08-01: $0.106837 1,638,784 B (2.49s)
[2026-09-23 21:03:31 PDT] [3292/4295] A HG ohlcv-1m 2021-10-01..2021-11-01: $0.102660 1,574,720 B (2.28s)
[2026-09-23 21:03:31 PDT] [3293/4295] A HG ohlcv-1m 2021-12-01..2022-01-01: $0.107030 1,641,752 B (1.36s)
[2026-09-23 21:03:33 PDT] [3294/4295] A HG ohlcv-1m 2021-11-01..2021-12-01: $0.102675 1,574,944 B (2.51s)
[2026-09-23 21:03:34 PDT] [3295/4295] A HG ohlcv-1m 2022-01-01..2022-02-01: $0.103438 1,586,648 B (2.53s)
[2026-09-23 21:03:35 PDT] [3296/4295] A HG ohlcv-1m 2022-04-01..2022-05-01: $0.095742 1,468,600 B (1.21s)
[2026-09-23 21:03:35 PDT] [3297/4295] A HG ohlcv-1m 2022-02-01..2022-03-01: $0.095866 1,470,504 B (3.71s)
[2026-09-23 21:03:36 PDT] [3298/4295] A HG ohlcv-1m 2022-03-01..2022-04-01: $0.111729 1,713,824 B (3.29s)
[2026-09-23 21:03:36 PDT] [3299/4295] A HG ohlcv-1m 2021-08-01..2021-09-01: $0.106771 1,637,776 B (8.49s)
[2026-09-23 21:03:39 PDT] [3300/4295] A HG ohlcv-1m 2022-07-01..2022-08-01: $0.102613 1,573,992 B (3.58s)
[2026-09-23 21:03:40 PDT] [3301/4295] A HG ohlcv-1m 2022-08-01..2022-09-01: $0.106753 1,637,496 B (3.69s)
[2026-09-23 21:03:41 PDT] [3302/4295] A HG ohlcv-1m 2022-05-01..2022-06-01: $0.106585 1,634,920 B (5.53s)
[2026-09-23 21:03:41 PDT] [3303/4295] A HG ohlcv-1m 2022-09-01..2022-10-01: $0.106632 1,635,648 B (1.20s)
[2026-09-23 21:03:41 PDT] [3304/4295] A HG ohlcv-1m 2022-10-01..2022-11-01: $0.103230 1,583,456 B (1.24s)
[2026-09-23 21:03:42 PDT] [3305/4295] A HG ohlcv-1m 2022-11-01..2022-12-01: $0.102251 1,568,448 B (1.68s)
[2026-09-23 21:03:42 PDT] [3306/4295] A HG ohlcv-1m 2023-01-01..2023-02-01: $0.103335 1,585,080 B (1.34s)
[2026-09-23 21:03:44 PDT] [3307/4295] A HG ohlcv-1m 2023-03-01..2023-04-01: $0.113017 1,733,592 B (1.41s)
[2026-09-23 21:03:44 PDT] [3308/4295] A HG ohlcv-1m 2022-12-01..2023-01-01: $0.102708 1,575,448 B (3.48s)
[2026-09-23 21:03:45 PDT] [3309/4295] A HG ohlcv-1m 2023-02-01..2023-03-01: $0.094563 1,450,512 B (2.82s)
[2026-09-23 21:03:45 PDT] [3310/4295] A HG ohlcv-1m 2023-04-01..2023-05-01: $0.091171 1,398,488 B (1.58s)
[2026-09-23 21:03:47 PDT] [3311/4295] A HG ohlcv-1m 2023-06-01..2023-07-01: $0.104569 1,604,008 B (1.58s)
[2026-09-23 21:03:47 PDT] [3312/4295] A HG ohlcv-1m 2023-05-01..2023-06-01: $0.110312 1,692,096 B (2.54s)
[2026-09-23 21:03:47 PDT] [3313/4295] A HG ohlcv-1m 2023-07-01..2023-08-01: $0.100061 1,534,848 B (1.82s)
[2026-09-23 21:03:48 PDT] [3314/4295] A HG ohlcv-1m 2023-08-01..2023-09-01: $0.108877 1,670,088 B (1.08s)
[2026-09-23 21:03:49 PDT] [3315/4295] A HG ohlcv-1m 2023-10-01..2023-11-01: $0.106979 1,640,968 B (1.29s)
[2026-09-23 21:03:49 PDT] [3316/4295] A HG ohlcv-1m 2023-11-01..2023-12-01: $0.104482 1,602,664 B (1.15s)
[2026-09-23 21:03:50 PDT] [3317/4295] A HG ohlcv-1m 2023-09-01..2023-10-01: $0.099641 1,528,408 B (3.33s)
[2026-09-23 21:03:51 PDT] [3318/4295] A HG ohlcv-1m 2023-12-01..2024-01-01: $0.096735 1,483,832 B (2.37s)
[2026-09-23 21:03:51 PDT] [3319/4295] A HG ohlcv-1m 2024-01-01..2024-02-01: $0.107063 1,642,256 B (2.31s)
[2026-09-23 21:03:53 PDT] [3320/4295] A HG ohlcv-1m 2024-04-01..2024-05-01: $0.108231 1,660,176 B (1.51s)
[2026-09-23 21:03:53 PDT] [3321/4295] A HG ohlcv-1m 2022-06-01..2022-07-01: $0.105508 1,618,400 B (17.59s)
[2026-09-23 21:03:53 PDT] [3322/4295] A HG ohlcv-1m 2024-03-01..2024-04-01: $0.096538 1,480,808 B (1.94s)
[2026-09-23 21:03:53 PDT] [3323/4295] A HG ohlcv-1m 2024-02-01..2024-03-01: $0.099703 1,529,360 B (2.89s)
[2026-09-23 21:03:54 PDT] [3324/4295] A HG ohlcv-1m 2024-06-01..2024-07-01: $0.096611 1,481,928 B (1.51s)
[2026-09-23 21:03:55 PDT] [3325/4295] A HG ohlcv-1m 2024-05-01..2024-06-01: $0.112718 1,729,000 B (2.37s)
[2026-09-23 21:03:56 PDT] [3326/4295] A HG ohlcv-1m 2024-08-01..2024-09-01: $0.105489 1,618,120 B (2.78s)
[2026-09-23 21:03:56 PDT] [3327/4295] A HG ohlcv-1m 2024-10-01..2024-11-01: $0.111688 1,713,208 B (0.89s)
[2026-09-23 21:03:56 PDT] [3328/4295] A HG ohlcv-1m 2024-07-01..2024-08-01: $0.110692 1,697,920 B (3.57s)
[2026-09-23 21:03:57 PDT] [3329/4295] A HG ohlcv-1m 2024-11-01..2024-12-01: $0.101222 1,552,656 B (1.78s)
[2026-09-23 21:03:58 PDT] [3330/4295] A HG ohlcv-1m 2024-09-01..2024-10-01: $0.101766 1,561,000 B (3.21s)
[2026-09-23 21:03:58 PDT] [3331/4295] A HG ohlcv-1m 2025-01-01..2025-02-01: $0.106975 1,640,912 B (1.21s)
[2026-09-23 21:03:59 PDT] [3332/4295] A HG ohlcv-1m 2025-03-01..2025-04-01: $0.101802 1,561,560 B (1.44s)
[2026-09-23 21:03:59 PDT] [3333/4295] A HG ohlcv-1m 2025-04-01..2025-05-01: $0.100126 1,535,856 B (1.37s)
[2026-09-23 21:04:00 PDT] [3334/4295] A HG ohlcv-1m 2025-02-01..2025-03-01: $0.096939 1,486,968 B (2.42s)
[2026-09-23 21:04:01 PDT] [3335/4295] A HG ohlcv-1m 2024-12-01..2025-01-01: $0.101663 1,559,432 B (4.75s)
[2026-09-23 21:04:01 PDT] [3336/4295] A HG ohlcv-1m 2025-05-01..2025-06-01: $0.102007 1,564,696 B (1.77s)
[2026-09-23 21:04:02 PDT] [3337/4295] A HG ohlcv-1m 2025-07-01..2025-08-01: $0.102613 1,573,992 B (1.78s)
[2026-09-23 21:04:02 PDT] [3338/4295] A HG ohlcv-1m 2025-06-01..2025-07-01: $0.096519 1,480,528 B (2.92s)
[2026-09-23 21:04:03 PDT] [3339/4295] A HG ohlcv-1m 2025-10-01..2025-11-01: $0.108739 1,667,960 B (1.08s)
[2026-09-23 21:04:03 PDT] [3340/4295] A HG ohlcv-1m 2025-08-01..2025-09-01: $0.086600 1,328,376 B (2.39s)
[2026-09-23 21:04:04 PDT] [3341/4295] A HG ohlcv-1m 2025-09-01..2025-10-01: $0.096625 1,482,152 B (2.78s)
[2026-09-23 21:04:04 PDT] [3342/4295] A HG ohlcv-1m 2026-01-01..2026-02-01: $0.103354 1,585,360 B (1.10s)
[2026-09-23 21:04:05 PDT] [3343/4295] A HG ohlcv-1m 2025-11-01..2025-12-01: $0.089860 1,378,384 B (3.09s)
[2026-09-23 21:04:06 PDT] [3344/4295] A HG ohlcv-1m 2026-02-01..2026-03-01: $0.093241 1,430,240 B (2.24s)
[2026-09-23 21:04:06 PDT] [3345/4295] A HG ohlcv-1m 2026-03-01..2026-04-01: $0.107548 1,649,704 B (1.70s)
[2026-09-23 21:04:06 PDT] [3346/4295] A HG ohlcv-1m 2026-04-01..2026-05-01: $0.095486 1,464,680 B (0.94s)
[2026-09-23 21:04:07 PDT] [3347/4295] A HG ohlcv-1m 2025-12-01..2026-01-01: $0.105548 1,619,016 B (4.05s)
[2026-09-23 21:04:07 PDT] [3348/4295] A HG ohlcv-1m 2026-05-01..2026-06-01: $0.099298 1,523,144 B (1.11s)
[2026-09-23 21:04:07 PDT] [3349/4295] A MHG ohlcv-1m 2019-05-01..2019-06-01: QUOTE FAILED (1.32s)
[2026-09-23 21:04:07 PDT] [3350/4295] A MHG ohlcv-1m 2019-06-01..2019-07-01: QUOTE FAILED (0.66s)
[2026-09-23 21:04:08 PDT] [3351/4295] A MHG ohlcv-1m 2019-07-01..2019-08-01: QUOTE FAILED (0.75s)
[2026-09-23 21:04:08 PDT] [3352/4295] A MHG ohlcv-1m 2019-08-01..2019-09-01: QUOTE FAILED (0.48s)
[2026-09-23 21:04:08 PDT] [3353/4295] A MHG ohlcv-1m 2019-11-01..2019-12-01: QUOTE FAILED (0.58s)
[2026-09-23 21:04:09 PDT] [3354/4295] A MHG ohlcv-1m 2019-09-01..2019-10-01: QUOTE FAILED (1.46s)
[2026-09-23 21:04:09 PDT] [3355/4295] A HG ohlcv-1m 2026-06-01..2026-06-21: $0.070562 1,082,368 B (3.51s)
[2026-09-23 21:04:09 PDT] [3356/4295] A MHG ohlcv-1m 2019-12-01..2020-01-01: QUOTE FAILED (1.14s)
[2026-09-23 21:04:10 PDT] [3357/4295] A MHG ohlcv-1m 2019-10-01..2019-11-01: QUOTE FAILED (1.98s)
[2026-09-23 21:04:10 PDT] [3358/4295] A MHG ohlcv-1m 2020-01-01..2020-02-01: QUOTE FAILED (1.25s)
[2026-09-23 21:04:10 PDT] [3359/4295] A MHG ohlcv-1m 2020-03-01..2020-04-01: QUOTE FAILED (0.84s)
[2026-09-23 21:04:10 PDT] [3360/4295] A MHG ohlcv-1m 2020-02-01..2020-03-01: QUOTE FAILED (0.99s)
[2026-09-23 21:04:11 PDT] [3361/4295] A MHG ohlcv-1m 2020-06-01..2020-07-01: QUOTE FAILED (0.47s)
[2026-09-23 21:04:11 PDT] [3362/4295] A MHG ohlcv-1m 2020-05-01..2020-06-01: QUOTE FAILED (0.67s)
[2026-09-23 21:04:11 PDT] [3363/4295] A MHG ohlcv-1m 2020-07-01..2020-08-01: QUOTE FAILED (0.62s)
[2026-09-23 21:04:11 PDT] [3364/4295] A MHG ohlcv-1m 2020-10-01..2020-11-01: QUOTE FAILED (0.49s)
[2026-09-23 21:04:12 PDT] [3365/4295] A MHG ohlcv-1m 2020-09-01..2020-10-01: QUOTE FAILED (0.74s)
[2026-09-23 21:04:12 PDT] [3366/4295] A MHG ohlcv-1m 2020-11-01..2020-12-01: QUOTE FAILED (0.57s)
[2026-09-23 21:04:12 PDT] [3367/4295] A MHG ohlcv-1m 2020-12-01..2021-01-01: QUOTE FAILED (0.85s)
[2026-09-23 21:04:13 PDT] [3368/4295] A MHG ohlcv-1m 2020-08-01..2020-09-01: QUOTE FAILED (2.11s)
[2026-09-23 21:04:13 PDT] [3369/4295] A MHG ohlcv-1m 2021-02-01..2021-03-01: QUOTE FAILED (0.52s)
[2026-09-23 21:04:13 PDT] [3370/4295] A MHG ohlcv-1m 2021-01-01..2021-02-01: QUOTE FAILED (1.34s)
[2026-09-23 21:04:14 PDT] [3371/4295] A MHG ohlcv-1m 2020-04-01..2020-05-01: QUOTE FAILED (4.03s)
[2026-09-23 21:04:14 PDT] [3372/4295] A MHG ohlcv-1m 2021-05-01..2021-06-01: QUOTE FAILED (0.96s)
[2026-09-23 21:04:16 PDT] [3373/4295] A MHG ohlcv-1m 2021-07-01..2021-08-01: QUOTE FAILED (1.93s)
[2026-09-23 21:04:16 PDT] [3374/4295] A MHG ohlcv-1m 2021-04-01..2021-05-01: QUOTE FAILED (3.47s)
[2026-09-23 21:04:17 PDT] [3375/4295] A MHG ohlcv-1m 2021-08-01..2021-09-01: QUOTE FAILED (0.77s)
[2026-09-23 21:04:19 PDT] [3376/4295] A MHG ohlcv-1m 2021-10-01..2021-11-01: QUOTE FAILED (1.54s)
[2026-09-23 21:04:20 PDT] [3377/4295] A MHG ohlcv-1m 2021-11-01..2021-12-01: QUOTE FAILED (0.99s)
[2026-09-23 21:04:20 PDT] [3378/4295] A MHG ohlcv-1m 2021-03-01..2021-04-01: QUOTE FAILED (6.80s)
[2026-09-23 21:04:20 PDT] [3379/4295] A MHG ohlcv-1m 2022-01-01..2022-02-01: QUOTE FAILED (0.48s)
[2026-09-23 21:04:21 PDT] [3380/4295] A MHG ohlcv-1m 2021-12-01..2022-01-01: QUOTE FAILED (1.43s)
[2026-09-23 21:04:22 PDT] [3381/4295] A MHG ohlcv-1m 2022-02-01..2022-03-01: QUOTE FAILED (1.49s)
[2026-09-23 21:04:22 PDT] [3382/4295] A MHG ohlcv-1m 2022-03-01..2022-04-01: QUOTE FAILED (0.69s)
[2026-09-23 21:04:22 PDT] [3383/4295] A MHG ohlcv-1m 2021-06-01..2021-07-01: QUOTE FAILED (8.56s)
[2026-09-23 21:04:22 PDT] [3384/4295] A MHG ohlcv-1m 2021-09-01..2021-10-01: QUOTE FAILED (6.00s)
[2026-09-23 21:04:23 PDT] [3385/4295] A MHG ohlcv-1m 2022-05-01..2022-06-01: $0.018816 288,624 B (1.08s)
[2026-09-23 21:04:24 PDT] [3386/4295] A MHG ohlcv-1m 2022-06-01..2022-07-01: $0.043444 666,400 B (1.53s)
[2026-09-23 21:04:24 PDT] [3387/4295] A MHG ohlcv-1m 2022-08-01..2022-09-01: $0.056879 872,480 B (0.97s)
[2026-09-23 21:04:24 PDT] [3388/4295] A MHG ohlcv-1m 2022-07-01..2022-08-01: $0.055915 857,696 B (1.52s)
[2026-09-23 21:04:25 PDT] [3389/4295] A MHG ohlcv-1m 2022-04-01..2022-05-01: $0.000000 0 B (3.06s)
[2026-09-23 21:04:25 PDT] [3390/4295] A MHG ohlcv-1m 2022-11-01..2022-12-01: $0.063779 978,320 B (0.97s)
[2026-09-23 21:04:26 PDT] [3391/4295] A MHG ohlcv-1m 2022-12-01..2023-01-01: $0.052648 807,576 B (1.18s)
[2026-09-23 21:04:26 PDT] [3392/4295] A MHG ohlcv-1m 2022-10-01..2022-11-01: $0.058318 894,544 B (2.23s)
[2026-09-23 21:04:28 PDT] [3393/4295] A MHG ohlcv-1m 2023-03-01..2023-04-01: $0.077488 1,188,600 B (1.79s)
[2026-09-23 21:04:28 PDT] [3394/4295] A MHG ohlcv-1m 2023-01-01..2023-02-01: $0.070354 1,079,176 B (2.94s)
[2026-09-23 21:04:28 PDT] [3395/4295] A MHG ohlcv-1m 2023-02-01..2023-03-01: $0.065137 999,152 B (1.99s)
[2026-09-23 21:04:28 PDT] [3396/4295] A MHG ohlcv-1m 2022-09-01..2022-10-01: $0.058354 895,104 B (4.45s)
[2026-09-23 21:04:29 PDT] [3397/4295] A MHG ohlcv-1m 2023-05-01..2023-06-01: $0.072198 1,107,456 B (1.01s)
[2026-09-23 21:04:29 PDT] [3398/4295] A MHG ohlcv-1m 2023-04-01..2023-05-01: $0.056850 872,032 B (1.63s)
[2026-09-23 21:04:30 PDT] [3399/4295] A MHG ohlcv-1m 2023-06-01..2023-07-01: $0.065083 998,312 B (1.65s)
[2026-09-23 21:04:31 PDT] [3400/4295] A MHG ohlcv-1m 2023-10-01..2023-11-01: $0.065736 1,008,336 B (1.07s)
[2026-09-23 21:04:31 PDT] [3401/4295] A MHG ohlcv-1m 2023-09-01..2023-10-01: $0.061658 945,784 B (1.31s)
[2026-09-23 21:04:31 PDT] [3402/4295] A MHG ohlcv-1m 2023-07-01..2023-08-01: $0.062790 963,144 B (2.71s)
[2026-09-23 21:04:32 PDT] [3403/4295] A MHG ohlcv-1m 2023-12-01..2024-01-01: $0.057817 886,872 B (0.99s)
[2026-09-23 21:04:32 PDT] [3404/4295] A MHG ohlcv-1m 2024-01-01..2024-02-01: $0.067682 1,038,184 B (0.96s)
[2026-09-23 21:04:32 PDT] [3405/4295] A MHG ohlcv-1m 2023-11-01..2023-12-01: $0.062341 956,256 B (1.30s)
[2026-09-23 21:04:32 PDT] [3406/4295] A MHG ohlcv-1m 2023-08-01..2023-09-01: $0.068547 1,051,456 B (3.56s)
[2026-09-23 21:04:33 PDT] [3407/4295] A MHG ohlcv-1m 2024-02-01..2024-03-01: $0.059577 913,864 B (1.16s)
[2026-09-23 21:04:34 PDT] [3408/4295] A MHG ohlcv-1m 2024-05-01..2024-06-01: $0.104296 1,599,808 B (1.86s)
[2026-09-23 21:04:34 PDT] [3409/4295] A MHG ohlcv-1m 2024-06-01..2024-07-01: $0.085249 1,307,656 B (1.56s)
[2026-09-23 21:04:35 PDT] [3410/4295] A MHG ohlcv-1m 2024-03-01..2024-04-01: $0.065075 998,200 B (2.86s)
[2026-09-23 21:04:36 PDT] [3411/4295] A MHG ohlcv-1m 2024-07-01..2024-08-01: $0.094081 1,443,120 B (1.41s)
[2026-09-23 21:04:36 PDT] [3412/4295] A MHG ohlcv-1m 2024-04-01..2024-05-01: $0.089090 1,366,568 B (4.09s)
[2026-09-23 21:04:37 PDT] [3413/4295] A MHG ohlcv-1m 2024-10-01..2024-11-01: $0.095304 1,461,880 B (1.21s)
[2026-09-23 21:04:37 PDT] [3414/4295] A MHG ohlcv-1m 2024-08-01..2024-09-01: $0.086323 1,324,120 B (2.89s)
[2026-09-23 21:04:37 PDT] [3415/4295] A MHG ohlcv-1m 2024-11-01..2024-12-01: $0.081898 1,256,248 B (1.46s)
[2026-09-23 21:04:38 PDT] [3416/4295] A MHG ohlcv-1m 2024-09-01..2024-10-01: $0.084202 1,291,584 B (3.61s)
[2026-09-23 21:04:39 PDT] [3417/4295] A MHG ohlcv-1m 2024-12-01..2025-01-01: $0.074169 1,137,696 B (2.46s)
[2026-09-23 21:04:40 PDT] [3418/4295] A MHG ohlcv-1m 2025-01-01..2025-02-01: $0.082121 1,259,664 B (2.21s)
[2026-09-23 21:04:40 PDT] [3419/4295] A MHG ohlcv-1m 2025-03-01..2025-04-01: $0.094508 1,449,672 B (1.40s)
[2026-09-23 21:04:40 PDT] [3420/4295] A MHG ohlcv-1m 2025-02-01..2025-03-01: $0.080120 1,228,976 B (2.33s)
[2026-09-23 21:04:41 PDT] [3421/4295] A MHG ohlcv-1m 2025-07-01..2025-08-01: $0.101923 1,563,408 B (1.00s)
[2026-09-23 21:04:41 PDT] [3422/4295] A MHG ohlcv-1m 2025-04-01..2025-05-01: $0.095574 1,466,024 B (1.52s)
[2026-09-23 21:04:41 PDT] [3423/4295] A MHG ohlcv-1m 2025-06-01..2025-07-01: $0.084877 1,301,944 B (1.77s)
[2026-09-23 21:04:42 PDT] [3424/4295] A MHG ohlcv-1m 2025-08-01..2025-09-01: $0.071818 1,101,632 B (0.99s)
[2026-09-23 21:04:42 PDT] [3425/4295] A MHG ohlcv-1m 2025-09-01..2025-10-01: $0.077473 1,188,376 B (1.23s)
[2026-09-23 21:04:43 PDT] [3426/4295] A MHG ohlcv-1m 2025-05-01..2025-06-01: $0.094639 1,451,688 B (3.04s)
[2026-09-23 21:04:43 PDT] [3427/4295] A MHG ohlcv-1m 2025-10-01..2025-11-01: $0.100265 1,537,984 B (1.49s)
[2026-09-23 21:04:44 PDT] [3428/4295] A MHG ohlcv-1m 2026-01-01..2026-02-01: $0.102791 1,576,736 B (1.12s)
[2026-09-23 21:04:45 PDT] [3429/4295] A MHG ohlcv-1m 2025-11-01..2025-12-01: $0.073465 1,126,888 B (2.95s)
[2026-09-23 21:04:45 PDT] [3430/4295] A MHG ohlcv-1m 2025-12-01..2026-01-01: $0.095421 1,463,672 B (3.00s)
[2026-09-23 21:04:45 PDT] [3431/4295] A MHG ohlcv-1m 2026-03-01..2026-04-01: $0.103755 1,591,520 B (1.58s)
[2026-09-23 21:04:46 PDT] [3432/4295] A MHG ohlcv-1m 2026-02-01..2026-03-01: $0.093274 1,430,744 B (2.63s)
[2026-09-23 21:04:46 PDT] [3433/4295] A MHG ohlcv-1m 2026-05-01..2026-06-01: $0.093551 1,435,000 B (1.01s)
[2026-09-23 21:04:46 PDT] [3434/4295] A MHG ohlcv-1m 2026-04-01..2026-05-01: $0.085713 1,314,768 B (1.73s)
[2026-09-23 21:04:47 PDT] [3435/4295] A PL ohlcv-1m 2019-07-01..2019-08-01: $0.094833 1,454,656 B (0.82s)
[2026-09-23 21:04:47 PDT] [3436/4295] A PL ohlcv-1m 2019-06-01..2019-07-01: $0.079441 1,218,560 B (1.21s)
[2026-09-23 21:04:49 PDT] [3437/4295] A PL ohlcv-1m 2019-08-01..2019-09-01: $0.094435 1,448,552 B (1.39s)
[2026-09-23 21:04:49 PDT] [3438/4295] A PL ohlcv-1m 2019-09-01..2019-10-01: $0.087385 1,340,416 B (1.86s)
[2026-09-23 21:04:49 PDT] [3439/4295] A PL ohlcv-1m 2019-05-01..2019-06-01: $0.094128 1,443,848 B (3.69s)
[2026-09-23 21:04:50 PDT] [3440/4295] A PL ohlcv-1m 2019-11-01..2019-12-01: $0.082756 1,269,408 B (0.79s)
[2026-09-23 21:04:51 PDT] [3441/4295] A MHG ohlcv-1m 2026-06-01..2026-06-21: $0.065681 1,007,496 B (5.50s)
[2026-09-23 21:04:51 PDT] [3442/4295] A PL ohlcv-1m 2020-01-01..2020-02-01: $0.091496 1,403,472 B (0.92s)
[2026-09-23 21:04:52 PDT] [3443/4295] A PL ohlcv-1m 2020-03-01..2020-04-01: $0.092058 1,412,096 B (1.23s)
[2026-09-23 21:04:53 PDT] [3444/4295] A PL ohlcv-1m 2019-10-01..2019-11-01: $0.091427 1,402,408 B (3.92s)
[2026-09-23 21:04:53 PDT] [3445/4295] A PL ohlcv-1m 2019-12-01..2020-01-01: $0.080321 1,232,056 B (3.71s)
[2026-09-23 21:04:54 PDT] [3446/4295] A PL ohlcv-1m 2020-04-01..2020-05-01: $0.072121 1,106,280 B (1.60s)
[2026-09-23 21:04:54 PDT] [3447/4295] A PL ohlcv-1m 2020-02-01..2020-03-01: $0.078481 1,203,832 B (3.00s)
[2026-09-23 21:04:54 PDT] [3448/4295] A PL ohlcv-1m 2020-05-01..2020-06-01: $0.076192 1,168,720 B (1.51s)
[2026-09-23 21:04:54 PDT] [3449/4295] A PL ohlcv-1m 2020-06-01..2020-07-01: $0.079386 1,217,720 B (1.24s)
[2026-09-23 21:04:55 PDT] [3450/4295] A PL ohlcv-1m 2020-07-01..2020-08-01: $0.086305 1,323,840 B (0.98s)
[2026-09-23 21:04:55 PDT] [3451/4295] A PL ohlcv-1m 2020-08-01..2020-09-01: $0.082701 1,268,568 B (1.30s)
[2026-09-23 21:04:55 PDT] [3452/4295] A PL ohlcv-1m 2020-09-01..2020-10-01: $0.081566 1,251,152 B (1.13s)
[2026-09-23 21:04:56 PDT] [3453/4295] A PL ohlcv-1m 2020-12-01..2021-01-01: $0.082424 1,264,312 B (0.85s)
[2026-09-23 21:04:56 PDT] [3454/4295] A PL ohlcv-1m 2020-11-01..2020-12-01: $0.080854 1,240,232 B (1.34s)
[2026-09-23 21:04:57 PDT] [3455/4295] A PL ohlcv-1m 2021-01-01..2021-02-01: $0.079529 1,219,904 B (2.26s)
[2026-09-23 21:04:58 PDT] [3456/4295] A PL ohlcv-1m 2021-03-01..2021-04-01: $0.086575 1,327,984 B (1.83s)
[2026-09-23 21:04:59 PDT] [3457/4295] A PL ohlcv-1m 2021-02-01..2021-03-01: $0.084136 1,290,576 B (2.83s)
[2026-09-23 21:05:00 PDT] [3458/4295] A PL ohlcv-1m 2021-05-01..2021-06-01: $0.078919 1,210,552 B (2.13s)
[2026-09-23 21:05:00 PDT] [3459/4295] A PL ohlcv-1m 2021-06-01..2021-07-01: $0.082774 1,269,688 B (1.60s)
[2026-09-23 21:05:01 PDT] [3460/4295] A PL ohlcv-1m 2021-07-01..2021-08-01: $0.082990 1,272,992 B (0.97s)
[2026-09-23 21:05:03 PDT] [3461/4295] A PL ohlcv-1m 2021-08-01..2021-09-01: $0.084224 1,291,920 B (2.50s)
[2026-09-23 21:05:03 PDT] [3462/4295] A PL ohlcv-1m 2021-09-01..2021-10-01: $0.078762 1,208,144 B (2.01s)
[2026-09-23 21:05:03 PDT] [3463/4295] A PL ohlcv-1m 2021-04-01..2021-05-01: $0.074728 1,146,264 B (5.75s)
[2026-09-23 21:05:04 PDT] [3464/4295] A PL ohlcv-1m 2021-10-01..2021-11-01: $0.078547 1,204,840 B (1.21s)
[2026-09-23 21:05:06 PDT] [3465/4295] A PL ohlcv-1m 2021-12-01..2022-01-01: $0.082318 1,262,688 B (2.40s)
[2026-09-23 21:05:06 PDT] [3466/4295] A PL ohlcv-1m 2021-11-01..2021-12-01: $0.082935 1,272,152 B (2.88s)
[2026-09-23 21:05:07 PDT] [3467/4295] A PL ohlcv-1m 2022-02-01..2022-03-01: $0.081153 1,244,824 B (1.53s)
[2026-09-23 21:05:08 PDT] [3468/4295] A PL ohlcv-1m 2022-03-01..2022-04-01: $0.089667 1,375,416 B (1.67s)
[2026-09-23 21:05:09 PDT] [3469/4295] A PL ohlcv-1m 2022-05-01..2022-06-01: $0.087089 1,335,880 B (0.97s)
[2026-09-23 21:05:09 PDT] [3470/4295] A PL ohlcv-1m 2022-04-01..2022-05-01: $0.080507 1,234,912 B (1.86s)
[2026-09-23 21:05:10 PDT] [3471/4295] A PL ohlcv-1m 2022-01-01..2022-02-01: $0.082154 1,260,168 B (5.56s)
[2026-09-23 21:05:10 PDT] [3472/4295] A PL ohlcv-1m 2022-06-01..2022-07-01: $0.088630 1,359,512 B (1.16s)
[2026-09-23 21:05:11 PDT] [3473/4295] A PL ohlcv-1m 2022-07-01..2022-08-01: $0.085396 1,309,896 B (1.84s)
[2026-09-23 21:05:11 PDT] [3474/4295] A PL ohlcv-1m 2022-09-01..2022-10-01: $0.090824 1,393,168 B (1.27s)
[2026-09-23 21:05:12 PDT] [3475/4295] A PL ohlcv-1m 2022-10-01..2022-11-01: $0.091401 1,402,016 B (1.08s)
[2026-09-23 21:05:13 PDT] [3476/4295] A PL ohlcv-1m 2022-11-01..2022-12-01: $0.094081 1,443,120 B (2.15s)
[2026-09-23 21:05:13 PDT] [3477/4295] A PL ohlcv-1m 2022-12-01..2023-01-01: $0.085162 1,306,312 B (1.18s)
[2026-09-23 21:05:14 PDT] [3478/4295] A PL ohlcv-1m 2023-01-01..2023-02-01: $0.087659 1,344,616 B (1.21s)
[2026-09-23 21:05:14 PDT] [3479/4295] A PL ohlcv-1m 2023-02-01..2023-03-01: $0.086896 1,332,912 B (1.24s)
[2026-09-23 21:05:15 PDT] [3480/4295] A PL ohlcv-1m 2023-03-01..2023-04-01: $0.091306 1,400,560 B (0.89s)
[2026-09-23 21:05:16 PDT] [3481/4295] A PL ohlcv-1m 2023-04-01..2023-05-01: $0.077116 1,182,888 B (1.55s)
[2026-09-23 21:05:16 PDT] [3482/4295] A PL ohlcv-1m 2023-05-01..2023-06-01: $0.091529 1,403,976 B (1.13s)
[2026-09-23 21:05:17 PDT] [3483/4295] A PL ohlcv-1m 2022-08-01..2022-09-01: $0.094092 1,443,288 B (7.24s)
[2026-09-23 21:05:19 PDT] [3484/4295] A PL ohlcv-1m 2023-07-01..2023-08-01: $0.085297 1,308,384 B (2.46s)
[2026-09-23 21:05:20 PDT] [3485/4295] A PL ohlcv-1m 2023-09-01..2023-10-01: $0.083643 1,283,016 B (0.94s)
[2026-09-23 21:05:20 PDT] [3486/4295] A PL ohlcv-1m 2023-06-01..2023-07-01: $0.085049 1,304,576 B (4.42s)
[2026-09-23 21:05:21 PDT] [3487/4295] A PL ohlcv-1m 2023-10-01..2023-11-01: $0.096479 1,479,912 B (1.24s)
[2026-09-23 21:05:24 PDT] [3488/4295] A PL ohlcv-1m 2023-11-01..2023-12-01: $0.096457 1,479,576 B (3.79s)
[2026-09-23 21:05:25 PDT] [3489/4295] A PL ohlcv-1m 2023-12-01..2024-01-01: $0.085450 1,310,736 B (4.40s)
[2026-09-23 21:05:26 PDT] [3490/4295] A PL ohlcv-1m 2020-10-01..2020-11-01: $0.084410 1,294,776 B (31.28s)
[2026-09-23 21:05:27 PDT] [3491/4295] A PL ohlcv-1m 2024-01-01..2024-02-01: $0.098378 1,509,032 B (2.43s)
[2026-09-23 21:05:28 PDT] [3492/4295] A PL ohlcv-1m 2024-04-01..2024-05-01: $0.105595 1,619,744 B (1.02s)
[2026-09-23 21:05:28 PDT] [3493/4295] A PL ohlcv-1m 2024-02-01..2024-03-01: $0.091726 1,407,000 B (2.40s)
[2026-09-23 21:05:30 PDT] [3494/4295] A PL ohlcv-1m 2023-08-01..2023-09-01: $0.095194 1,460,200 B (13.45s)
[2026-09-23 21:05:31 PDT] [3495/4295] A PL ohlcv-1m 2024-06-01..2024-07-01: $0.089773 1,377,040 B (2.95s)
[2026-09-23 21:05:32 PDT] [3496/4295] A PL ohlcv-1m 2024-05-01..2024-06-01: $0.107381 1,647,128 B (4.44s)
[2026-09-23 21:05:33 PDT] [3497/4295] A PL ohlcv-1m 2024-07-01..2024-08-01: $0.103208 1,583,120 B (2.77s)
[2026-09-23 21:05:34 PDT] [3498/4295] A PL ohlcv-1m 2024-09-01..2024-10-01: $0.093183 1,429,344 B (1.98s)
[2026-09-23 21:05:34 PDT] [3499/4295] A PL ohlcv-1m 2024-03-01..2024-04-01: $0.087999 1,349,824 B (8.57s)
[2026-09-23 21:05:35 PDT] [3500/4295] A PL ohlcv-1m 2024-08-01..2024-09-01: $0.098133 1,505,280 B (4.22s)
[2026-09-23 21:05:35 PDT] [3501/4295] A PL ohlcv-1m 2024-11-01..2024-12-01: $0.094727 1,453,032 B (0.95s)
[2026-09-23 21:05:36 PDT] [3502/4295] A PL ohlcv-1m 2025-02-01..2025-03-01: $0.093237 1,430,184 B (1.09s)
[2026-09-23 21:05:36 PDT] [3503/4295] A PL ohlcv-1m 2024-12-01..2025-01-01: $0.092807 1,423,576 B (2.40s)
[2026-09-23 21:05:37 PDT] [3504/4295] A PL ohlcv-1m 2024-10-01..2024-11-01: $0.105687 1,621,144 B (3.59s)
[2026-09-23 21:05:37 PDT] [3505/4295] A PL ohlcv-1m 2025-01-01..2025-02-01: $0.101623 1,558,816 B (1.89s)
[2026-09-23 21:05:37 PDT] [3506/4295] A PL ohlcv-1m 2025-03-01..2025-04-01: $0.095001 1,457,232 B (1.00s)
[2026-09-23 21:05:38 PDT] [3507/4295] A PL ohlcv-1m 2025-05-01..2025-06-01: $0.101338 1,554,448 B (1.18s)
[2026-09-23 21:05:38 PDT] [3508/4295] A PL ohlcv-1m 2025-06-01..2025-07-01: $0.095767 1,468,992 B (1.56s)
[2026-09-23 21:05:40 PDT] [3509/4295] A PL ohlcv-1m 2025-08-01..2025-09-01: $0.092723 1,422,288 B (1.98s)
[2026-09-23 21:05:41 PDT] [3510/4295] A PL ohlcv-1m 2025-09-01..2025-10-01: $0.100565 1,542,576 B (2.40s)
[2026-09-23 21:05:41 PDT] [3511/4295] A PL ohlcv-1m 2025-10-01..2025-11-01: $0.109352 1,677,368 B (1.19s)
[2026-09-23 21:05:42 PDT] [3512/4295] A PL ohlcv-1m 2025-11-01..2025-12-01: $0.090583 1,389,472 B (1.07s)
[2026-09-23 21:05:42 PDT] [3513/4295] A PL ohlcv-1m 2025-07-01..2025-08-01: $0.105581 1,619,520 B (5.42s)
[2026-09-23 21:05:43 PDT] [3514/4295] A PL ohlcv-1m 2025-04-01..2025-05-01: $0.096812 1,485,008 B (6.06s)
[2026-09-23 21:05:44 PDT] [3515/4295] A PL ohlcv-1m 2026-01-01..2026-02-01: $0.100568 1,542,632 B (1.86s)
[2026-09-23 21:05:45 PDT] [3516/4295] A PL ohlcv-1m 2025-12-01..2026-01-01: $0.106052 1,626,744 B (3.93s)
[2026-09-23 21:05:46 PDT] [3517/4295] A PL ohlcv-1m 2026-03-01..2026-04-01: $0.095369 1,462,888 B (3.26s)
[2026-09-23 21:05:47 PDT] [3518/4295] A PL ohlcv-1m 2026-05-01..2026-06-01: $0.085903 1,317,680 B (2.02s)
[2026-09-23 21:05:48 PDT] [3519/4295] A PL ohlcv-1m 2026-04-01..2026-05-01: $0.084797 1,300,712 B (4.70s)
[2026-09-23 21:05:48 PDT] [3520/4295] A PL ohlcv-1m 2026-02-01..2026-03-01: $0.085644 1,313,704 B (5.96s)
[2026-09-23 21:05:49 PDT] [3521/4295] A ZC ohlcv-1m 2019-05-01..2019-06-01: $0.068368 1,048,712 B (1.75s)
[2026-09-23 21:05:50 PDT] [3522/4295] A ZC ohlcv-1m 2019-06-01..2019-07-01: $0.062093 952,448 B (1.18s)
[2026-09-23 21:05:50 PDT] [3523/4295] A ZC ohlcv-1m 2019-07-01..2019-08-01: $0.063140 968,520 B (1.29s)
[2026-09-23 21:05:51 PDT] [3524/4295] A PL ohlcv-1m 2026-06-01..2026-06-21: $0.063199 969,416 B (4.76s)
[2026-09-23 21:05:52 PDT] [3525/4295] A ZC ohlcv-1m 2019-10-01..2019-11-01: $0.065973 1,011,976 B (1.96s)
[2026-09-23 21:05:52 PDT] [3526/4295] A ZC ohlcv-1m 2019-08-01..2019-09-01: $0.066189 1,015,280 B (3.07s)
[2026-09-23 21:05:52 PDT] [3527/4295] A ZC ohlcv-1m 2019-11-01..2019-12-01: $0.056405 865,200 B (1.45s)
[2026-09-23 21:05:52 PDT] [3528/4295] A ZC ohlcv-1m 2019-09-01..2019-10-01: $0.057482 881,720 B (2.49s)
[2026-09-23 21:05:53 PDT] [3529/4295] A ZC ohlcv-1m 2020-01-01..2020-02-01: $0.062483 958,440 B (1.23s)
[2026-09-23 21:05:53 PDT] [3530/4295] A ZC ohlcv-1m 2019-12-01..2020-01-01: $0.058015 889,896 B (1.71s)
[2026-09-23 21:05:54 PDT] [3531/4295] A ZC ohlcv-1m 2020-03-01..2020-04-01: $0.067291 1,032,192 B (1.51s)
[2026-09-23 21:05:55 PDT] [3532/4295] A ZC ohlcv-1m 2020-04-01..2020-05-01: $0.059584 913,976 B (1.71s)
[2026-09-23 21:05:55 PDT] [3533/4295] A ZC ohlcv-1m 2020-02-01..2020-03-01: $0.049976 766,584 B (3.26s)
[2026-09-23 21:05:56 PDT] [3534/4295] A ZC ohlcv-1m 2020-07-01..2020-08-01: $0.064619 991,200 B (1.18s)
[2026-09-23 21:05:56 PDT] [3535/4295] A ZC ohlcv-1m 2020-06-01..2020-07-01: $0.060924 934,528 B (2.90s)
[2026-09-23 21:05:57 PDT] [3536/4295] A ZC ohlcv-1m 2020-08-01..2020-09-01: $0.064082 982,968 B (1.49s)
[2026-09-23 21:05:57 PDT] [3537/4295] A ZC ohlcv-1m 2020-10-01..2020-11-01: $0.071993 1,104,320 B (0.97s)
[2026-09-23 21:05:58 PDT] [3538/4295] A ZC ohlcv-1m 2020-09-01..2020-10-01: $0.066492 1,019,928 B (2.03s)
[2026-09-23 21:05:59 PDT] [3539/4295] A ZC ohlcv-1m 2020-12-01..2021-01-01: $0.072388 1,110,368 B (1.52s)
[2026-09-23 21:05:59 PDT] [3540/4295] A ZC ohlcv-1m 2021-01-01..2021-02-01: $0.070332 1,078,840 B (1.09s)
[2026-09-23 21:06:00 PDT] [3541/4295] A ZC ohlcv-1m 2020-11-01..2020-12-01: $0.063984 981,456 B (3.44s)
[2026-09-23 21:06:00 PDT] [3542/4295] A ZC ohlcv-1m 2021-03-01..2021-04-01: $0.080179 1,229,872 B (1.30s)
[2026-09-23 21:06:01 PDT] [3543/4295] A ZC ohlcv-1m 2020-05-01..2020-06-01: $0.060643 930,216 B (7.65s)
[2026-09-23 21:06:01 PDT] [3544/4295] A ZC ohlcv-1m 2021-02-01..2021-03-01: $0.066579 1,021,272 B (2.24s)
[2026-09-23 21:06:01 PDT] [3545/4295] A ZC ohlcv-1m 2021-04-01..2021-05-01: $0.076053 1,166,592 B (1.14s)
[2026-09-23 21:06:02 PDT] [3546/4295] A ZC ohlcv-1m 2021-05-01..2021-06-01: $0.075316 1,155,280 B (1.36s)
[2026-09-23 21:06:02 PDT] [3547/4295] A ZC ohlcv-1m 2021-08-01..2021-09-01: $0.074220 1,138,480 B (0.95s)
[2026-09-23 21:06:03 PDT] [3548/4295] A ZC ohlcv-1m 2021-09-01..2021-10-01: $0.071011 1,089,256 B (1.31s)
[2026-09-23 21:06:03 PDT] [3549/4295] A ZC ohlcv-1m 2021-10-01..2021-11-01: $0.070369 1,079,400 B (1.00s)
[2026-09-23 21:06:06 PDT] [3550/4295] A ZC ohlcv-1m 2021-12-01..2022-01-01: $0.074867 1,148,392 B (2.89s)
[2026-09-23 21:06:07 PDT] [3551/4295] A ZC ohlcv-1m 2021-11-01..2021-12-01: $0.064385 987,616 B (3.66s)
[2026-09-23 21:06:07 PDT] [3552/4295] A ZC ohlcv-1m 2022-01-01..2022-02-01: $0.070029 1,074,192 B (1.18s)
[2026-09-23 21:06:08 PDT] [3553/4295] A ZC ohlcv-1m 2022-02-01..2022-03-01: $0.065207 1,000,216 B (1.19s)
[2026-09-23 21:06:09 PDT] [3554/4295] A ZC ohlcv-1m 2022-04-01..2022-05-01: $0.068500 1,050,728 B (1.18s)
[2026-09-23 21:06:09 PDT] [3555/4295] A ZC ohlcv-1m 2021-07-01..2021-08-01: $0.070712 1,084,664 B (7.88s)
[2026-09-23 21:06:10 PDT] [3556/4295] A ZC ohlcv-1m 2022-03-01..2022-04-01: $0.082891 1,271,480 B (2.70s)
[2026-09-23 21:06:11 PDT] [3557/4295] A ZC ohlcv-1m 2022-06-01..2022-07-01: $0.069584 1,067,360 B (1.73s)
[2026-09-23 21:06:11 PDT] [3558/4295] A ZC ohlcv-1m 2022-05-01..2022-06-01: $0.074312 1,139,880 B (1.95s)
[2026-09-23 21:06:11 PDT] [3559/4295] A ZC ohlcv-1m 2022-07-01..2022-08-01: $0.067693 1,038,352 B (1.19s)
[2026-09-23 21:06:12 PDT] [3560/4295] A ZC ohlcv-1m 2022-09-01..2022-10-01: $0.071826 1,101,744 B (1.38s)
[2026-09-23 21:06:13 PDT] [3561/4295] A ZC ohlcv-1m 2022-08-01..2022-09-01: $0.078996 1,211,728 B (2.53s)
[2026-09-23 21:06:14 PDT] [3562/4295] A ZC ohlcv-1m 2021-06-01..2021-07-01: $0.080244 1,230,880 B (12.46s)
[2026-09-23 21:06:15 PDT] [3563/4295] A ZC ohlcv-1m 2022-12-01..2023-01-01: $0.064247 985,488 B (1.21s)
[2026-09-23 21:06:15 PDT] [3564/4295] A ZC ohlcv-1m 2023-01-01..2023-02-01: $0.060048 921,088 B (1.10s)
[2026-09-23 21:06:15 PDT] [3565/4295] A ZC ohlcv-1m 2022-11-01..2022-12-01: $0.064002 981,736 B (2.96s)
[2026-09-23 21:06:16 PDT] [3566/4295] A ZC ohlcv-1m 2022-10-01..2022-11-01: $0.069526 1,066,464 B (4.58s)
[2026-09-23 21:06:17 PDT] [3567/4295] A ZC ohlcv-1m 2023-05-01..2023-06-01: $0.070270 1,077,888 B (1.06s)
[2026-09-23 21:06:17 PDT] [3568/4295] A ZC ohlcv-1m 2023-02-01..2023-03-01: $0.057200 877,408 B (2.40s)
[2026-09-23 21:06:17 PDT] [3569/4295] A ZC ohlcv-1m 2023-03-01..2023-04-01: $0.074224 1,138,536 B (2.40s)
[2026-09-23 21:06:18 PDT] [3570/4295] A ZC ohlcv-1m 2023-07-01..2023-08-01: $0.067518 1,035,664 B (0.95s)
[2026-09-23 21:06:18 PDT] [3571/4295] A ZC ohlcv-1m 2023-08-01..2023-09-01: $0.074743 1,146,488 B (1.29s)
[2026-09-23 21:06:19 PDT] [3572/4295] A ZC ohlcv-1m 2023-10-01..2023-11-01: $0.069197 1,061,424 B (0.92s)
[2026-09-23 21:06:20 PDT] [3573/4295] A ZC ohlcv-1m 2023-04-01..2023-05-01: $0.059099 906,528 B (5.13s)
[2026-09-23 21:06:21 PDT] [3574/4295] A ZC ohlcv-1m 2023-06-01..2023-07-01: $0.071318 1,093,960 B (4.38s)
[2026-09-23 21:06:21 PDT] [3575/4295] A ZC ohlcv-1m 2023-11-01..2023-12-01: $0.058387 895,608 B (2.12s)
[2026-09-23 21:06:23 PDT] [3576/4295] A ZC ohlcv-1m 2023-12-01..2024-01-01: $0.055061 844,592 B (2.42s)
[2026-09-23 21:06:23 PDT] [3577/4295] A ZC ohlcv-1m 2024-01-01..2024-02-01: $0.058007 889,784 B (2.17s)
[2026-09-23 21:06:24 PDT] [3578/4295] A ZC ohlcv-1m 2023-09-01..2023-10-01: $0.062348 956,368 B (6.36s)
[2026-09-23 21:06:25 PDT] [3579/4295] A ZC ohlcv-1m 2024-03-01..2024-04-01: $0.057511 882,168 B (2.47s)
[2026-09-23 21:06:26 PDT] [3580/4295] A ZC ohlcv-1m 2024-05-01..2024-06-01: $0.069233 1,061,984 B (1.44s)
[2026-09-23 21:06:26 PDT] [3581/4295] A ZC ohlcv-1m 2024-04-01..2024-05-01: $0.062231 954,576 B (3.01s)
[2026-09-23 21:06:28 PDT] [3582/4295] A ZC ohlcv-1m 2024-07-01..2024-08-01: $0.063075 967,512 B (1.80s)
[2026-09-23 21:06:28 PDT] [3583/4295] A ZC ohlcv-1m 2024-08-01..2024-09-01: $0.064856 994,840 B (1.14s)
[2026-09-23 21:06:28 PDT] [3584/4295] A ZC ohlcv-1m 2024-06-01..2024-07-01: $0.056664 869,176 B (3.04s)
[2026-09-23 21:06:29 PDT] [3585/4295] A ZC ohlcv-1m 2024-10-01..2024-11-01: $0.068266 1,047,144 B (1.26s)
[2026-09-23 21:06:30 PDT] [3586/4295] A ZC ohlcv-1m 2024-11-01..2024-12-01: $0.053097 814,464 B (1.99s)
[2026-09-23 21:06:31 PDT] [3587/4295] A ZC ohlcv-1m 2024-02-01..2024-03-01: $0.056160 861,448 B (9.62s)
[2026-09-23 21:06:32 PDT] [3588/4295] A ZC ohlcv-1m 2024-09-01..2024-10-01: $0.060888 933,968 B (4.53s)
[2026-09-23 21:06:33 PDT] [3589/4295] A ZC ohlcv-1m 2025-02-01..2025-03-01: $0.056737 870,296 B (1.78s)
[2026-09-23 21:06:33 PDT] [3590/4295] A ZC ohlcv-1m 2024-12-01..2025-01-01: $0.055152 845,992 B (4.45s)
[2026-09-23 21:06:33 PDT] [3591/4295] A ZC ohlcv-1m 2025-03-01..2025-04-01: $0.061497 943,320 B (1.33s)
[2026-09-23 21:06:35 PDT] [3592/4295] A ZC ohlcv-1m 2025-05-01..2025-06-01: $0.061202 938,784 B (1.42s)
[2026-09-23 21:06:35 PDT] [3593/4295] A ZC ohlcv-1m 2025-01-01..2025-02-01: $0.061647 945,616 B (4.48s)
[2026-09-23 21:06:36 PDT] [3594/4295] A ZC ohlcv-1m 2025-04-01..2025-05-01: $0.060044 921,032 B (2.96s)
[2026-09-23 21:06:36 PDT] [3595/4295] A ZC ohlcv-1m 2025-08-01..2025-09-01: $0.061275 939,904 B (1.15s)
[2026-09-23 21:06:37 PDT] [3596/4295] A ZC ohlcv-1m 2025-06-01..2025-07-01: $0.056562 867,608 B (3.30s)
[2026-09-23 21:06:37 PDT] [3597/4295] A ZC ohlcv-1m 2025-07-01..2025-08-01: $0.061406 941,920 B (2.41s)
[2026-09-23 21:06:37 PDT] [3598/4295] A ZC ohlcv-1m 2025-09-01..2025-10-01: $0.061030 936,152 B (1.59s)
[2026-09-23 21:06:37 PDT] [3599/4295] A ZC ohlcv-1m 2025-10-01..2025-11-01: $0.067912 1,041,712 B (1.34s)
[2026-09-23 21:06:38 PDT] [3600/4295] A ZC ohlcv-1m 2025-11-01..2025-12-01: $0.051553 790,776 B (1.36s)
[2026-09-23 21:06:41 PDT] [3601/4295] A ZC ohlcv-1m 2025-12-01..2026-01-01: $0.057204 877,464 B (3.91s)
[2026-09-23 21:06:41 PDT] [3602/4295] A ZC ohlcv-1m 2026-03-01..2026-04-01: $0.071712 1,100,008 B (3.24s)
[2026-09-23 21:06:42 PDT] [3603/4295] A ZC ohlcv-1m 2026-02-01..2026-03-01: $0.050498 774,592 B (4.43s)
[2026-09-23 21:06:42 PDT] [3604/4295] A ZC ohlcv-1m 2026-05-01..2026-06-01: $0.065185 999,880 B (0.92s)
[2026-09-23 21:06:43 PDT] [3605/4295] A ZC ohlcv-1m 2026-01-01..2026-02-01: $0.055492 851,200 B (5.45s)
[2026-09-23 21:06:44 PDT] [3606/4295] A ZW ohlcv-1m 2019-05-01..2019-06-01: $0.067244 1,031,464 B (2.10s)
[2026-09-23 21:06:45 PDT] [3607/4295] A ZW ohlcv-1m 2019-06-01..2019-07-01: $0.060176 923,048 B (2.24s)
[2026-09-23 21:06:46 PDT] [3608/4295] A ZC ohlcv-1m 2026-06-01..2026-06-21: $0.044302 679,560 B (4.47s)
[2026-09-23 21:06:46 PDT] [3609/4295] A ZW ohlcv-1m 2019-07-01..2019-08-01: $0.063903 980,224 B (2.13s)
[2026-09-23 21:06:47 PDT] [3610/4295] A ZW ohlcv-1m 2019-08-01..2019-09-01: $0.061377 941,472 B (2.11s)
[2026-09-23 21:06:50 PDT] [3611/4295] A ZW ohlcv-1m 2019-10-01..2019-11-01: $0.063038 966,952 B (3.54s)
[2026-09-23 21:06:50 PDT] [3612/4295] A ZC ohlcv-1m 2026-04-01..2026-05-01: $0.061833 948,472 B (9.11s)
[2026-09-23 21:06:50 PDT] [3613/4295] A ZW ohlcv-1m 2019-11-01..2019-12-01: $0.049731 762,832 B (3.22s)
[2026-09-23 21:06:50 PDT] [3614/4295] A ZW ohlcv-1m 2019-09-01..2019-10-01: $0.055090 845,040 B (4.25s)
[2026-09-23 21:06:51 PDT] [3615/4295] A ZW ohlcv-1m 2020-01-01..2020-02-01: $0.058905 903,560 B (0.89s)
[2026-09-23 21:06:51 PDT] [3616/4295] A ZW ohlcv-1m 2019-12-01..2020-01-01: $0.056510 866,824 B (1.15s)
[2026-09-23 21:06:52 PDT] [3617/4295] A ZW ohlcv-1m 2020-02-01..2020-03-01: $0.052867 810,936 B (1.89s)
[2026-09-23 21:06:53 PDT] [3618/4295] A ZW ohlcv-1m 2020-05-01..2020-06-01: $0.059774 916,888 B (2.25s)
[2026-09-23 21:06:54 PDT] [3619/4295] A ZW ohlcv-1m 2020-06-01..2020-07-01: $0.064057 982,576 B (1.38s)
[2026-09-23 21:06:54 PDT] [3620/4295] A ZW ohlcv-1m 2020-04-01..2020-05-01: $0.062626 960,624 B (3.39s)
[2026-09-23 21:06:55 PDT] [3621/4295] A ZW ohlcv-1m 2020-07-01..2020-08-01: $0.067737 1,039,024 B (1.41s)
[2026-09-23 21:06:56 PDT] [3622/4295] A ZW ohlcv-1m 2020-08-01..2020-09-01: $0.064926 995,904 B (2.25s)
[2026-09-23 21:06:58 PDT] [3623/4295] A ZW ohlcv-1m 2020-09-01..2020-10-01: $0.065831 1,009,792 B (3.09s)
[2026-09-23 21:06:58 PDT] [3624/4295] A ZW ohlcv-1m 2020-03-01..2020-04-01: $0.069551 1,066,856 B (7.49s)
[2026-09-23 21:07:00 PDT] [3625/4295] A ZW ohlcv-1m 2020-11-01..2020-12-01: $0.063086 967,680 B (3.91s)
[2026-09-23 21:07:00 PDT] [3626/4295] A ZW ohlcv-1m 2021-01-01..2021-02-01: $0.067952 1,042,328 B (1.81s)
[2026-09-23 21:07:01 PDT] [3627/4295] A ZW ohlcv-1m 2020-12-01..2021-01-01: $0.073457 1,126,776 B (3.02s)
[2026-09-23 21:07:01 PDT] [3628/4295] A ZW ohlcv-1m 2021-03-01..2021-04-01: $0.073753 1,131,312 B (1.30s)
[2026-09-23 21:07:03 PDT] [3629/4295] A ZW ohlcv-1m 2020-10-01..2020-11-01: $0.074348 1,140,440 B (7.74s)
[2026-09-23 21:07:03 PDT] [3630/4295] A ZW ohlcv-1m 2021-02-01..2021-03-01: $0.062553 959,504 B (3.12s)
[2026-09-23 21:07:04 PDT] [3631/4295] A ZW ohlcv-1m 2021-06-01..2021-07-01: $0.072673 1,114,736 B (0.98s)
[2026-09-23 21:07:04 PDT] [3632/4295] A ZW ohlcv-1m 2021-05-01..2021-06-01: $0.067832 1,040,480 B (2.68s)
[2026-09-23 21:07:04 PDT] [3633/4295] A ZW ohlcv-1m 2021-07-01..2021-08-01: $0.068507 1,050,840 B (1.29s)
[2026-09-23 21:07:06 PDT] [3634/4295] A ZW ohlcv-1m 2021-10-01..2021-11-01: $0.065590 1,006,096 B (1.52s)
[2026-09-23 21:07:06 PDT] [3635/4295] A ZW ohlcv-1m 2021-04-01..2021-05-01: $0.067740 1,039,080 B (5.51s)
[2026-09-23 21:07:06 PDT] [3636/4295] A ZW ohlcv-1m 2021-08-01..2021-09-01: $0.071274 1,093,288 B (2.66s)
[2026-09-23 21:07:07 PDT] [3637/4295] A ZW ohlcv-1m 2021-09-01..2021-10-01: $0.065670 1,007,328 B (2.86s)
[2026-09-23 21:07:08 PDT] [3638/4295] A ZW ohlcv-1m 2021-12-01..2022-01-01: $0.070310 1,078,504 B (2.28s)
[2026-09-23 21:07:09 PDT] [3639/4295] A ZW ohlcv-1m 2022-02-01..2022-03-01: $0.063129 968,352 B (2.10s)
[2026-09-23 21:07:09 PDT] [3640/4295] A ZW ohlcv-1m 2021-11-01..2021-12-01: $0.064444 988,512 B (3.23s)
[2026-09-23 21:07:10 PDT] [3641/4295] A ZW ohlcv-1m 2022-01-01..2022-02-01: $0.064969 996,576 B (3.43s)
[2026-09-23 21:07:10 PDT] [3642/4295] A ZW ohlcv-1m 2022-03-01..2022-04-01: $0.067083 1,029,000 B (1.47s)
[2026-09-23 21:07:11 PDT] [3643/4295] A ZW ohlcv-1m 2022-07-01..2022-08-01: $0.063969 981,232 B (1.18s)
[2026-09-23 21:07:11 PDT] [3644/4295] A ZW ohlcv-1m 2022-04-01..2022-05-01: $0.059417 911,400 B (2.42s)
[2026-09-23 21:07:13 PDT] [3645/4295] A ZW ohlcv-1m 2022-06-01..2022-07-01: $0.065243 1,000,776 B (2.96s)
[2026-09-23 21:07:13 PDT] [3646/4295] A ZW ohlcv-1m 2022-09-01..2022-10-01: $0.067383 1,033,592 B (1.60s)
[2026-09-23 21:07:14 PDT] [3647/4295] A ZW ohlcv-1m 2022-08-01..2022-09-01: $0.071957 1,103,760 B (2.72s)
[2026-09-23 21:07:14 PDT] [3648/4295] A ZW ohlcv-1m 2022-10-01..2022-11-01: $0.066061 1,013,320 B (1.35s)
[2026-09-23 21:07:15 PDT] [3649/4295] A ZW ohlcv-1m 2022-12-01..2023-01-01: $0.056408 865,256 B (1.01s)
[2026-09-23 21:07:15 PDT] [3650/4295] A ZW ohlcv-1m 2022-11-01..2022-12-01: $0.060563 928,984 B (2.22s)
[2026-09-23 21:07:16 PDT] [3651/4295] A ZW ohlcv-1m 2023-01-01..2023-02-01: $0.053853 826,056 B (2.35s)
[2026-09-23 21:07:18 PDT] [3652/4295] A ZW ohlcv-1m 2023-02-01..2023-03-01: $0.054192 831,264 B (2.80s)
[2026-09-23 21:07:18 PDT] [3653/4295] A ZW ohlcv-1m 2023-04-01..2023-05-01: $0.056598 868,168 B (1.35s)
[2026-09-23 21:07:19 PDT] [3654/4295] A ZW ohlcv-1m 2023-05-01..2023-06-01: $0.068087 1,044,400 B (1.38s)
[2026-09-23 21:07:19 PDT] [3655/4295] A ZW ohlcv-1m 2023-06-01..2023-07-01: $0.068215 1,046,360 B (1.61s)
[2026-09-23 21:07:20 PDT] [3656/4295] A ZW ohlcv-1m 2022-05-01..2022-06-01: $0.069266 1,062,488 B (11.57s)
[2026-09-23 21:07:21 PDT] [3657/4295] A ZW ohlcv-1m 2023-08-01..2023-09-01: $0.074067 1,136,128 B (1.69s)
[2026-09-23 21:07:22 PDT] [3658/4295] A ZW ohlcv-1m 2023-10-01..2023-11-01: $0.065703 1,007,832 B (1.27s)
[2026-09-23 21:07:23 PDT] [3659/4295] A ZW ohlcv-1m 2023-03-01..2023-04-01: $0.069014 1,058,624 B (8.23s)
[2026-09-23 21:07:23 PDT] [3660/4295] A ZW ohlcv-1m 2023-09-01..2023-10-01: $0.060044 921,032 B (2.95s)
[2026-09-23 21:07:24 PDT] [3661/4295] A ZW ohlcv-1m 2023-11-01..2023-12-01: $0.056941 873,432 B (1.81s)
[2026-09-23 21:07:24 PDT] [3662/4295] A ZW ohlcv-1m 2023-12-01..2024-01-01: $0.055521 851,648 B (1.00s)
[2026-09-23 21:07:24 PDT] [3663/4295] A ZW ohlcv-1m 2023-07-01..2023-08-01: $0.066711 1,023,288 B (5.44s)
[2026-09-23 21:07:25 PDT] [3664/4295] A ZW ohlcv-1m 2024-03-01..2024-04-01: $0.057325 879,312 B (1.19s)
[2026-09-23 21:07:25 PDT] [3665/4295] A ZW ohlcv-1m 2024-04-01..2024-05-01: $0.065930 1,011,304 B (1.10s)
[2026-09-23 21:07:25 PDT] [3666/4295] A ZW ohlcv-1m 2024-01-01..2024-02-01: $0.057109 876,008 B (2.07s)
[2026-09-23 21:07:27 PDT] [3667/4295] A ZW ohlcv-1m 2024-07-01..2024-08-01: $0.064451 988,624 B (1.03s)
[2026-09-23 21:07:27 PDT] [3668/4295] A ZW ohlcv-1m 2024-05-01..2024-06-01: $0.073903 1,133,608 B (1.30s)
[2026-09-23 21:07:27 PDT] [3669/4295] A ZW ohlcv-1m 2024-06-01..2024-07-01: $0.060800 932,624 B (1.34s)
[2026-09-23 21:07:28 PDT] [3670/4295] A ZW ohlcv-1m 2024-10-01..2024-11-01: $0.071705 1,099,896 B (1.05s)
[2026-09-23 21:07:28 PDT] [3671/4295] A ZW ohlcv-1m 2024-09-01..2024-10-01: $0.061713 946,624 B (1.39s)
[2026-09-23 21:07:29 PDT] [3672/4295] A ZW ohlcv-1m 2024-08-01..2024-09-01: $0.065605 1,006,320 B (2.28s)
[2026-09-23 21:07:30 PDT] [3673/4295] A ZW ohlcv-1m 2024-02-01..2024-03-01: $0.057011 874,496 B (5.80s)
[2026-09-23 21:07:30 PDT] [3674/4295] A ZW ohlcv-1m 2025-01-01..2025-02-01: $0.061340 940,912 B (1.61s)
[2026-09-23 21:07:31 PDT] [3675/4295] A ZW ohlcv-1m 2024-11-01..2024-12-01: $0.056291 863,464 B (2.70s)
[2026-09-23 21:07:31 PDT] [3676/4295] A ZW ohlcv-1m 2025-02-01..2025-03-01: $0.058409 895,944 B (1.27s)
[2026-09-23 21:07:31 PDT] [3677/4295] A ZW ohlcv-1m 2024-12-01..2025-01-01: $0.056912 872,984 B (3.03s)
[2026-09-23 21:07:32 PDT] [3678/4295] A ZW ohlcv-1m 2025-05-01..2025-06-01: $0.063776 978,264 B (1.36s)
[2026-09-23 21:07:32 PDT] [3679/4295] A ZW ohlcv-1m 2025-04-01..2025-05-01: $0.061921 949,816 B (1.96s)
[2026-09-23 21:07:34 PDT] [3680/4295] A ZW ohlcv-1m 2025-07-01..2025-08-01: $0.062983 966,112 B (1.31s)
[2026-09-23 21:07:34 PDT] [3681/4295] A ZW ohlcv-1m 2025-08-01..2025-09-01: $0.057777 886,256 B (1.47s)
[2026-09-23 21:07:35 PDT] [3682/4295] A ZW ohlcv-1m 2025-09-01..2025-10-01: $0.056576 867,832 B (1.25s)
[2026-09-23 21:07:35 PDT] [3683/4295] A ZW ohlcv-1m 2025-03-01..2025-04-01: $0.062228 954,520 B (4.65s)
[2026-09-23 21:07:36 PDT] [3684/4295] A ZW ohlcv-1m 2025-10-01..2025-11-01: $0.063199 969,416 B (1.58s)
[2026-09-23 21:07:36 PDT] [3685/4295] A ZW ohlcv-1m 2025-06-01..2025-07-01: $0.060501 928,032 B (4.82s)
[2026-09-23 21:07:37 PDT] [3686/4295] A ZW ohlcv-1m 2026-01-01..2026-02-01: $0.054879 841,792 B (1.32s)
[2026-09-23 21:07:37 PDT] [3687/4295] A ZW ohlcv-1m 2026-02-01..2026-03-01: $0.054397 834,400 B (1.00s)
[2026-09-23 21:07:38 PDT] [3688/4295] A ZW ohlcv-1m 2026-03-01..2026-04-01: $0.075564 1,159,088 B (1.05s)
[2026-09-23 21:07:38 PDT] [3689/4295] A ZW ohlcv-1m 2025-11-01..2025-12-01: $0.052615 807,072 B (3.01s)
[2026-09-23 21:07:40 PDT] [3690/4295] A ZW ohlcv-1m 2026-06-01..2026-06-21: $0.045153 692,608 B (1.67s)
[2026-09-23 21:07:40 PDT] [3691/4295] A ZW ohlcv-1m 2026-05-01..2026-06-01: $0.069292 1,062,880 B (2.35s)
[2026-09-23 21:07:42 PDT] [3692/4295] A ZS ohlcv-1m 2019-05-01..2019-06-01: $0.074859 1,148,280 B (2.25s)
[2026-09-23 21:07:42 PDT] [3693/4295] A ZW ohlcv-1m 2025-12-01..2026-01-01: $0.056244 862,736 B (7.27s)
[2026-09-23 21:07:43 PDT] [3694/4295] A ZS ohlcv-1m 2019-06-01..2019-07-01: $0.059785 917,056 B (2.87s)
[2026-09-23 21:07:45 PDT] [3695/4295] A ZW ohlcv-1m 2026-04-01..2026-05-01: $0.069518 1,066,352 B (7.95s)
[2026-09-23 21:07:45 PDT] [3696/4295] A ZS ohlcv-1m 2019-08-01..2019-09-01: $0.070990 1,088,920 B (2.77s)
[2026-09-23 21:07:45 PDT] [3697/4295] A ZS ohlcv-1m 2019-07-01..2019-08-01: $0.068452 1,050,000 B (3.25s)
[2026-09-23 21:07:46 PDT] [3698/4295] A ZS ohlcv-1m 2019-10-01..2019-11-01: $0.070763 1,085,448 B (0.87s)
[2026-09-23 21:07:46 PDT] [3699/4295] A ZS ohlcv-1m 2019-11-01..2019-12-01: $0.063345 971,656 B (0.86s)
[2026-09-23 21:07:46 PDT] [3700/4295] A ZS ohlcv-1m 2019-09-01..2019-10-01: $0.063677 976,752 B (3.04s)
[2026-09-23 21:07:46 PDT] [3701/4295] A ZS ohlcv-1m 2019-12-01..2020-01-01: $0.062600 960,232 B (1.16s)
[2026-09-23 21:07:48 PDT] [3702/4295] A ZS ohlcv-1m 2020-02-01..2020-03-01: $0.057325 879,312 B (1.55s)
[2026-09-23 21:07:48 PDT] [3703/4295] A ZS ohlcv-1m 2020-03-01..2020-04-01: $0.077802 1,193,416 B (1.58s)
[2026-09-23 21:07:48 PDT] [3704/4295] A ZS ohlcv-1m 2020-04-01..2020-05-01: $0.068898 1,056,832 B (1.91s)
[2026-09-23 21:07:49 PDT] [3705/4295] A ZS ohlcv-1m 2020-05-01..2020-06-01: $0.067003 1,027,768 B (1.69s)
[2026-09-23 21:07:49 PDT] [3706/4295] A ZS ohlcv-1m 2020-06-01..2020-07-01: $0.066068 1,013,432 B (1.52s)
[2026-09-23 21:07:50 PDT] [3707/4295] A ZS ohlcv-1m 2020-07-01..2020-08-01: $0.075666 1,160,656 B (1.84s)
[2026-09-23 21:07:50 PDT] [3708/4295] A ZS ohlcv-1m 2020-01-01..2020-02-01: $0.067642 1,037,568 B (4.72s)
[2026-09-23 21:07:51 PDT] [3709/4295] A ZS ohlcv-1m 2020-08-01..2020-09-01: $0.072275 1,108,632 B (1.32s)
[2026-09-23 21:07:51 PDT] [3710/4295] A ZS ohlcv-1m 2020-09-01..2020-10-01: $0.075181 1,153,208 B (1.41s)
[2026-09-23 21:07:53 PDT] [3711/4295] A ZS ohlcv-1m 2021-01-01..2021-02-01: $0.072267 1,108,520 B (1.99s)
[2026-09-23 21:07:54 PDT] [3712/4295] A ZS ohlcv-1m 2021-02-01..2021-03-01: $0.067430 1,034,320 B (1.10s)
[2026-09-23 21:07:55 PDT] [3713/4295] A ZS ohlcv-1m 2021-03-01..2021-04-01: $0.083789 1,285,256 B (1.07s)
[2026-09-23 21:07:55 PDT] [3714/4295] A ZS ohlcv-1m 2020-11-01..2020-12-01: $0.071157 1,091,496 B (4.59s)
[2026-09-23 21:07:55 PDT] [3715/4295] A ZS ohlcv-1m 2020-10-01..2020-11-01: $0.078861 1,209,656 B (5.18s)
[2026-09-23 21:07:56 PDT] [3716/4295] A ZS ohlcv-1m 2020-12-01..2021-01-01: $0.079989 1,226,960 B (5.04s)
[2026-09-23 21:07:56 PDT] [3717/4295] A ZS ohlcv-1m 2021-06-01..2021-07-01: $0.080197 1,230,152 B (1.14s)
[2026-09-23 21:07:57 PDT] [3718/4295] A ZS ohlcv-1m 2021-07-01..2021-08-01: $0.074206 1,138,256 B (1.32s)
[2026-09-23 21:07:57 PDT] [3719/4295] A ZS ohlcv-1m 2021-04-01..2021-05-01: $0.076696 1,176,448 B (2.61s)
[2026-09-23 21:07:59 PDT] [3720/4295] A ZS ohlcv-1m 2021-10-01..2021-11-01: $0.069617 1,067,864 B (1.32s)
[2026-09-23 21:07:59 PDT] [3721/4295] A ZS ohlcv-1m 2021-05-01..2021-06-01: $0.073830 1,132,488 B (3.79s)
[2026-09-23 21:07:59 PDT] [3722/4295] A ZS ohlcv-1m 2021-08-01..2021-09-01: $0.079952 1,226,400 B (2.63s)
[2026-09-23 21:07:59 PDT] [3723/4295] A ZS ohlcv-1m 2021-09-01..2021-10-01: $0.072632 1,114,120 B (2.20s)
[2026-09-23 21:08:00 PDT] [3724/4295] A ZS ohlcv-1m 2022-02-01..2022-03-01: $0.068576 1,051,904 B (1.21s)
[2026-09-23 21:08:00 PDT] [3725/4295] A ZS ohlcv-1m 2021-12-01..2022-01-01: $0.075790 1,162,560 B (1.64s)
[2026-09-23 21:08:01 PDT] [3726/4295] A ZS ohlcv-1m 2021-11-01..2021-12-01: $0.070902 1,087,576 B (1.87s)
[2026-09-23 21:08:02 PDT] [3727/4295] A ZS ohlcv-1m 2022-03-01..2022-04-01: $0.084300 1,293,096 B (2.04s)
[2026-09-23 21:08:03 PDT] [3728/4295] A ZS ohlcv-1m 2022-04-01..2022-05-01: $0.069547 1,066,800 B (2.17s)
[2026-09-23 21:08:03 PDT] [3729/4295] A ZS ohlcv-1m 2022-05-01..2022-06-01: $0.076039 1,166,368 B (2.10s)
[2026-09-23 21:08:04 PDT] [3730/4295] A ZS ohlcv-1m 2022-06-01..2022-07-01: $0.074794 1,147,272 B (1.47s)
[2026-09-23 21:08:06 PDT] [3731/4295] A ZS ohlcv-1m 2022-08-01..2022-09-01: $0.083829 1,285,872 B (2.89s)
[2026-09-23 21:08:07 PDT] [3732/4295] A ZS ohlcv-1m 2022-09-01..2022-10-01: $0.076301 1,170,400 B (2.82s)
[2026-09-23 21:08:07 PDT] [3733/4295] A ZS ohlcv-1m 2022-10-01..2022-11-01: $0.071508 1,096,872 B (1.33s)
[2026-09-23 21:08:07 PDT] [3734/4295] A ZS ohlcv-1m 2022-01-01..2022-02-01: $0.071727 1,100,232 B (8.47s)
[2026-09-23 21:08:08 PDT] [3735/4295] A ZS ohlcv-1m 2022-11-01..2022-12-01: $0.071727 1,100,232 B (1.35s)
[2026-09-23 21:08:09 PDT] [3736/4295] A ZS ohlcv-1m 2022-12-01..2023-01-01: $0.068043 1,043,728 B (1.63s)
[2026-09-23 21:08:10 PDT] [3737/4295] A ZS ohlcv-1m 2023-01-01..2023-02-01: $0.067353 1,033,144 B (2.29s)
[2026-09-23 21:08:10 PDT] [3738/4295] A ZS ohlcv-1m 2023-03-01..2023-04-01: $0.080409 1,233,400 B (1.26s)
[2026-09-23 21:08:10 PDT] [3739/4295] A ZS ohlcv-1m 2022-07-01..2022-08-01: $0.070884 1,087,296 B (7.30s)
[2026-09-23 21:08:11 PDT] [3740/4295] A ZS ohlcv-1m 2023-06-01..2023-07-01: $0.076575 1,174,600 B (1.26s)
[2026-09-23 21:08:12 PDT] [3741/4295] A ZS ohlcv-1m 2023-04-01..2023-05-01: $0.066448 1,019,256 B (2.18s)
[2026-09-23 21:08:13 PDT] [3742/4295] A ZS ohlcv-1m 2023-07-01..2023-08-01: $0.071387 1,095,024 B (1.35s)
[2026-09-23 21:08:14 PDT] [3743/4295] A ZS ohlcv-1m 2023-08-01..2023-09-01: $0.083691 1,283,744 B (1.74s)
[2026-09-23 21:08:14 PDT] [3744/4295] A ZS ohlcv-1m 2023-02-01..2023-03-01: $0.065685 1,007,552 B (5.85s)
[2026-09-23 21:08:14 PDT] [3745/4295] A ZS ohlcv-1m 2023-09-01..2023-10-01: $0.070624 1,083,320 B (1.76s)
[2026-09-23 21:08:15 PDT] [3746/4295] A ZS ohlcv-1m 2023-11-01..2023-12-01: $0.071256 1,093,008 B (1.09s)
[2026-09-23 21:08:16 PDT] [3747/4295] A ZS ohlcv-1m 2023-12-01..2024-01-01: $0.063911 980,336 B (1.21s)
[2026-09-23 21:08:17 PDT] [3748/4295] A ZS ohlcv-1m 2024-01-01..2024-02-01: $0.069157 1,060,808 B (1.65s)
[2026-09-23 21:08:18 PDT] [3749/4295] A ZS ohlcv-1m 2024-02-01..2024-03-01: $0.066933 1,026,704 B (2.30s)
[2026-09-23 21:08:18 PDT] [3750/4295] A ZS ohlcv-1m 2023-10-01..2023-11-01: $0.075316 1,155,280 B (4.26s)
[2026-09-23 21:08:18 PDT] [3751/4295] A ZS ohlcv-1m 2023-05-01..2023-06-01: $0.078328 1,201,480 B (8.15s)
[2026-09-23 21:08:20 PDT] [3752/4295] A ZS ohlcv-1m 2024-04-01..2024-05-01: $0.075378 1,156,232 B (1.93s)
[2026-09-23 21:08:20 PDT] [3753/4295] A ZS ohlcv-1m 2024-03-01..2024-04-01: $0.070884 1,087,296 B (3.42s)
[2026-09-23 21:08:21 PDT] [3754/4295] A ZS ohlcv-1m 2024-05-01..2024-06-01: $0.077265 1,185,184 B (2.55s)
[2026-09-23 21:08:21 PDT] [3755/4295] A ZS ohlcv-1m 2024-07-01..2024-08-01: $0.074213 1,138,368 B (1.26s)
[2026-09-23 21:08:21 PDT] [3756/4295] A ZS ohlcv-1m 2024-06-01..2024-07-01: $0.064206 984,872 B (3.07s)
[2026-09-23 21:08:22 PDT] [3757/4295] A ZS ohlcv-1m 2024-09-01..2024-10-01: $0.070508 1,081,528 B (1.26s)
[2026-09-23 21:08:23 PDT] [3758/4295] A ZS ohlcv-1m 2024-08-01..2024-09-01: $0.077086 1,182,440 B (2.81s)
[2026-09-23 21:08:23 PDT] [3759/4295] A ZS ohlcv-1m 2024-10-01..2024-11-01: $0.078744 1,207,864 B (1.92s)
[2026-09-23 21:08:23 PDT] [3760/4295] A ZS ohlcv-1m 2024-12-01..2025-01-01: $0.065254 1,000,944 B (1.36s)
[2026-09-23 21:08:25 PDT] [3761/4295] A ZS ohlcv-1m 2025-02-01..2025-03-01: $0.063056 967,232 B (2.00s)
[2026-09-23 21:08:26 PDT] [3762/4295] A ZS ohlcv-1m 2025-03-01..2025-04-01: $0.069175 1,061,088 B (2.62s)
[2026-09-23 21:08:27 PDT] [3763/4295] A ZS ohlcv-1m 2025-05-01..2025-06-01: $0.070500 1,081,416 B (1.16s)
[2026-09-23 21:08:27 PDT] [3764/4295] A ZS ohlcv-1m 2024-11-01..2024-12-01: $0.066390 1,018,360 B (6.39s)
[2026-09-23 21:08:28 PDT] [3765/4295] A ZS ohlcv-1m 2025-01-01..2025-02-01: $0.069734 1,069,656 B (4.73s)
[2026-09-23 21:08:29 PDT] [3766/4295] A ZS ohlcv-1m 2025-06-01..2025-07-01: $0.065521 1,005,032 B (1.99s)
[2026-09-23 21:08:29 PDT] [3767/4295] A ZS ohlcv-1m 2025-07-01..2025-08-01: $0.073107 1,121,400 B (1.76s)
[2026-09-23 21:08:30 PDT] [3768/4295] A ZS ohlcv-1m 2025-04-01..2025-05-01: $0.069726 1,069,544 B (4.57s)
[2026-09-23 21:08:30 PDT] [3769/4295] A ZS ohlcv-1m 2025-08-01..2025-09-01: $0.071103 1,090,656 B (2.04s)
[2026-09-23 21:08:31 PDT] [3770/4295] A ZS ohlcv-1m 2025-09-01..2025-10-01: $0.068686 1,053,584 B (1.63s)
[2026-09-23 21:08:31 PDT] [3771/4295] A ZS ohlcv-1m 2025-12-01..2026-01-01: $0.066079 1,013,600 B (1.33s)
[2026-09-23 21:08:31 PDT] [3772/4295] A ZS ohlcv-1m 2025-11-01..2025-12-01: $0.063524 974,400 B (1.65s)
[2026-09-23 21:08:32 PDT] [3773/4295] A ZS ohlcv-1m 2026-02-01..2026-03-01: $0.062980 966,056 B (1.10s)
[2026-09-23 21:08:32 PDT] [3774/4295] A ZS ohlcv-1m 2026-01-01..2026-02-01: $0.063509 974,176 B (1.59s)
[2026-09-23 21:08:32 PDT] [3775/4295] A ZS ohlcv-1m 2026-03-01..2026-04-01: $0.078506 1,204,224 B (1.32s)
[2026-09-23 21:08:34 PDT] [3776/4295] A ZS ohlcv-1m 2026-05-01..2026-06-01: $0.069766 1,070,160 B (1.52s)
[2026-09-23 21:08:34 PDT] [3777/4295] A ZS ohlcv-1m 2026-06-01..2026-06-21: $0.047603 730,184 B (1.74s)
[2026-09-23 21:08:34 PDT] [3778/4295] A ZS ohlcv-1m 2025-10-01..2025-11-01: $0.073089 1,121,120 B (5.07s)
[2026-09-23 21:08:35 PDT] [3779/4295] A ZM ohlcv-1m 2019-06-01..2019-07-01: $0.049625 761,208 B (1.21s)
[2026-09-23 21:08:36 PDT] [3780/4295] A ZM ohlcv-1m 2019-05-01..2019-06-01: $0.063637 976,136 B (2.09s)
[2026-09-23 21:08:36 PDT] [3781/4295] A ZM ohlcv-1m 2019-07-01..2019-08-01: $0.053856 826,112 B (1.92s)
[2026-09-23 21:08:37 PDT] [3782/4295] A ZM ohlcv-1m 2019-08-01..2019-09-01: $0.057434 880,992 B (1.40s)
[2026-09-23 21:08:37 PDT] [3783/4295] A ZM ohlcv-1m 2019-10-01..2019-11-01: $0.059110 906,696 B (1.27s)
[2026-09-23 21:08:38 PDT] [3784/4295] A ZM ohlcv-1m 2019-09-01..2019-10-01: $0.051297 786,856 B (2.25s)
[2026-09-23 21:08:39 PDT] [3785/4295] A ZM ohlcv-1m 2020-01-01..2020-02-01: $0.056401 865,144 B (1.02s)
[2026-09-23 21:08:39 PDT] [3786/4295] A ZM ohlcv-1m 2019-12-01..2020-01-01: $0.053090 814,352 B (1.75s)
[2026-09-23 21:08:40 PDT] [3787/4295] A ZM ohlcv-1m 2020-02-01..2020-03-01: $0.047227 724,416 B (1.39s)
[2026-09-23 21:08:41 PDT] [3788/4295] A ZS ohlcv-1m 2026-04-01..2026-05-01: $0.068000 1,043,056 B (8.70s)
[2026-09-23 21:08:41 PDT] [3789/4295] A ZM ohlcv-1m 2020-03-01..2020-04-01: $0.068408 1,049,328 B (1.50s)
[2026-09-23 21:08:41 PDT] [3790/4295] A ZM ohlcv-1m 2019-11-01..2019-12-01: $0.047157 723,352 B (4.22s)
[2026-09-23 21:08:42 PDT] [3791/4295] A ZM ohlcv-1m 2020-07-01..2020-08-01: $0.060541 928,648 B (1.05s)
[2026-09-23 21:08:42 PDT] [3792/4295] A ZM ohlcv-1m 2020-04-01..2020-05-01: $0.055897 857,416 B (1.98s)
[2026-09-23 21:08:42 PDT] [3793/4295] A ZM ohlcv-1m 2020-06-01..2020-07-01: $0.053499 820,624 B (1.69s)
[2026-09-23 21:08:43 PDT] [3794/4295] A ZM ohlcv-1m 2020-05-01..2020-06-01: $0.055171 846,272 B (2.46s)
[2026-09-23 21:08:44 PDT] [3795/4295] A ZM ohlcv-1m 2020-08-01..2020-09-01: $0.059519 912,968 B (1.41s)
[2026-09-23 21:08:44 PDT] [3796/4295] A ZM ohlcv-1m 2020-10-01..2020-11-01: $0.071869 1,102,416 B (1.28s)
[2026-09-23 21:08:44 PDT] [3797/4295] A ZM ohlcv-1m 2020-11-01..2020-12-01: $0.057909 888,272 B (1.25s)
[2026-09-23 21:08:44 PDT] [3798/4295] A ZM ohlcv-1m 2020-09-01..2020-10-01: $0.064181 984,480 B (2.10s)
[2026-09-23 21:08:45 PDT] [3799/4295] A ZM ohlcv-1m 2020-12-01..2021-01-01: $0.067868 1,041,040 B (1.21s)
[2026-09-23 21:08:45 PDT] [3800/4295] A ZM ohlcv-1m 2021-01-01..2021-02-01: $0.065886 1,010,632 B (1.15s)
[2026-09-23 21:08:46 PDT] [3801/4295] A ZM ohlcv-1m 2021-03-01..2021-04-01: $0.073384 1,125,656 B (1.62s)
[2026-09-23 21:08:47 PDT] [3802/4295] A ZM ohlcv-1m 2021-04-01..2021-05-01: $0.067401 1,033,872 B (2.22s)
[2026-09-23 21:08:48 PDT] [3803/4295] A ZM ohlcv-1m 2021-05-01..2021-06-01: $0.066868 1,025,696 B (3.25s)
[2026-09-23 21:08:48 PDT] [3804/4295] A ZM ohlcv-1m 2021-06-01..2021-07-01: $0.069270 1,062,544 B (2.17s)
[2026-09-23 21:08:48 PDT] [3805/4295] A ZM ohlcv-1m 2021-07-01..2021-08-01: $0.065568 1,005,760 B (1.43s)
[2026-09-23 21:08:48 PDT] [3806/4295] A ZM ohlcv-1m 2021-02-01..2021-03-01: $0.058135 891,744 B (4.09s)
[2026-09-23 21:08:49 PDT] [3807/4295] A ZM ohlcv-1m 2021-08-01..2021-09-01: $0.067886 1,041,320 B (1.10s)
[2026-09-23 21:08:50 PDT] [3808/4295] A ZM ohlcv-1m 2021-11-01..2021-12-01: $0.059490 912,520 B (1.43s)
[2026-09-23 21:08:50 PDT] [3809/4295] A ZM ohlcv-1m 2021-09-01..2021-10-01: $0.062439 957,768 B (2.03s)
[2026-09-23 21:08:50 PDT] [3810/4295] A ZM ohlcv-1m 2021-10-01..2021-11-01: $0.062461 958,104 B (2.01s)
[2026-09-23 21:08:52 PDT] [3811/4295] A ZM ohlcv-1m 2021-12-01..2022-01-01: $0.064707 992,544 B (2.83s)
[2026-09-23 21:08:52 PDT] [3812/4295] A ZM ohlcv-1m 2022-01-01..2022-02-01: $0.063940 980,784 B (2.43s)
[2026-09-23 21:08:53 PDT] [3813/4295] A ZM ohlcv-1m 2022-03-01..2022-04-01: $0.073804 1,132,096 B (2.43s)
[2026-09-23 21:08:53 PDT] [3814/4295] A ZM ohlcv-1m 2022-02-01..2022-03-01: $0.061921 949,816 B (3.09s)
[2026-09-23 21:08:54 PDT] [3815/4295] A ZM ohlcv-1m 2022-06-01..2022-07-01: $0.058464 896,784 B (1.34s)
[2026-09-23 21:08:54 PDT] [3816/4295] A ZM ohlcv-1m 2022-05-01..2022-06-01: $0.065641 1,006,880 B (1.88s)
[2026-09-23 21:08:54 PDT] [3817/4295] A ZM ohlcv-1m 2022-04-01..2022-05-01: $0.060822 932,960 B (2.38s)
[2026-09-23 21:08:55 PDT] [3818/4295] A ZM ohlcv-1m 2022-10-01..2022-11-01: $0.061220 939,064 B (1.08s)
[2026-09-23 21:08:56 PDT] [3819/4295] A ZM ohlcv-1m 2022-07-01..2022-08-01: $0.058263 893,704 B (2.37s)
[2026-09-23 21:08:56 PDT] [3820/4295] A ZM ohlcv-1m 2022-11-01..2022-12-01: $0.054703 839,104 B (0.89s)
[2026-09-23 21:08:57 PDT] [3821/4295] A ZM ohlcv-1m 2022-09-01..2022-10-01: $0.065134 999,096 B (2.28s)
[2026-09-23 21:08:58 PDT] [3822/4295] A ZM ohlcv-1m 2022-08-01..2022-09-01: $0.070230 1,077,272 B (3.55s)
[2026-09-23 21:08:58 PDT] [3823/4295] A ZM ohlcv-1m 2023-02-01..2023-03-01: $0.056934 873,320 B (1.38s)
[2026-09-23 21:08:59 PDT] [3824/4295] A ZM ohlcv-1m 2023-03-01..2023-04-01: $0.072428 1,110,984 B (1.35s)
[2026-09-23 21:08:59 PDT] [3825/4295] A ZM ohlcv-1m 2023-04-01..2023-05-01: $0.056627 868,616 B (1.40s)
[2026-09-23 21:09:00 PDT] [3826/4295] A ZM ohlcv-1m 2023-01-01..2023-02-01: $0.058814 902,160 B (3.97s)
[2026-09-23 21:09:01 PDT] [3827/4295] A ZM ohlcv-1m 2023-05-01..2023-06-01: $0.068697 1,053,752 B (2.38s)
[2026-09-23 21:09:01 PDT] [3828/4295] A ZM ohlcv-1m 2023-06-01..2023-07-01: $0.065966 1,011,864 B (2.20s)
[2026-09-23 21:09:02 PDT] [3829/4295] A ZM ohlcv-1m 2022-12-01..2023-01-01: $0.056704 869,792 B (6.28s)
[2026-09-23 21:09:02 PDT] [3830/4295] A ZM ohlcv-1m 2023-08-01..2023-09-01: $0.070603 1,082,984 B (0.93s)
[2026-09-23 21:09:03 PDT] [3831/4295] A ZM ohlcv-1m 2023-07-01..2023-08-01: $0.061362 941,248 B (2.34s)
[2026-09-23 21:09:03 PDT] [3832/4295] A ZM ohlcv-1m 2023-09-01..2023-10-01: $0.058960 904,400 B (1.73s)
[2026-09-23 21:09:03 PDT] [3833/4295] A ZM ohlcv-1m 2023-11-01..2023-12-01: $0.063633 976,080 B (0.95s)
[2026-09-23 21:09:03 PDT] [3834/4295] A ZM ohlcv-1m 2023-10-01..2023-11-01: $0.069504 1,066,128 B (1.41s)
[2026-09-23 21:09:04 PDT] [3835/4295] A ZM ohlcv-1m 2024-01-01..2024-02-01: $0.061454 942,648 B (0.96s)
[2026-09-23 21:09:04 PDT] [3836/4295] A ZM ohlcv-1m 2023-12-01..2024-01-01: $0.055685 854,168 B (1.71s)
[2026-09-23 21:09:05 PDT] [3837/4295] A ZM ohlcv-1m 2024-03-01..2024-04-01: $0.062352 956,424 B (1.43s)
[2026-09-23 21:09:05 PDT] [3838/4295] A ZM ohlcv-1m 2024-02-01..2024-03-01: $0.059614 914,424 B (1.77s)
[2026-09-23 21:09:06 PDT] [3839/4295] A ZM ohlcv-1m 2024-05-01..2024-06-01: $0.072041 1,105,048 B (2.05s)
[2026-09-23 21:09:07 PDT] [3840/4295] A ZM ohlcv-1m 2024-04-01..2024-05-01: $0.067696 1,038,408 B (2.34s)
[2026-09-23 21:09:07 PDT] [3841/4295] A ZM ohlcv-1m 2024-07-01..2024-08-01: $0.064969 996,576 B (1.99s)
[2026-09-23 21:09:07 PDT] [3842/4295] A ZM ohlcv-1m 2024-06-01..2024-07-01: $0.057441 881,104 B (2.46s)
[2026-09-23 21:09:09 PDT] [3843/4295] A ZM ohlcv-1m 2024-09-01..2024-10-01: $0.064287 986,104 B (2.64s)
[2026-09-23 21:09:09 PDT] [3844/4295] A ZM ohlcv-1m 2024-10-01..2024-11-01: $0.072238 1,108,072 B (2.38s)
[2026-09-23 21:09:11 PDT] [3845/4295] A ZM ohlcv-1m 2025-01-01..2025-02-01: $0.062666 961,240 B (1.15s)
[2026-09-23 21:09:12 PDT] [3846/4295] A ZM ohlcv-1m 2024-08-01..2024-09-01: $0.068449 1,049,944 B (5.99s)
[2026-09-23 21:09:12 PDT] [3847/4295] A ZM ohlcv-1m 2024-11-01..2024-12-01: $0.056938 873,376 B (5.18s)
[2026-09-23 21:09:13 PDT] [3848/4295] A ZM ohlcv-1m 2024-12-01..2025-01-01: $0.058832 902,440 B (4.22s)
[2026-09-23 21:09:13 PDT] [3849/4295] A ZM ohlcv-1m 2025-03-01..2025-04-01: $0.061899 949,480 B (1.01s)
[2026-09-23 21:09:14 PDT] [3850/4295] A ZM ohlcv-1m 2025-04-01..2025-05-01: $0.060136 922,432 B (1.07s)
[2026-09-23 21:09:14 PDT] [3851/4295] A ZM ohlcv-1m 2025-02-01..2025-03-01: $0.056416 865,368 B (3.71s)
[2026-09-23 21:09:15 PDT] [3852/4295] A ZM ohlcv-1m 2025-05-01..2025-06-01: $0.061395 941,752 B (2.10s)
[2026-09-23 21:09:16 PDT] [3853/4295] A ZM ohlcv-1m 2025-07-01..2025-08-01: $0.056364 864,584 B (2.13s)
[2026-09-23 21:09:16 PDT] [3854/4295] A ZM ohlcv-1m 2025-06-01..2025-07-01: $0.051593 791,392 B (2.42s)
[2026-09-23 21:09:17 PDT] [3855/4295] A ZM ohlcv-1m 2025-10-01..2025-11-01: $0.066127 1,014,328 B (1.24s)
[2026-09-23 21:09:17 PDT] [3856/4295] A ZM ohlcv-1m 2025-11-01..2025-12-01: $0.053926 827,176 B (1.39s)
[2026-09-23 21:09:17 PDT] [3857/4295] A ZM ohlcv-1m 2025-08-01..2025-09-01: $0.060880 933,856 B (3.06s)
[2026-09-23 21:09:19 PDT] [3858/4295] A ZM ohlcv-1m 2026-01-01..2026-02-01: $0.055550 852,096 B (1.80s)
[2026-09-23 21:09:21 PDT] [3859/4295] A ZM ohlcv-1m 2025-12-01..2026-01-01: $0.056131 861,000 B (3.72s)
[2026-09-23 21:09:21 PDT] [3860/4295] A ZM ohlcv-1m 2026-02-01..2026-03-01: $0.056646 868,896 B (3.61s)
[2026-09-23 21:09:21 PDT] [3861/4295] A ZM ohlcv-1m 2026-03-01..2026-04-01: $0.071939 1,103,480 B (1.95s)
[2026-09-23 21:09:21 PDT] [3862/4295] A ZM ohlcv-1m 2025-09-01..2025-10-01: $0.057390 880,320 B (5.71s)
[2026-09-23 21:09:22 PDT] [3863/4295] A ZM ohlcv-1m 2026-04-01..2026-05-01: $0.062180 953,792 B (1.44s)
[2026-09-23 21:09:24 PDT] [3864/4295] A ZM ohlcv-1m 2026-05-01..2026-06-01: $0.063126 968,296 B (3.22s)
[2026-09-23 21:09:24 PDT] [3865/4295] A ZL ohlcv-1m 2019-06-01..2019-07-01: $0.050585 775,936 B (2.30s)
[2026-09-23 21:09:25 PDT] [3866/4295] A ZL ohlcv-1m 2019-07-01..2019-08-01: $0.059460 912,072 B (1.09s)
[2026-09-23 21:09:26 PDT] [3867/4295] A ZM ohlcv-1m 2026-06-01..2026-06-21: $0.043163 662,088 B (4.54s)
[2026-09-23 21:09:26 PDT] [3868/4295] A ZL ohlcv-1m 2019-08-01..2019-09-01: $0.067222 1,031,128 B (1.71s)
[2026-09-23 21:09:27 PDT] [3869/4295] A ZL ohlcv-1m 2019-10-01..2019-11-01: $0.068741 1,054,424 B (0.98s)
[2026-09-23 21:09:27 PDT] [3870/4295] A ZL ohlcv-1m 2019-09-01..2019-10-01: $0.060139 922,488 B (2.07s)
[2026-09-23 21:09:28 PDT] [3871/4295] A ZL ohlcv-1m 2019-11-01..2019-12-01: $0.061596 944,832 B (2.17s)
[2026-09-23 21:09:29 PDT] [3872/4295] A ZL ohlcv-1m 2019-12-01..2020-01-01: $0.066302 1,017,016 B (2.25s)
[2026-09-23 21:09:30 PDT] [3873/4295] A ZL ohlcv-1m 2020-03-01..2020-04-01: $0.079868 1,225,112 B (1.04s)
[2026-09-23 21:09:30 PDT] [3874/4295] A ZL ohlcv-1m 2020-01-01..2020-02-01: $0.071395 1,095,136 B (2.61s)
[2026-09-23 21:09:32 PDT] [3875/4295] A ZL ohlcv-1m 2020-02-01..2020-03-01: $0.062589 960,064 B (3.51s)
[2026-09-23 21:09:34 PDT] [3876/4295] A ZL ohlcv-1m 2020-06-01..2020-07-01: $0.065882 1,010,576 B (2.00s)
[2026-09-23 21:09:35 PDT] [3877/4295] A ZL ohlcv-1m 2020-05-01..2020-06-01: $0.068690 1,053,640 B (4.61s)
[2026-09-23 21:09:36 PDT] [3878/4295] A ZL ohlcv-1m 2020-08-01..2020-09-01: $0.073381 1,125,600 B (1.70s)
[2026-09-23 21:09:37 PDT] [3879/4295] A ZL ohlcv-1m 2020-07-01..2020-08-01: $0.075126 1,152,368 B (3.26s)
[2026-09-23 21:09:38 PDT] [3880/4295] A ZL ohlcv-1m 2020-09-01..2020-10-01: $0.076254 1,169,672 B (1.35s)
[2026-09-23 21:09:38 PDT] [3881/4295] A ZL ohlcv-1m 2020-10-01..2020-11-01: $0.080131 1,229,144 B (1.28s)
[2026-09-23 21:09:38 PDT] [3882/4295] A ZL ohlcv-1m 2019-05-01..2019-06-01: $0.066747 1,023,848 B (17.21s)
[2026-09-23 21:09:40 PDT] [3883/4295] A ZL ohlcv-1m 2021-01-01..2021-02-01: $0.071409 1,095,360 B (1.69s)
[2026-09-23 21:09:40 PDT] [3884/4295] A ZL ohlcv-1m 2020-11-01..2020-12-01: $0.069387 1,064,336 B (2.56s)
[2026-09-23 21:09:41 PDT] [3885/4295] A ZL ohlcv-1m 2020-12-01..2021-01-01: $0.079039 1,212,400 B (2.63s)
[2026-09-23 21:09:42 PDT] [3886/4295] A ZL ohlcv-1m 2021-04-01..2021-05-01: $0.072519 1,112,384 B (1.01s)
[2026-09-23 21:09:42 PDT] [3887/4295] A ZL ohlcv-1m 2021-03-01..2021-04-01: $0.083559 1,281,728 B (1.84s)
[2026-09-23 21:09:43 PDT] [3888/4295] A ZL ohlcv-1m 2021-06-01..2021-07-01: $0.078185 1,199,296 B (1.42s)
[2026-09-23 21:09:44 PDT] [3889/4295] A ZL ohlcv-1m 2020-04-01..2020-05-01: $0.069602 1,067,640 B (13.66s)
[2026-09-23 21:09:44 PDT] [3890/4295] A ZL ohlcv-1m 2021-05-01..2021-06-01: $0.072081 1,105,664 B (1.68s)
[2026-09-23 21:09:45 PDT] [3891/4295] A ZL ohlcv-1m 2021-07-01..2021-08-01: $0.071460 1,096,144 B (1.24s)
[2026-09-23 21:09:46 PDT] [3892/4295] A ZL ohlcv-1m 2021-02-01..2021-03-01: $0.067550 1,036,168 B (5.62s)
[2026-09-23 21:09:46 PDT] [3893/4295] A ZL ohlcv-1m 2021-08-01..2021-09-01: $0.075546 1,158,808 B (2.43s)
[2026-09-23 21:09:48 PDT] [3894/4295] A ZL ohlcv-1m 2021-09-01..2021-10-01: $0.068763 1,054,760 B (4.16s)
[2026-09-23 21:09:48 PDT] [3895/4295] A ZL ohlcv-1m 2021-11-01..2021-12-01: $0.065659 1,007,160 B (2.16s)
[2026-09-23 21:09:49 PDT] [3896/4295] A ZL ohlcv-1m 2021-10-01..2021-11-01: $0.069146 1,060,640 B (4.70s)
[2026-09-23 21:09:50 PDT] [3897/4295] A ZL ohlcv-1m 2022-01-01..2022-02-01: $0.064951 996,296 B (2.09s)
[2026-09-23 21:09:50 PDT] [3898/4295] A ZL ohlcv-1m 2021-12-01..2022-01-01: $0.070701 1,084,496 B (4.07s)
[2026-09-23 21:09:50 PDT] [3899/4295] A ZL ohlcv-1m 2022-02-01..2022-03-01: $0.062629 960,680 B (2.30s)
[2026-09-23 21:09:50 PDT] [3900/4295] A ZL ohlcv-1m 2022-03-01..2022-04-01: $0.074115 1,136,856 B (0.99s)
[2026-09-23 21:09:51 PDT] [3901/4295] A ZL ohlcv-1m 2022-04-01..2022-05-01: $0.064542 990,024 B (1.23s)
[2026-09-23 21:09:51 PDT] [3902/4295] A ZL ohlcv-1m 2022-05-01..2022-06-01: $0.066996 1,027,656 B (1.19s)
[2026-09-23 21:09:53 PDT] [3903/4295] A ZL ohlcv-1m 2022-07-01..2022-08-01: $0.065448 1,003,912 B (2.15s)
[2026-09-23 21:09:53 PDT] [3904/4295] A ZL ohlcv-1m 2022-06-01..2022-07-01: $0.064228 985,208 B (2.44s)
[2026-09-23 21:09:53 PDT] [3905/4295] A ZL ohlcv-1m 2022-09-01..2022-10-01: $0.069617 1,067,864 B (1.55s)
[2026-09-23 21:09:54 PDT] [3906/4295] A ZL ohlcv-1m 2022-08-01..2022-09-01: $0.073582 1,128,680 B (2.48s)
[2026-09-23 21:09:54 PDT] [3907/4295] A ZL ohlcv-1m 2022-10-01..2022-11-01: $0.069219 1,061,760 B (1.13s)
[2026-09-23 21:09:54 PDT] [3908/4295] A ZL ohlcv-1m 2022-12-01..2023-01-01: $0.063849 979,384 B (1.00s)
[2026-09-23 21:09:55 PDT] [3909/4295] A ZL ohlcv-1m 2023-03-01..2023-04-01: $0.076900 1,179,584 B (1.07s)
[2026-09-23 21:09:55 PDT] [3910/4295] A ZL ohlcv-1m 2023-01-01..2023-02-01: $0.059946 919,520 B (1.28s)
[2026-09-23 21:09:55 PDT] [3911/4295] A ZL ohlcv-1m 2022-11-01..2022-12-01: $0.065597 1,006,208 B (2.72s)
[2026-09-23 21:09:56 PDT] [3912/4295] A ZL ohlcv-1m 2023-02-01..2023-03-01: $0.060260 924,336 B (2.28s)
[2026-09-23 21:09:56 PDT] [3913/4295] A ZL ohlcv-1m 2023-04-01..2023-05-01: $0.060001 920,360 B (1.35s)
[2026-09-23 21:09:57 PDT] [3914/4295] A ZL ohlcv-1m 2023-06-01..2023-07-01: $0.070340 1,078,952 B (1.29s)
[2026-09-23 21:09:57 PDT] [3915/4295] A ZL ohlcv-1m 2023-07-01..2023-08-01: $0.064758 993,328 B (1.02s)
[2026-09-23 21:09:57 PDT] [3916/4295] A ZL ohlcv-1m 2023-05-01..2023-06-01: $0.073505 1,127,504 B (2.51s)
[2026-09-23 21:09:58 PDT] [3917/4295] A ZL ohlcv-1m 2023-09-01..2023-10-01: $0.065148 999,320 B (1.37s)
[2026-09-23 21:09:59 PDT] [3918/4295] A ZL ohlcv-1m 2023-10-01..2023-11-01: $0.072570 1,113,168 B (1.88s)
[2026-09-23 21:09:59 PDT] [3919/4295] A ZL ohlcv-1m 2023-11-01..2023-12-01: $0.064619 991,200 B (1.51s)
[2026-09-23 21:09:59 PDT] [3920/4295] A ZL ohlcv-1m 2023-08-01..2023-09-01: $0.075035 1,150,968 B (2.91s)
[2026-09-23 21:10:00 PDT] [3921/4295] A ZL ohlcv-1m 2023-12-01..2024-01-01: $0.058978 904,680 B (1.61s)
[2026-09-23 21:10:01 PDT] [3922/4295] A ZL ohlcv-1m 2024-04-01..2024-05-01: $0.072362 1,109,976 B (0.93s)
[2026-09-23 21:10:01 PDT] [3923/4295] A ZL ohlcv-1m 2024-03-01..2024-04-01: $0.066196 1,015,392 B (2.26s)
[2026-09-23 21:10:01 PDT] [3924/4295] A ZL ohlcv-1m 2024-01-01..2024-02-01: $0.063987 981,512 B (2.57s)
[2026-09-23 21:10:02 PDT] [3925/4295] A ZL ohlcv-1m 2024-02-01..2024-03-01: $0.061753 947,240 B (2.80s)
[2026-09-23 21:10:02 PDT] [3926/4295] A ZL ohlcv-1m 2024-05-01..2024-06-01: $0.075151 1,152,760 B (1.79s)
[2026-09-23 21:10:03 PDT] [3927/4295] A ZL ohlcv-1m 2024-06-01..2024-07-01: $0.059676 915,376 B (1.37s)
[2026-09-23 21:10:05 PDT] [3928/4295] A ZL ohlcv-1m 2024-10-01..2024-11-01: $0.080106 1,228,752 B (2.74s)
[2026-09-23 21:10:06 PDT] [3929/4295] A ZL ohlcv-1m 2024-08-01..2024-09-01: $0.074637 1,144,864 B (4.31s)
[2026-09-23 21:10:07 PDT] [3930/4295] A ZL ohlcv-1m 2024-11-01..2024-12-01: $0.067832 1,040,480 B (1.31s)
[2026-09-23 21:10:07 PDT] [3931/4295] A ZL ohlcv-1m 2024-12-01..2025-01-01: $0.068843 1,055,992 B (0.84s)
[2026-09-23 21:10:07 PDT] [3932/4295] A ZL ohlcv-1m 2024-09-01..2024-10-01: $0.068646 1,052,968 B (4.95s)
[2026-09-23 21:10:07 PDT] [3933/4295] A ZL ohlcv-1m 2024-07-01..2024-08-01: $0.070807 1,086,120 B (5.95s)
[2026-09-23 21:10:08 PDT] [3934/4295] A ZL ohlcv-1m 2025-04-01..2025-05-01: $0.072348 1,109,752 B (0.98s)
[2026-09-23 21:10:08 PDT] [3935/4295] A ZL ohlcv-1m 2025-03-01..2025-04-01: $0.070800 1,086,008 B (1.19s)
[2026-09-23 21:10:10 PDT] [3936/4295] A ZL ohlcv-1m 2025-01-01..2025-02-01: $0.069931 1,072,680 B (3.02s)
[2026-09-23 21:10:11 PDT] [3937/4295] A ZL ohlcv-1m 2025-07-01..2025-08-01: $0.071187 1,091,944 B (0.86s)
[2026-09-23 21:10:11 PDT] [3938/4295] A ZL ohlcv-1m 2025-06-01..2025-07-01: $0.066682 1,022,840 B (2.50s)
[2026-09-23 21:10:12 PDT] [3939/4295] A ZL ohlcv-1m 2025-08-01..2025-09-01: $0.070216 1,077,048 B (1.45s)
[2026-09-23 21:10:12 PDT] [3940/4295] A ZL ohlcv-1m 2025-05-01..2025-06-01: $0.074122 1,136,968 B (3.82s)
[2026-09-23 21:10:13 PDT] [3941/4295] A ZL ohlcv-1m 2025-11-01..2025-12-01: $0.060603 929,600 B (1.12s)
[2026-09-23 21:10:13 PDT] [3942/4295] A ZL ohlcv-1m 2025-09-01..2025-10-01: $0.068500 1,050,728 B (2.53s)
[2026-09-23 21:10:14 PDT] [3943/4295] A ZL ohlcv-1m 2025-10-01..2025-11-01: $0.075564 1,159,088 B (1.89s)
[2026-09-23 21:10:14 PDT] [3944/4295] A ZL ohlcv-1m 2025-12-01..2026-01-01: $0.066930 1,026,648 B (0.99s)
[2026-09-23 21:10:15 PDT] [3945/4295] A ZL ohlcv-1m 2025-02-01..2025-03-01: $0.063991 981,568 B (8.25s)
[2026-09-23 21:10:15 PDT] [3946/4295] A ZL ohlcv-1m 2026-01-01..2026-02-01: $0.065002 997,080 B (1.68s)
[2026-09-23 21:10:16 PDT] [3947/4295] A ZL ohlcv-1m 2026-02-01..2026-03-01: $0.066317 1,017,240 B (2.22s)
[2026-09-23 21:10:17 PDT] [3948/4295] A ZL ohlcv-1m 2026-03-01..2026-04-01: $0.081694 1,253,112 B (2.60s)
[2026-09-23 21:10:17 PDT] [3949/4295] A ZL ohlcv-1m 2026-05-01..2026-06-01: $0.070884 1,087,296 B (1.95s)
[2026-09-23 21:10:18 PDT] [3950/4295] A HE ohlcv-1m 2019-06-01..2019-07-01: $0.019565 300,104 B (1.13s)
[2026-09-23 21:10:18 PDT] [3951/4295] A ZL ohlcv-1m 2026-04-01..2026-05-01: $0.074133 1,137,136 B (3.24s)
[2026-09-23 21:10:19 PDT] [3952/4295] A HE ohlcv-1m 2019-07-01..2019-08-01: $0.021357 327,600 B (1.22s)
[2026-09-23 21:10:20 PDT] [3953/4295] A HE ohlcv-1m 2019-08-01..2019-09-01: $0.021912 336,112 B (1.75s)
[2026-09-23 21:10:20 PDT] [3954/4295] A ZL ohlcv-1m 2026-06-01..2026-06-21: $0.049804 763,952 B (4.15s)
[2026-09-23 21:10:20 PDT] [3955/4295] A HE ohlcv-1m 2019-09-01..2019-10-01: $0.019258 295,400 B (0.95s)
[2026-09-23 21:10:21 PDT] [3956/4295] A HE ohlcv-1m 2019-05-01..2019-06-01: $0.020872 320,152 B (3.85s)
[2026-09-23 21:10:22 PDT] [3957/4295] A HE ohlcv-1m 2019-12-01..2020-01-01: $0.020755 318,360 B (1.40s)
[2026-09-23 21:10:23 PDT] [3958/4295] A HE ohlcv-1m 2020-01-01..2020-02-01: $0.020674 317,128 B (2.55s)
[2026-09-23 21:10:26 PDT] [3959/4295] A HE ohlcv-1m 2019-10-01..2019-11-01: $0.022905 351,344 B (5.86s)
[2026-09-23 21:10:26 PDT] [3960/4295] A HE ohlcv-1m 2019-11-01..2019-12-01: $0.019849 304,472 B (5.78s)
[2026-09-23 21:10:27 PDT] [3961/4295] A HE ohlcv-1m 2020-04-01..2020-05-01: $0.016929 259,672 B (1.11s)
[2026-09-23 21:10:27 PDT] [3962/4295] A HE ohlcv-1m 2020-03-01..2020-04-01: $0.020225 310,240 B (3.91s)
[2026-09-23 21:10:28 PDT] [3963/4295] A HE ohlcv-1m 2020-06-01..2020-07-01: $0.021802 334,432 B (1.17s)
[2026-09-23 21:10:29 PDT] [3964/4295] A HE ohlcv-1m 2020-05-01..2020-06-01: $0.019565 300,104 B (2.53s)
[2026-09-23 21:10:29 PDT] [3965/4295] A HE ohlcv-1m 2020-02-01..2020-03-01: $0.018579 284,984 B (7.11s)
[2026-09-23 21:10:30 PDT] [3966/4295] A HE ohlcv-1m 2020-08-01..2020-09-01: $0.020839 319,648 B (2.24s)
[2026-09-23 21:10:31 PDT] [3967/4295] A HE ohlcv-1m 2020-10-01..2020-11-01: $0.021952 336,728 B (1.61s)
[2026-09-23 21:10:31 PDT] [3968/4295] A HE ohlcv-1m 2020-09-01..2020-10-01: $0.020207 309,960 B (1.96s)
[2026-09-23 21:10:32 PDT] [3969/4295] A HE ohlcv-1m 2020-11-01..2020-12-01: $0.019703 302,232 B (1.26s)
[2026-09-23 21:10:33 PDT] [3970/4295] A HE ohlcv-1m 2020-07-01..2020-08-01: $0.021536 330,344 B (5.62s)
[2026-09-23 21:10:35 PDT] [3971/4295] A HE ohlcv-1m 2021-03-01..2021-04-01: $0.022909 351,400 B (1.79s)
[2026-09-23 21:10:35 PDT] [3972/4295] A HE ohlcv-1m 2020-12-01..2021-01-01: $0.021602 331,352 B (4.33s)
[2026-09-23 21:10:35 PDT] [3973/4295] A HE ohlcv-1m 2021-02-01..2021-03-01: $0.018875 289,520 B (3.22s)
[2026-09-23 21:10:35 PDT] [3974/4295] A HE ohlcv-1m 2021-04-01..2021-05-01: $0.020426 313,320 B (0.90s)
[2026-09-23 21:10:37 PDT] [3975/4295] A HE ohlcv-1m 2021-01-01..2021-02-01: $0.018893 289,800 B (6.00s)
[2026-09-23 21:10:38 PDT] [3976/4295] A HE ohlcv-1m 2021-05-01..2021-06-01: $0.019879 304,920 B (2.92s)
[2026-09-23 21:10:38 PDT] [3977/4295] A HE ohlcv-1m 2021-08-01..2021-09-01: $0.021222 325,528 B (1.74s)
[2026-09-23 21:10:39 PDT] [3978/4295] A HE ohlcv-1m 2021-06-01..2021-07-01: $0.021142 324,296 B (3.99s)
[2026-09-23 21:10:39 PDT] [3979/4295] A HE ohlcv-1m 2021-07-01..2021-08-01: $0.020861 319,984 B (3.87s)
[2026-09-23 21:10:40 PDT] [3980/4295] A HE ohlcv-1m 2021-10-01..2021-11-01: $0.020773 318,640 B (1.19s)
[2026-09-23 21:10:42 PDT] [3981/4295] A HE ohlcv-1m 2022-01-01..2022-02-01: $0.019897 305,200 B (2.06s)
[2026-09-23 21:10:42 PDT] [3982/4295] A HE ohlcv-1m 2021-11-01..2021-12-01: $0.020590 315,840 B (3.23s)
[2026-09-23 21:10:43 PDT] [3983/4295] A HE ohlcv-1m 2021-12-01..2022-01-01: $0.021876 335,552 B (3.37s)
[2026-09-23 21:10:44 PDT] [3984/4295] A HE ohlcv-1m 2022-04-01..2022-05-01: $0.019638 301,224 B (1.03s)
[2026-09-23 21:10:44 PDT] [3985/4295] A HE ohlcv-1m 2022-03-01..2022-04-01: $0.022858 350,616 B (2.07s)
[2026-09-23 21:10:45 PDT] [3986/4295] A HE ohlcv-1m 2021-09-01..2021-10-01: $0.020671 317,072 B (7.40s)
[2026-09-23 21:10:46 PDT] [3987/4295] A HE ohlcv-1m 2022-05-01..2022-06-01: $0.020948 321,328 B (2.26s)
[2026-09-23 21:10:46 PDT] [3988/4295] A HE ohlcv-1m 2022-07-01..2022-08-01: $0.019922 305,592 B (1.30s)
[2026-09-23 21:10:47 PDT] [3989/4295] A HE ohlcv-1m 2022-02-01..2022-03-01: $0.018995 291,368 B (5.30s)
[2026-09-23 21:10:47 PDT] [3990/4295] A HE ohlcv-1m 2022-08-01..2022-09-01: $0.022978 352,464 B (1.04s)
[2026-09-23 21:10:48 PDT] [3991/4295] A HE ohlcv-1m 2022-06-01..2022-07-01: $0.020846 319,760 B (4.19s)
[2026-09-23 21:10:49 PDT] [3992/4295] A HE ohlcv-1m 2022-10-01..2022-11-01: $0.020908 320,712 B (1.81s)
[2026-09-23 21:10:49 PDT] [3993/4295] A HE ohlcv-1m 2022-09-01..2022-10-01: $0.020963 321,552 B (2.64s)
[2026-09-23 21:10:49 PDT] [3994/4295] A HE ohlcv-1m 2022-12-01..2023-01-01: $0.020934 321,104 B (0.92s)
[2026-09-23 21:10:50 PDT] [3995/4295] A HE ohlcv-1m 2023-01-01..2023-02-01: $0.020003 306,824 B (1.11s)
[2026-09-23 21:10:50 PDT] [3996/4295] A HE ohlcv-1m 2023-02-01..2023-03-01: $0.018991 291,312 B (1.24s)
[2026-09-23 21:10:50 PDT] [3997/4295] A HE ohlcv-1m 2023-03-01..2023-04-01: $0.023036 353,360 B (1.09s)
[2026-09-23 21:10:52 PDT] [3998/4295] A HE ohlcv-1m 2023-04-01..2023-05-01: $0.018940 290,528 B (1.69s)
[2026-09-23 21:10:53 PDT] [3999/4295] A HE ohlcv-1m 2022-11-01..2022-12-01: $0.020510 314,608 B (6.31s)
[2026-09-23 21:10:54 PDT] [4000/4295] A HE ohlcv-1m 2023-05-01..2023-06-01: $0.021697 332,808 B (3.27s)
[2026-09-23 21:10:54 PDT] [4001/4295] A HE ohlcv-1m 2023-06-01..2023-07-01: $0.021029 322,560 B (3.50s)
[2026-09-23 21:10:55 PDT] [4002/4295] A HE ohlcv-1m 2023-08-01..2023-09-01: $0.023004 352,856 B (1.50s)
[2026-09-23 21:10:56 PDT] [4003/4295] A HE ohlcv-1m 2023-10-01..2023-11-01: $0.022000 337,456 B (2.40s)
[2026-09-23 21:10:58 PDT] [4004/4295] A HE ohlcv-1m 2023-07-01..2023-08-01: $0.019948 305,984 B (6.97s)
[2026-09-23 21:11:00 PDT] [4005/4295] A HE ohlcv-1m 2023-11-01..2023-12-01: $0.020766 318,528 B (4.85s)
[2026-09-23 21:11:00 PDT] [4006/4295] A HE ohlcv-1m 2024-01-01..2024-02-01: $0.021025 322,504 B (1.28s)
[2026-09-23 21:11:03 PDT] [4007/4295] A HE ohlcv-1m 2024-03-01..2024-04-01: $0.019952 306,040 B (3.61s)
[2026-09-23 21:11:04 PDT] [4008/4295] A HE ohlcv-1m 2024-02-01..2024-03-01: $0.020003 306,824 B (4.40s)
[2026-09-23 21:11:07 PDT] [4009/4295] A HE ohlcv-1m 2023-09-01..2023-10-01: $0.019670 301,728 B (13.05s)
[2026-09-23 21:11:07 PDT] [4010/4295] A HE ohlcv-1m 2024-05-01..2024-06-01: $0.021941 336,560 B (3.31s)
[2026-09-23 21:11:08 PDT] [4011/4295] A HE ohlcv-1m 2024-07-01..2024-08-01: $0.021974 337,064 B (0.89s)
[2026-09-23 21:11:09 PDT] [4012/4295] A HE ohlcv-1m 2024-06-01..2024-07-01: $0.019053 292,264 B (2.24s)
[2026-09-23 21:11:10 PDT] [4013/4295] A HE ohlcv-1m 2024-08-01..2024-09-01: $0.021967 336,952 B (1.48s)
[2026-09-23 21:11:10 PDT] [4014/4295] A HE ohlcv-1m 2024-04-01..2024-05-01: $0.021974 337,064 B (6.64s)
[2026-09-23 21:11:10 PDT] [4015/4295] A HE ohlcv-1m 2024-09-01..2024-10-01: $0.019806 303,800 B (1.37s)
[2026-09-23 21:11:10 PDT] [4016/4295] A HE ohlcv-1m 2023-12-01..2024-01-01: $0.019915 305,480 B (14.06s)
[2026-09-23 21:11:11 PDT] [4017/4295] A HE ohlcv-1m 2024-10-01..2024-11-01: $0.022942 351,904 B (1.06s)
[2026-09-23 21:11:11 PDT] [4018/4295] A HE ohlcv-1m 2024-12-01..2025-01-01: $0.020791 318,920 B (1.15s)
[2026-09-23 21:11:12 PDT] [4019/4295] A HE ohlcv-1m 2024-11-01..2024-12-01: $0.019743 302,848 B (2.28s)
[2026-09-23 21:11:14 PDT] [4020/4295] A HE ohlcv-1m 2025-03-01..2025-04-01: $0.020974 321,720 B (2.81s)
[2026-09-23 21:11:14 PDT] [4021/4295] A HE ohlcv-1m 2025-02-01..2025-03-01: $0.019002 291,480 B (3.44s)
[2026-09-23 21:11:14 PDT] [4022/4295] A HE ohlcv-1m 2025-04-01..2025-05-01: $0.021007 322,224 B (2.05s)
[2026-09-23 21:11:15 PDT] [4023/4295] A HE ohlcv-1m 2025-01-01..2025-02-01: $0.020835 319,592 B (4.62s)
[2026-09-23 21:11:15 PDT] [4024/4295] A HE ohlcv-1m 2025-07-01..2025-08-01: $0.021967 336,952 B (0.98s)
[2026-09-23 21:11:16 PDT] [4025/4295] A HE ohlcv-1m 2025-06-01..2025-07-01: $0.020028 307,216 B (1.34s)
[2026-09-23 21:11:16 PDT] [4026/4295] A HE ohlcv-1m 2025-08-01..2025-09-01: $0.020966 321,608 B (1.36s)
[2026-09-23 21:11:18 PDT] [4027/4295] A HE ohlcv-1m 2025-09-01..2025-10-01: $0.020959 321,496 B (2.40s)
[2026-09-23 21:11:18 PDT] [4028/4295] A HE ohlcv-1m 2025-05-01..2025-06-01: $0.020988 321,944 B (3.68s)
[2026-09-23 21:11:19 PDT] [4029/4295] A HE ohlcv-1m 2025-11-01..2025-12-01: $0.018754 287,672 B (2.44s)
[2026-09-23 21:11:19 PDT] [4030/4295] A HE ohlcv-1m 2026-01-01..2026-02-01: $0.019893 305,144 B (1.08s)
[2026-09-23 21:11:20 PDT] [4031/4295] A HE ohlcv-1m 2026-02-01..2026-03-01: $0.018900 289,912 B (1.39s)
[2026-09-23 21:11:21 PDT] [4032/4295] A HE ohlcv-1m 2026-03-01..2026-04-01: $0.021868 335,440 B (1.70s)
[2026-09-23 21:11:22 PDT] [4033/4295] A HE ohlcv-1m 2026-05-01..2026-06-01: $0.019937 305,816 B (0.98s)
[2026-09-23 21:11:22 PDT] [4034/4295] A HE ohlcv-1m 2026-04-01..2026-05-01: $0.020890 320,432 B (1.53s)
[2026-09-23 21:11:22 PDT] [4035/4295] A HE ohlcv-1m 2025-12-01..2026-01-01: $0.021671 332,416 B (4.15s)
[2026-09-23 21:11:23 PDT] [4036/4295] A HE ohlcv-1m 2026-06-01..2026-06-21: $0.014008 214,872 B (1.38s)
[2026-09-23 21:11:23 PDT] [4037/4295] A LE ohlcv-1m 2019-05-01..2019-06-01: $0.022047 338,184 B (1.74s)
[2026-09-23 21:11:24 PDT] [4038/4295] A LE ohlcv-1m 2019-06-01..2019-07-01: $0.020054 307,608 B (2.05s)
[2026-09-23 21:11:26 PDT] [4039/4295] A LE ohlcv-1m 2019-08-01..2019-09-01: $0.021233 325,696 B (2.91s)
[2026-09-23 21:11:26 PDT] [4040/4295] A LE ohlcv-1m 2019-07-01..2019-08-01: $0.021719 333,144 B (3.45s)
[2026-09-23 21:11:28 PDT] [4041/4295] A LE ohlcv-1m 2019-11-01..2019-12-01: $0.019798 303,688 B (1.29s)
[2026-09-23 21:11:29 PDT] [4042/4295] A LE ohlcv-1m 2019-12-01..2020-01-01: $0.020696 317,464 B (1.13s)
[2026-09-23 21:11:30 PDT] [4043/4295] A LE ohlcv-1m 2019-10-01..2019-11-01: $0.023022 353,136 B (3.54s)
[2026-09-23 21:11:30 PDT] [4044/4295] A LE ohlcv-1m 2019-09-01..2019-10-01: $0.019984 306,544 B (6.19s)
[2026-09-23 21:11:30 PDT] [4045/4295] A HE ohlcv-1m 2025-10-01..2025-11-01: $0.022890 351,120 B (14.57s)
[2026-09-23 21:11:32 PDT] [4046/4295] A LE ohlcv-1m 2020-02-01..2020-03-01: $0.018630 285,768 B (1.68s)
[2026-09-23 21:11:32 PDT] [4047/4295] A LE ohlcv-1m 2020-04-01..2020-05-01: $0.019251 295,288 B (1.48s)
[2026-09-23 21:11:32 PDT] [4048/4295] A LE ohlcv-1m 2020-03-01..2020-04-01: $0.019145 293,664 B (1.65s)
[2026-09-23 21:11:33 PDT] [4049/4295] A LE ohlcv-1m 2020-07-01..2020-08-01: $0.021821 334,712 B (0.95s)
[2026-09-23 21:11:33 PDT] [4050/4295] A LE ohlcv-1m 2020-06-01..2020-07-01: $0.021945 336,616 B (1.71s)
[2026-09-23 21:11:34 PDT] [4051/4295] A LE ohlcv-1m 2020-05-01..2020-06-01: $0.019375 297,192 B (2.11s)
[2026-09-23 21:11:34 PDT] [4052/4295] A LE ohlcv-1m 2020-08-01..2020-09-01: $0.020999 322,112 B (1.77s)
[2026-09-23 21:11:36 PDT] [4053/4295] A LE ohlcv-1m 2020-09-01..2020-10-01: $0.021010 322,280 B (2.15s)
[2026-09-23 21:11:36 PDT] [4054/4295] A LE ohlcv-1m 2020-10-01..2020-11-01: $0.022051 338,240 B (2.00s)
[2026-09-23 21:11:37 PDT] [4055/4295] A LE ohlcv-1m 2020-11-01..2020-12-01: $0.019816 303,968 B (2.23s)
[2026-09-23 21:11:38 PDT] [4056/4295] A LE ohlcv-1m 2021-01-01..2021-02-01: $0.018999 291,424 B (1.98s)
[2026-09-23 21:11:38 PDT] [4057/4295] A LE ohlcv-1m 2020-01-01..2020-02-01: $0.020817 319,312 B (9.24s)
[2026-09-23 21:11:39 PDT] [4058/4295] A LE ohlcv-1m 2021-03-01..2021-04-01: $0.023007 352,912 B (1.33s)
[2026-09-23 21:11:39 PDT] [4059/4295] A LE ohlcv-1m 2021-04-01..2021-05-01: $0.021047 322,840 B (1.06s)
[2026-09-23 21:11:39 PDT] [4060/4295] A LE ohlcv-1m 2021-02-01..2021-03-01: $0.019010 291,592 B (2.56s)
[2026-09-23 21:11:40 PDT] [4061/4295] A LE ohlcv-1m 2020-12-01..2021-01-01: $0.021708 332,976 B (4.80s)
[2026-09-23 21:11:41 PDT] [4062/4295] A LE ohlcv-1m 2021-06-01..2021-07-01: $0.021996 337,400 B (1.45s)
[2026-09-23 21:11:42 PDT] [4063/4295] A LE ohlcv-1m 2021-07-01..2021-08-01: $0.020970 321,664 B (2.56s)
[2026-09-23 21:11:42 PDT] [4064/4295] A LE ohlcv-1m 2021-09-01..2021-10-01: $0.020985 321,888 B (1.57s)
[2026-09-23 21:11:43 PDT] [4065/4295] A LE ohlcv-1m 2021-10-01..2021-11-01: $0.020945 321,272 B (1.05s)
[2026-09-23 21:11:43 PDT] [4066/4295] A LE ohlcv-1m 2021-11-01..2021-12-01: $0.020674 317,128 B (1.18s)
[2026-09-23 21:11:44 PDT] [4067/4295] A LE ohlcv-1m 2021-08-01..2021-09-01: $0.022007 337,568 B (3.18s)
[2026-09-23 21:11:44 PDT] [4068/4295] A LE ohlcv-1m 2021-12-01..2022-01-01: $0.021854 335,216 B (1.27s)
[2026-09-23 21:11:45 PDT] [4069/4295] A LE ohlcv-1m 2022-01-01..2022-02-01: $0.019948 305,984 B (1.14s)
[2026-09-23 21:11:46 PDT] [4070/4295] A LE ohlcv-1m 2021-05-01..2021-06-01: $0.019970 306,320 B (6.48s)
[2026-09-23 21:11:46 PDT] [4071/4295] A LE ohlcv-1m 2022-03-01..2022-04-01: $0.022956 352,128 B (1.48s)
[2026-09-23 21:11:46 PDT] [4072/4295] A LE ohlcv-1m 2022-02-01..2022-03-01: $0.018973 291,032 B (2.48s)
[2026-09-23 21:11:48 PDT] [4073/4295] A LE ohlcv-1m 2022-07-01..2022-08-01: $0.019864 304,696 B (1.90s)
[2026-09-23 21:11:49 PDT] [4074/4295] A LE ohlcv-1m 2022-04-01..2022-05-01: $0.020006 306,880 B (4.70s)
[2026-09-23 21:11:49 PDT] [4075/4295] A LE ohlcv-1m 2022-08-01..2022-09-01: $0.022909 351,400 B (1.52s)
[2026-09-23 21:11:50 PDT] [4076/4295] A LE ohlcv-1m 2022-05-01..2022-06-01: $0.021003 322,168 B (4.42s)
[2026-09-23 21:11:50 PDT] [4077/4295] A LE ohlcv-1m 2022-06-01..2022-07-01: $0.021036 322,672 B (4.70s)
[2026-09-23 21:11:51 PDT] [4078/4295] A LE ohlcv-1m 2022-10-01..2022-11-01: $0.020908 320,712 B (1.24s)
[2026-09-23 21:11:52 PDT] [4079/4295] A LE ohlcv-1m 2023-01-01..2023-02-01: $0.019941 305,872 B (1.02s)
[2026-09-23 21:11:52 PDT] [4080/4295] A LE ohlcv-1m 2022-12-01..2023-01-01: $0.020952 321,384 B (1.43s)
[2026-09-23 21:11:52 PDT] [4081/4295] A LE ohlcv-1m 2022-09-01..2022-10-01: $0.020857 319,928 B (2.58s)
[2026-09-23 21:11:52 PDT] [4082/4295] A LE ohlcv-1m 2022-11-01..2022-12-01: $0.020729 317,968 B (1.95s)
[2026-09-23 21:11:53 PDT] [4083/4295] A LE ohlcv-1m 2023-05-01..2023-06-01: $0.021959 336,840 B (0.89s)
[2026-09-23 21:11:53 PDT] [4084/4295] A LE ohlcv-1m 2023-02-01..2023-03-01: $0.018977 291,088 B (1.45s)
[2026-09-23 21:11:54 PDT] [4085/4295] A LE ohlcv-1m 2023-06-01..2023-07-01: $0.021058 323,008 B (1.31s)
[2026-09-23 21:11:55 PDT] [4086/4295] A LE ohlcv-1m 2023-04-01..2023-05-01: $0.018999 291,424 B (2.81s)
[2026-09-23 21:11:55 PDT] [4087/4295] A LE ohlcv-1m 2023-07-01..2023-08-01: $0.020021 307,104 B (1.89s)
[2026-09-23 21:11:55 PDT] [4088/4295] A LE ohlcv-1m 2023-08-01..2023-09-01: $0.022996 352,744 B (1.20s)
[2026-09-23 21:11:56 PDT] [4089/4295] A LE ohlcv-1m 2023-09-01..2023-10-01: $0.019995 306,712 B (0.90s)
[2026-09-23 21:11:56 PDT] [4090/4295] A LE ohlcv-1m 2023-11-01..2023-12-01: $0.020857 319,928 B (1.12s)
[2026-09-23 21:11:57 PDT] [4091/4295] A LE ohlcv-1m 2023-03-01..2023-04-01: $0.022945 351,960 B (5.69s)
[2026-09-23 21:11:58 PDT] [4092/4295] A LE ohlcv-1m 2023-12-01..2024-01-01: $0.020054 307,608 B (2.03s)
[2026-09-23 21:11:58 PDT] [4093/4295] A LE ohlcv-1m 2024-01-01..2024-02-01: $0.021036 322,672 B (1.73s)
[2026-09-23 21:11:59 PDT] [4094/4295] A LE ohlcv-1m 2024-03-01..2024-04-01: $0.020043 307,440 B (1.71s)
[2026-09-23 21:11:59 PDT] [4095/4295] A LE ohlcv-1m 2023-10-01..2023-11-01: $0.022058 338,352 B (4.33s)
[2026-09-23 21:11:59 PDT] [4096/4295] A LE ohlcv-1m 2024-02-01..2024-03-01: $0.020050 307,552 B (1.98s)
[2026-09-23 21:12:00 PDT] [4097/4295] A LE ohlcv-1m 2024-04-01..2024-05-01: $0.022084 338,744 B (1.51s)
[2026-09-23 21:12:01 PDT] [4098/4295] A LE ohlcv-1m 2024-06-01..2024-07-01: $0.019064 292,432 B (1.46s)
[2026-09-23 21:12:01 PDT] [4099/4295] A LE ohlcv-1m 2024-05-01..2024-06-01: $0.022073 338,576 B (1.59s)
[2026-09-23 21:12:01 PDT] [4100/4295] A LE ohlcv-1m 2024-07-01..2024-08-01: $0.022032 337,960 B (1.49s)
[2026-09-23 21:12:02 PDT] [4101/4295] A LE ohlcv-1m 2024-09-01..2024-10-01: $0.020054 307,608 B (1.58s)
[2026-09-23 21:12:03 PDT] [4102/4295] A LE ohlcv-1m 2024-11-01..2024-12-01: $0.019820 304,024 B (1.82s)
[2026-09-23 21:12:03 PDT] [4103/4295] A LE ohlcv-1m 2024-10-01..2024-11-01: $0.023055 353,640 B (2.04s)
[2026-09-23 21:12:04 PDT] [4104/4295] A LE ohlcv-1m 2024-08-01..2024-09-01: $0.022069 338,520 B (3.86s)
[2026-09-23 21:12:04 PDT] [4105/4295] A LE ohlcv-1m 2025-01-01..2025-02-01: $0.020879 320,264 B (1.07s)
[2026-09-23 21:12:04 PDT] [4106/4295] A LE ohlcv-1m 2025-02-01..2025-03-01: $0.019068 292,488 B (1.02s)
[2026-09-23 21:12:06 PDT] [4107/4295] A LE ohlcv-1m 2025-04-01..2025-05-01: $0.021080 323,344 B (1.96s)
[2026-09-23 21:12:06 PDT] [4108/4295] A LE ohlcv-1m 2025-03-01..2025-04-01: $0.021080 323,344 B (2.35s)
[2026-09-23 21:12:06 PDT] [4109/4295] A LE ohlcv-1m 2025-05-01..2025-06-01: $0.021036 322,672 B (2.00s)
[2026-09-23 21:12:06 PDT] [4110/4295] A LE ohlcv-1m 2024-12-01..2025-01-01: $0.020853 319,872 B (3.98s)
[2026-09-23 21:12:08 PDT] [4111/4295] A LE ohlcv-1m 2025-07-01..2025-08-01: $0.022054 338,296 B (2.39s)
[2026-09-23 21:12:09 PDT] [4112/4295] A LE ohlcv-1m 2025-06-01..2025-07-01: $0.020072 307,888 B (2.97s)
[2026-09-23 21:12:10 PDT] [4113/4295] A LE ohlcv-1m 2025-09-01..2025-10-01: $0.021076 323,288 B (3.61s)
[2026-09-23 21:12:11 PDT] [4114/4295] A LE ohlcv-1m 2025-10-01..2025-11-01: $0.023080 354,032 B (2.38s)
[2026-09-23 21:12:11 PDT] [4115/4295] A LE ohlcv-1m 2025-08-01..2025-09-01: $0.021083 323,400 B (5.20s)
[2026-09-23 21:12:11 PDT] [4116/4295] A LE ohlcv-1m 2025-11-01..2025-12-01: $0.018185 278,936 B (2.44s)
[2026-09-23 21:12:13 PDT] [4117/4295] A LE ohlcv-1m 2026-02-01..2026-03-01: $0.019072 292,544 B (1.78s)
[2026-09-23 21:12:13 PDT] [4118/4295] A LE ohlcv-1m 2026-01-01..2026-02-01: $0.020043 307,440 B (2.44s)
[2026-09-23 21:12:14 PDT] [4119/4295] A LE ohlcv-1m 2026-05-01..2026-06-01: $0.020057 307,664 B (1.11s)
[2026-09-23 21:12:14 PDT] [4120/4295] A LE ohlcv-1m 2026-04-01..2026-05-01: $0.021069 323,176 B (1.37s)
[2026-09-23 21:12:15 PDT] [4121/4295] A LE ohlcv-1m 2025-12-01..2026-01-01: $0.021868 335,440 B (5.03s)
[2026-09-23 21:12:15 PDT] [4122/4295] A LE ohlcv-1m 2026-03-01..2026-04-01: $0.022054 338,296 B (4.03s)
[2026-09-23 21:12:15 PDT] [4123/4295] A MBT ohlcv-1m 2019-05-01..2019-06-01: QUOTE FAILED (1.20s)
[2026-09-23 21:12:16 PDT] [4124/4295] A LE ohlcv-1m 2026-06-01..2026-06-21: $0.014052 215,544 B (1.33s)
[2026-09-23 21:12:16 PDT] [4125/4295] A MBT ohlcv-1m 2019-06-01..2019-07-01: QUOTE FAILED (0.94s)
[2026-09-23 21:12:17 PDT] [4126/4295] A MBT ohlcv-1m 2019-09-01..2019-10-01: QUOTE FAILED (1.10s)
[2026-09-23 21:12:17 PDT] [4127/4295] A MBT ohlcv-1m 2019-08-01..2019-09-01: QUOTE FAILED (1.21s)
[2026-09-23 21:12:17 PDT] [4128/4295] A MBT ohlcv-1m 2019-07-01..2019-08-01: QUOTE FAILED (1.57s)
[2026-09-23 21:12:17 PDT] [4129/4295] A MBT ohlcv-1m 2019-10-01..2019-11-01: QUOTE FAILED (0.93s)
[2026-09-23 21:12:17 PDT] [4130/4295] A MBT ohlcv-1m 2020-01-01..2020-02-01: QUOTE FAILED (0.56s)
[2026-09-23 21:12:18 PDT] [4131/4295] A MBT ohlcv-1m 2020-03-01..2020-04-01: QUOTE FAILED (0.72s)
[2026-09-23 21:12:18 PDT] [4132/4295] A MBT ohlcv-1m 2020-02-01..2020-03-01: QUOTE FAILED (1.32s)
[2026-09-23 21:12:18 PDT] [4133/4295] A MBT ohlcv-1m 2019-12-01..2020-01-01: QUOTE FAILED (1.58s)
[2026-09-23 21:12:19 PDT] [4134/4295] A MBT ohlcv-1m 2020-04-01..2020-05-01: QUOTE FAILED (0.55s)
[2026-09-23 21:12:19 PDT] [4135/4295] A MBT ohlcv-1m 2020-05-01..2020-06-01: QUOTE FAILED (0.56s)
[2026-09-23 21:12:19 PDT] [4136/4295] A MBT ohlcv-1m 2020-06-01..2020-07-01: QUOTE FAILED (0.74s)
[2026-09-23 21:12:19 PDT] [4137/4295] A MBT ohlcv-1m 2019-11-01..2019-12-01: QUOTE FAILED (2.53s)
[2026-09-23 21:12:19 PDT] [4138/4295] A MBT ohlcv-1m 2020-08-01..2020-09-01: QUOTE FAILED (0.53s)
[2026-09-23 21:12:20 PDT] [4139/4295] A MBT ohlcv-1m 2020-10-01..2020-11-01: QUOTE FAILED (0.60s)
[2026-09-23 21:12:20 PDT] [4140/4295] A MBT ohlcv-1m 2020-09-01..2020-10-01: QUOTE FAILED (0.85s)
[2026-09-23 21:12:21 PDT] [4141/4295] A MBT ohlcv-1m 2020-12-01..2021-01-01: QUOTE FAILED (0.93s)
[2026-09-23 21:12:21 PDT] [4142/4295] A MBT ohlcv-1m 2020-11-01..2020-12-01: QUOTE FAILED (1.46s)
[2026-09-23 21:12:21 PDT] [4143/4295] A MBT ohlcv-1m 2021-02-01..2021-03-01: QUOTE FAILED (0.59s)
[2026-09-23 21:12:22 PDT] [4144/4295] A MBT ohlcv-1m 2021-01-01..2021-02-01: QUOTE FAILED (2.58s)
[2026-09-23 21:12:23 PDT] [4145/4295] A MBT ohlcv-1m 2021-04-01..2021-05-01: $0.000000 0 B (1.23s)
[2026-09-23 21:12:23 PDT] [4146/4295] A MBT ohlcv-1m 2021-03-01..2021-04-01: QUOTE FAILED (2.24s)
[2026-09-23 21:12:25 PDT] [4147/4295] A MBT ohlcv-1m 2021-06-01..2021-07-01: $0.068496 1,050,672 B (2.00s)
[2026-09-23 21:12:25 PDT] [4148/4295] A MBT ohlcv-1m 2021-05-01..2021-06-01: $0.071329 1,094,128 B (2.80s)
[2026-09-23 21:12:26 PDT] [4149/4295] A MBT ohlcv-1m 2021-09-01..2021-10-01: $0.062699 961,744 B (1.22s)
[2026-09-23 21:12:27 PDT] [4150/4295] A MBT ohlcv-1m 2021-07-01..2021-08-01: $0.057953 888,944 B (3.64s)
[2026-09-23 21:12:27 PDT] [4151/4295] A MBT ohlcv-1m 2021-08-01..2021-09-01: $0.060307 925,064 B (2.48s)
[2026-09-23 21:12:27 PDT] [4152/4295] A MBT ohlcv-1m 2020-07-01..2020-08-01: QUOTE FAILED (8.69s)
[2026-09-23 21:12:28 PDT] [4153/4295] A MBT ohlcv-1m 2021-10-01..2021-11-01: $0.074184 1,137,920 B (1.25s)
[2026-09-23 21:12:28 PDT] [4154/4295] A MBT ohlcv-1m 2021-12-01..2022-01-01: $0.068211 1,046,304 B (0.87s)
[2026-09-23 21:12:29 PDT] [4155/4295] A MBT ohlcv-1m 2021-11-01..2021-12-01: $0.076772 1,177,624 B (2.00s)
[2026-09-23 21:12:29 PDT] [4156/4295] A MBT ohlcv-1m 2022-02-01..2022-03-01: $0.062231 954,576 B (1.28s)
[2026-09-23 21:12:29 PDT] [4157/4295] A MBT ohlcv-1m 2022-01-01..2022-02-01: $0.064108 983,360 B (2.06s)
[2026-09-23 21:12:30 PDT] [4158/4295] A MBT ohlcv-1m 2022-04-01..2022-05-01: $0.055649 853,608 B (1.00s)
[2026-09-23 21:12:30 PDT] [4159/4295] A MBT ohlcv-1m 2022-05-01..2022-06-01: $0.064761 993,384 B (1.19s)
[2026-09-23 21:12:32 PDT] [4160/4295] A MBT ohlcv-1m 2022-07-01..2022-08-01: $0.049315 756,448 B (2.04s)
[2026-09-23 21:12:32 PDT] [4161/4295] A MBT ohlcv-1m 2022-08-01..2022-09-01: $0.047807 733,320 B (1.79s)
[2026-09-23 21:12:33 PDT] [4162/4295] A MBT ohlcv-1m 2022-09-01..2022-10-01: $0.047551 729,400 B (1.26s)
[2026-09-23 21:12:33 PDT] [4163/4295] A MBT ohlcv-1m 2022-06-01..2022-07-01: $0.059574 913,808 B (3.73s)
[2026-09-23 21:12:35 PDT] [4164/4295] A MBT ohlcv-1m 2022-12-01..2023-01-01: $0.031243 479,248 B (1.52s)
[2026-09-23 21:12:36 PDT] [4165/4295] A MBT ohlcv-1m 2023-01-01..2023-02-01: $0.037921 581,672 B (1.06s)
[2026-09-23 21:12:36 PDT] [4166/4295] A MBT ohlcv-1m 2022-10-01..2022-11-01: $0.042353 649,656 B (3.97s)
[2026-09-23 21:12:37 PDT] [4167/4295] A MBT ohlcv-1m 2023-02-01..2023-03-01: $0.042787 656,320 B (1.18s)
[2026-09-23 21:12:38 PDT] [4168/4295] A MBT ohlcv-1m 2022-11-01..2022-12-01: $0.051363 787,864 B (4.66s)
[2026-09-23 21:12:38 PDT] [4169/4295] A MBT ohlcv-1m 2022-03-01..2022-04-01: $0.069942 1,072,848 B (10.57s)
[2026-09-23 21:12:39 PDT] [4170/4295] A MBT ohlcv-1m 2023-06-01..2023-07-01: $0.051856 795,424 B (0.93s)
[2026-09-23 21:12:40 PDT] [4171/4295] A MBT ohlcv-1m 2023-04-01..2023-05-01: $0.049286 756,000 B (3.15s)
[2026-09-23 21:12:41 PDT] [4172/4295] A MBT ohlcv-1m 2023-03-01..2023-04-01: $0.057865 887,600 B (4.77s)
[2026-09-23 21:12:41 PDT] [4173/4295] A MBT ohlcv-1m 2023-08-01..2023-09-01: $0.037994 582,792 B (1.48s)
[2026-09-23 21:12:42 PDT] [4174/4295] A MBT ohlcv-1m 2023-09-01..2023-10-01: $0.031933 489,832 B (1.03s)
[2026-09-23 21:12:43 PDT] [4175/4295] A MBT ohlcv-1m 2023-10-01..2023-11-01: $0.043660 669,704 B (1.78s)
[2026-09-23 21:12:43 PDT] [4176/4295] A MBT ohlcv-1m 2023-11-01..2023-12-01: $0.052736 808,920 B (1.61s)
[2026-09-23 21:12:44 PDT] [4177/4295] A MBT ohlcv-1m 2023-07-01..2023-08-01: $0.047584 729,904 B (4.43s)
[2026-09-23 21:12:45 PDT] [4178/4295] A MBT ohlcv-1m 2024-01-01..2024-02-01: $0.069540 1,066,688 B (1.74s)
[2026-09-23 21:12:46 PDT] [4179/4295] A MBT ohlcv-1m 2023-12-01..2024-01-01: $0.059285 909,384 B (2.38s)
[2026-09-23 21:12:47 PDT] [4180/4295] A MBT ohlcv-1m 2024-04-01..2024-05-01: $0.091649 1,405,824 B (1.39s)
[2026-09-23 21:12:47 PDT] [4181/4295] A MBT ohlcv-1m 2024-02-01..2024-03-01: $0.070606 1,083,040 B (3.49s)
[2026-09-23 21:12:47 PDT] [4182/4295] A MBT ohlcv-1m 2023-05-01..2023-06-01: $0.057807 886,704 B (9.86s)
[2026-09-23 21:12:49 PDT] [4183/4295] A MBT ohlcv-1m 2024-05-01..2024-06-01: $0.094165 1,444,408 B (2.38s)
[2026-09-23 21:12:50 PDT] [4184/4295] A MBT ohlcv-1m 2024-07-01..2024-08-01: $0.092850 1,424,248 B (2.47s)
[2026-09-23 21:12:52 PDT] [4185/4295] A MBT ohlcv-1m 2024-03-01..2024-04-01: $0.091102 1,397,424 B (6.77s)
[2026-09-23 21:12:53 PDT] [4186/4295] A MBT ohlcv-1m 2024-09-01..2024-10-01: $0.085826 1,316,504 B (2.61s)
[2026-09-23 21:12:53 PDT] [4187/4295] A MBT ohlcv-1m 2024-10-01..2024-11-01: $0.099867 1,531,880 B (1.21s)
[2026-09-23 21:12:53 PDT] [4188/4295] A MBT ohlcv-1m 2024-06-01..2024-07-01: $0.078543 1,204,784 B (5.96s)
[2026-09-23 21:12:54 PDT] [4189/4295] A MBT ohlcv-1m 2024-12-01..2025-01-01: $0.097217 1,491,224 B (0.95s)
[2026-09-23 21:12:55 PDT] [4190/4295] A MBT ohlcv-1m 2025-02-01..2025-03-01: $0.092978 1,426,208 B (1.15s)
[2026-09-23 21:12:55 PDT] [4191/4295] A MBT ohlcv-1m 2025-01-01..2025-02-01: $0.101298 1,553,832 B (2.01s)
[2026-09-23 21:12:56 PDT] [4192/4295] A MBT ohlcv-1m 2024-08-01..2024-09-01: $0.090872 1,393,896 B (6.82s)
[2026-09-23 21:12:57 PDT] [4193/4295] A MBT ohlcv-1m 2024-11-01..2024-12-01: $0.097111 1,489,600 B (4.12s)
[2026-09-23 21:12:57 PDT] [4194/4295] A MBT ohlcv-1m 2025-05-01..2025-06-01: $0.101192 1,552,208 B (0.92s)
[2026-09-23 21:12:58 PDT] [4195/4295] A MBT ohlcv-1m 2025-03-01..2025-04-01: $0.100075 1,535,072 B (2.58s)
[2026-09-23 21:12:59 PDT] [4196/4295] A MBT ohlcv-1m 2025-08-01..2025-09-01: $0.098761 1,514,912 B (0.93s)
[2026-09-23 21:13:00 PDT] [4197/4295] A MBT ohlcv-1m 2025-09-01..2025-10-01: $0.102751 1,576,120 B (1.11s)
[2026-09-23 21:13:00 PDT] [4198/4295] A MBT ohlcv-1m 2025-06-01..2025-07-01: $0.095753 1,468,768 B (3.27s)
[2026-09-23 21:13:01 PDT] [4199/4295] A MBT ohlcv-1m 2025-07-01..2025-08-01: $0.107428 1,647,856 B (3.64s)
[2026-09-23 21:13:01 PDT] [4200/4295] A MBT ohlcv-1m 2025-11-01..2025-12-01: $0.093953 1,441,160 B (1.30s)
[2026-09-23 21:13:02 PDT] [4201/4295] A MBT ohlcv-1m 2025-04-01..2025-05-01: $0.098385 1,509,144 B (6.30s)
[2026-09-23 21:13:02 PDT] [4202/4295] A MBT ohlcv-1m 2025-12-01..2026-01-01: $0.103361 1,585,472 B (1.14s)
[2026-09-23 21:13:02 PDT] [4203/4295] A MBT ohlcv-1m 2026-01-01..2026-02-01: $0.099049 1,519,336 B (1.06s)
[2026-09-23 21:13:03 PDT] [4204/4295] A MBT ohlcv-1m 2026-02-01..2026-03-01: $0.096103 1,474,144 B (1.13s)
[2026-09-23 21:13:03 PDT] [4205/4295] A MBT ohlcv-1m 2026-03-01..2026-04-01: $0.105051 1,611,400 B (1.30s)
[2026-09-23 21:13:04 PDT] [4206/4295] A MBT ohlcv-1m 2026-05-01..2026-06-01: $0.097016 1,488,144 B (1.09s)
[2026-09-23 21:13:04 PDT] [4207/4295] A MBT ohlcv-1m 2025-10-01..2025-11-01: $0.109549 1,680,392 B (4.23s)
[2026-09-23 21:13:04 PDT] [4208/4295] A MBT ohlcv-1m 2026-04-01..2026-05-01: $0.101521 1,557,248 B (2.06s)
[2026-09-23 21:13:05 PDT] [4209/4295] A MET ohlcv-1m 2019-05-01..2019-06-01: QUOTE FAILED (0.74s)
[2026-09-23 21:13:05 PDT] [4210/4295] A MET ohlcv-1m 2019-06-01..2019-07-01: QUOTE FAILED (0.68s)
[2026-09-23 21:13:05 PDT] [4211/4295] A MET ohlcv-1m 2019-08-01..2019-09-01: QUOTE FAILED (0.97s)
[2026-09-23 21:13:06 PDT] [4212/4295] A MET ohlcv-1m 2019-07-01..2019-08-01: QUOTE FAILED (1.62s)
[2026-09-23 21:13:06 PDT] [4213/4295] A MBT ohlcv-1m 2026-06-01..2026-06-21: $0.083333 1,278,256 B (2.85s)
[2026-09-23 21:13:06 PDT] [4214/4295] A MET ohlcv-1m 2019-09-01..2019-10-01: QUOTE FAILED (1.41s)
[2026-09-23 21:13:07 PDT] [4215/4295] A MET ohlcv-1m 2019-11-01..2019-12-01: QUOTE FAILED (0.79s)
[2026-09-23 21:13:07 PDT] [4216/4295] A MET ohlcv-1m 2020-01-01..2020-02-01: QUOTE FAILED (0.75s)
[2026-09-23 21:13:07 PDT] [4217/4295] A MET ohlcv-1m 2019-12-01..2020-01-01: QUOTE FAILED (0.87s)
[2026-09-23 21:13:08 PDT] [4218/4295] A MET ohlcv-1m 2020-02-01..2020-03-01: QUOTE FAILED (1.08s)
[2026-09-23 21:13:08 PDT] [4219/4295] A MET ohlcv-1m 2019-10-01..2019-11-01: QUOTE FAILED (2.58s)
[2026-09-23 21:13:08 PDT] [4220/4295] A MET ohlcv-1m 2020-04-01..2020-05-01: QUOTE FAILED (1.50s)
[2026-09-23 21:13:09 PDT] [4221/4295] A MET ohlcv-1m 2020-06-01..2020-07-01: QUOTE FAILED (0.46s)
[2026-09-23 21:13:09 PDT] [4222/4295] A MET ohlcv-1m 2020-08-01..2020-09-01: QUOTE FAILED (0.46s)
[2026-09-23 21:13:09 PDT] [4223/4295] A MET ohlcv-1m 2020-05-01..2020-06-01: QUOTE FAILED (1.24s)
[2026-09-23 21:13:10 PDT] [4224/4295] A MET ohlcv-1m 2020-07-01..2020-08-01: QUOTE FAILED (1.11s)
[2026-09-23 21:13:10 PDT] [4225/4295] A MET ohlcv-1m 2020-10-01..2020-11-01: QUOTE FAILED (0.86s)
[2026-09-23 21:13:10 PDT] [4226/4295] A MET ohlcv-1m 2020-09-01..2020-10-01: QUOTE FAILED (1.02s)
[2026-09-23 21:13:11 PDT] [4227/4295] A MET ohlcv-1m 2021-01-01..2021-02-01: QUOTE FAILED (0.89s)
[2026-09-23 21:13:11 PDT] [4228/4295] A MET ohlcv-1m 2021-02-01..2021-03-01: QUOTE FAILED (0.52s)
[2026-09-23 21:13:12 PDT] [4229/4295] A MET ohlcv-1m 2021-03-01..2021-04-01: QUOTE FAILED (0.69s)
[2026-09-23 21:13:13 PDT] [4230/4295] A MET ohlcv-1m 2020-11-01..2020-12-01: QUOTE FAILED (2.99s)
[2026-09-23 21:13:13 PDT] [4231/4295] A MET ohlcv-1m 2021-04-01..2021-05-01: QUOTE FAILED (0.66s)
[2026-09-23 21:13:13 PDT] [4232/4295] A MET ohlcv-1m 2021-06-01..2021-07-01: QUOTE FAILED (0.62s)
[2026-09-23 21:13:14 PDT] [4233/4295] A MET ohlcv-1m 2021-05-01..2021-06-01: QUOTE FAILED (1.18s)
[2026-09-23 21:13:15 PDT] [4234/4295] A MET ohlcv-1m 2021-07-01..2021-08-01: QUOTE FAILED (1.23s)
[2026-09-23 21:13:15 PDT] [4235/4295] A MET ohlcv-1m 2021-08-01..2021-09-01: QUOTE FAILED (0.93s)
[2026-09-23 21:13:16 PDT] [4236/4295] A MET ohlcv-1m 2021-10-01..2021-11-01: QUOTE FAILED (0.84s)
[2026-09-23 21:13:16 PDT] [4237/4295] A MET ohlcv-1m 2021-09-01..2021-10-01: QUOTE FAILED (1.12s)
[2026-09-23 21:13:17 PDT] [4238/4295] A MET ohlcv-1m 2021-11-01..2021-12-01: $0.000000 0 B (1.73s)
[2026-09-23 21:13:19 PDT] [4239/4295] A MET ohlcv-1m 2022-01-01..2022-02-01: $0.030824 472,808 B (1.41s)
[2026-09-23 21:13:19 PDT] [4240/4295] A MET ohlcv-1m 2021-12-01..2022-01-01: $0.018685 286,608 B (2.99s)
[2026-09-23 21:13:19 PDT] [4241/4295] A MET ohlcv-1m 2020-03-01..2020-04-01: QUOTE FAILED (12.36s)
[2026-09-23 21:13:20 PDT] [4242/4295] A MET ohlcv-1m 2022-03-01..2022-04-01: $0.037307 572,264 B (0.98s)
[2026-09-23 21:13:20 PDT] [4243/4295] A MET ohlcv-1m 2022-02-01..2022-03-01: $0.034055 522,368 B (1.53s)
[2026-09-23 21:13:21 PDT] [4244/4295] A MET ohlcv-1m 2020-12-01..2021-01-01: QUOTE FAILED (10.61s)
[2026-09-23 21:13:21 PDT] [4245/4295] A MET ohlcv-1m 2022-04-01..2022-05-01: $0.034650 531,496 B (1.56s)
[2026-09-23 21:13:22 PDT] [4246/4295] A MET ohlcv-1m 2022-07-01..2022-08-01: $0.030207 463,344 B (1.49s)
[2026-09-23 21:13:22 PDT] [4247/4295] A MET ohlcv-1m 2022-06-01..2022-07-01: $0.031517 483,448 B (1.91s)
[2026-09-23 21:13:22 PDT] [4248/4295] A MET ohlcv-1m 2022-08-01..2022-09-01: $0.027790 426,272 B (1.55s)
[2026-09-23 21:13:23 PDT] [4249/4295] A MET ohlcv-1m 2022-05-01..2022-06-01: $0.042389 650,216 B (2.89s)
[2026-09-23 21:13:24 PDT] [4250/4295] A MET ohlcv-1m 2022-12-01..2023-01-01: $0.016465 252,560 B (1.47s)
[2026-09-23 21:13:25 PDT] [4251/4295] A MET ohlcv-1m 2022-09-01..2022-10-01: $0.030721 471,240 B (2.91s)
[2026-09-23 21:13:26 PDT] [4252/4295] A MET ohlcv-1m 2023-02-01..2023-03-01: $0.018276 280,336 B (1.36s)
[2026-09-23 21:13:27 PDT] [4253/4295] A MET ohlcv-1m 2022-11-01..2022-12-01: $0.027330 419,216 B (4.91s)
[2026-09-23 21:13:27 PDT] [4254/4295] A MET ohlcv-1m 2023-03-01..2023-04-01: $0.021649 332,080 B (1.08s)
[2026-09-23 21:13:28 PDT] [4255/4295] A MET ohlcv-1m 2023-01-01..2023-02-01: $0.019105 293,048 B (4.32s)
[2026-09-23 21:13:28 PDT] [4256/4295] A MET ohlcv-1m 2023-04-01..2023-05-01: $0.022153 339,808 B (1.21s)
[2026-09-23 21:13:30 PDT] [4257/4295] A MET ohlcv-1m 2023-06-01..2023-07-01: $0.014300 219,352 B (1.21s)
[2026-09-23 21:13:30 PDT] [4258/4295] A MET ohlcv-1m 2023-07-01..2023-08-01: $0.012310 188,832 B (1.76s)
[2026-09-23 21:13:31 PDT] [4259/4295] A MET ohlcv-1m 2022-10-01..2022-11-01: $0.021521 330,120 B (8.44s)
[2026-09-23 21:13:32 PDT] [4260/4295] A MET ohlcv-1m 2023-05-01..2023-06-01: $0.017148 263,032 B (4.38s)
[2026-09-23 21:13:33 PDT] [4261/4295] A MET ohlcv-1m 2023-08-01..2023-09-01: $0.010332 158,480 B (2.96s)
[2026-09-23 21:13:33 PDT] [4262/4295] A MET ohlcv-1m 2023-10-01..2023-11-01: $0.013785 211,456 B (2.07s)
[2026-09-23 21:13:34 PDT] [4263/4295] A MET ohlcv-1m 2023-12-01..2024-01-01: $0.024073 369,264 B (1.77s)
[2026-09-23 21:13:35 PDT] [4264/4295] A MET ohlcv-1m 2023-11-01..2023-12-01: $0.020419 313,208 B (3.14s)
[2026-09-23 21:13:35 PDT] [4265/4295] A MET ohlcv-1m 2024-01-01..2024-02-01: $0.030356 465,640 B (2.86s)
[2026-09-23 21:13:36 PDT] [4266/4295] A MET ohlcv-1m 2024-02-01..2024-03-01: $0.032748 502,320 B (1.67s)
[2026-09-23 21:13:37 PDT] [4267/4295] A MET ohlcv-1m 2024-05-01..2024-06-01: $0.055295 848,176 B (0.85s)
[2026-09-23 21:13:37 PDT] [4268/4295] A MET ohlcv-1m 2024-03-01..2024-04-01: $0.050983 782,040 B (2.18s)
[2026-09-23 21:13:37 PDT] [4269/4295] A MET ohlcv-1m 2023-09-01..2023-10-01: $0.007940 121,800 B (7.05s)
[2026-09-23 21:13:38 PDT] [4270/4295] A MET ohlcv-1m 2024-07-01..2024-08-01: $0.064670 991,984 B (0.83s)
[2026-09-23 21:13:39 PDT] [4271/4295] A MET ohlcv-1m 2024-09-01..2024-10-01: $0.054590 837,368 B (1.05s)
[2026-09-23 21:13:40 PDT] [4272/4295] A MET ohlcv-1m 2024-04-01..2024-05-01: $0.051750 793,800 B (4.07s)
[2026-09-23 21:13:40 PDT] [4273/4295] A MET ohlcv-1m 2024-06-01..2024-07-01: $0.048103 737,856 B (3.32s)
[2026-09-23 21:13:41 PDT] [4274/4295] A MET ohlcv-1m 2024-08-01..2024-09-01: $0.065747 1,008,504 B (3.77s)
[2026-09-23 21:13:44 PDT] [4275/4295] A MET ohlcv-1m 2024-10-01..2024-11-01: $0.064148 983,976 B (4.76s)
[2026-09-23 21:13:44 PDT] [4276/4295] A MET ohlcv-1m 2025-01-01..2025-02-01: $0.074772 1,146,936 B (2.73s)
[2026-09-23 21:13:45 PDT] [4277/4295] A MET ohlcv-1m 2024-12-01..2025-01-01: $0.084194 1,291,472 B (4.83s)
[2026-09-23 21:13:46 PDT] [4278/4295] A MET ohlcv-1m 2025-03-01..2025-04-01: $0.077364 1,186,696 B (1.79s)
[2026-09-23 21:13:46 PDT] [4279/4295] A MET ohlcv-1m 2024-11-01..2024-12-01: $0.075918 1,164,520 B (6.38s)
[2026-09-23 21:13:47 PDT] [4280/4295] A MET ohlcv-1m 2025-04-01..2025-05-01: $0.069814 1,070,888 B (1.59s)
[2026-09-23 21:13:48 PDT] [4281/4295] A MET ohlcv-1m 2025-07-01..2025-08-01: $0.093325 1,431,528 B (1.01s)
[2026-09-23 21:13:48 PDT] [4282/4295] A MET ohlcv-1m 2025-02-01..2025-03-01: $0.074932 1,149,400 B (4.60s)
[2026-09-23 21:13:49 PDT] [4283/4295] A MET ohlcv-1m 2025-05-01..2025-06-01: $0.082139 1,259,944 B (3.08s)
[2026-09-23 21:13:49 PDT] [4284/4295] A MET ohlcv-1m 2025-06-01..2025-07-01: $0.076214 1,169,056 B (2.80s)
[2026-09-23 21:13:49 PDT] [4285/4295] A MET ohlcv-1m 2025-09-01..2025-10-01: $0.096731 1,483,776 B (1.01s)
[2026-09-23 21:13:50 PDT] [4286/4295] A MET ohlcv-1m 2025-10-01..2025-11-01: $0.102824 1,577,240 B (1.25s)
[2026-09-23 21:13:50 PDT] [4287/4295] A MET ohlcv-1m 2025-12-01..2026-01-01: $0.088053 1,350,664 B (1.10s)
[2026-09-23 21:13:51 PDT] [4288/4295] A MET ohlcv-1m 2025-11-01..2025-12-01: $0.088287 1,354,248 B (1.84s)
[2026-09-23 21:13:52 PDT] [4289/4295] A MET ohlcv-1m 2026-01-01..2026-02-01: $0.078485 1,203,888 B (2.00s)
[2026-09-23 21:13:52 PDT] [4290/4295] A MET ohlcv-1m 2026-02-01..2026-03-01: $0.070230 1,077,272 B (1.69s)
[2026-09-23 21:13:53 PDT] [4291/4295] A MET ohlcv-1m 2026-03-01..2026-04-01: $0.074228 1,138,592 B (2.68s)
[2026-09-23 21:13:55 PDT] [4292/4295] A MET ohlcv-1m 2025-08-01..2025-09-01: $0.096414 1,478,904 B (7.44s)
[2026-09-23 21:13:55 PDT] [4293/4295] A MET ohlcv-1m 2026-05-01..2026-06-01: $0.056960 873,712 B (2.99s)
[2026-09-23 21:13:56 PDT] [4294/4295] A MET ohlcv-1m 2026-04-01..2026-05-01: $0.065959 1,011,752 B (4.13s)
[2026-09-23 21:13:56 PDT] [4295/4295] A MET ohlcv-1m 2026-06-01..2026-06-21: $0.048274 740,488 B (3.09s)
[2026-09-23 21:13:56 PDT] set B: 500 planned requests
[2026-09-23 21:13:56 PDT] 500 to quote, 0 already quoted (skipped)
[2026-09-23 21:13:58 PDT] [1/500] B ES tbbo 2025-08-12T22:00:00Z..2025-08-13T21:00:00Z: $0.666886 25,573,680 B (1.46s)
[2026-09-23 21:13:58 PDT] [2/500] B ES tbbo 2025-05-13T22:00:00Z..2025-05-14T21:00:00Z: $0.844629 32,389,760 B (1.52s)
[2026-09-23 21:13:58 PDT] [3/500] B ES mbp-1 2025-08-12T22:00:00Z..2025-08-13T21:00:00Z: $0.599891 357,848,880 B (1.89s)
[2026-09-23 21:13:59 PDT] [4/500] B ES mbp-1 2025-11-11T23:00:00Z..2025-11-12T22:00:00Z: $1.338990 798,738,560 B (1.61s)
[2026-09-23 21:14:00 PDT] [5/500] B ES tbbo 2025-11-11T23:00:00Z..2025-11-12T22:00:00Z: $0.945211 36,246,880 B (1.61s)
[2026-09-23 21:14:00 PDT] [6/500] B ES mbp-1 2025-05-13T22:00:00Z..2025-05-14T21:00:00Z: $0.805032 480,220,080 B (3.35s)
[2026-09-23 21:14:00 PDT] [7/500] B ES mbp-1 2026-02-10T23:00:00Z..2026-02-11T22:00:00Z: $1.632651 973,914,240 B (1.52s)
[2026-09-23 21:14:01 PDT] [8/500] B ES tbbo 2026-02-10T23:00:00Z..2026-02-11T22:00:00Z: $1.108416 42,505,440 B (1.10s)
[2026-09-23 21:14:01 PDT] [9/500] B NQ mbp-1 2025-05-13T22:00:00Z..2025-05-14T21:00:00Z: $0.896154 534,576,400 B (1.12s)
[2026-09-23 21:14:01 PDT] [10/500] B ES mbp-1 2026-04-14T22:00:00Z..2026-04-15T21:00:00Z: $1.060800 632,791,600 B (1.72s)
[2026-09-23 21:14:03 PDT] [11/500] B NQ tbbo 2025-05-13T22:00:00Z..2025-05-14T21:00:00Z: $0.713864 27,375,200 B (2.37s)
[2026-09-23 21:14:04 PDT] [12/500] B NQ tbbo 2025-08-12T22:00:00Z..2025-08-13T21:00:00Z: $0.603652 23,148,800 B (2.77s)
[2026-09-23 21:14:05 PDT] [13/500] B NQ mbp-1 2025-08-12T22:00:00Z..2025-08-13T21:00:00Z: $0.726312 433,261,760 B (4.48s)
[2026-09-23 21:14:05 PDT] [14/500] B ES tbbo 2026-04-14T22:00:00Z..2026-04-15T21:00:00Z: $0.849062 32,559,760 B (5.74s)
[2026-09-23 21:14:06 PDT] [15/500] B NQ tbbo 2025-11-11T23:00:00Z..2025-11-12T22:00:00Z: $0.806287 30,919,440 B (1.59s)
[2026-09-23 21:14:07 PDT] [16/500] B NQ mbp-1 2026-04-14T22:00:00Z..2026-04-15T21:00:00Z: $1.079566 643,986,400 B (1.74s)
[2026-09-23 21:14:09 PDT] [17/500] B NQ tbbo 2026-02-10T23:00:00Z..2026-02-11T22:00:00Z: $0.764214 29,306,000 B (3.44s)
[2026-09-23 21:14:09 PDT] [18/500] B NQ mbp-1 2025-11-11T23:00:00Z..2025-11-12T22:00:00Z: $1.714923 1,022,991,680 B (6.04s)
[2026-09-23 21:14:11 PDT] [19/500] B RTY tbbo 2025-05-13T22:00:00Z..2025-05-14T21:00:00Z: $0.173272 6,644,640 B (1.59s)
[2026-09-23 21:14:11 PDT] [20/500] B NQ tbbo 2026-04-14T22:00:00Z..2026-04-15T21:00:00Z: $0.694755 26,642,400 B (3.29s)
[2026-09-23 21:14:11 PDT] [21/500] B RTY mbp-1 2025-05-13T22:00:00Z..2025-05-14T21:00:00Z: $0.354040 211,192,800 B (1.99s)
[2026-09-23 21:14:12 PDT] [22/500] B RTY tbbo 2025-08-12T22:00:00Z..2025-08-13T21:00:00Z: $0.218678 8,385,840 B (1.15s)
[2026-09-23 21:14:12 PDT] [23/500] B RTY mbp-1 2025-08-12T22:00:00Z..2025-08-13T21:00:00Z: $0.304722 181,773,520 B (1.89s)
[2026-09-23 21:14:13 PDT] [24/500] B NQ mbp-1 2026-02-10T23:00:00Z..2026-02-11T22:00:00Z: $1.507577 899,304,640 B (7.89s)
[2026-09-23 21:14:14 PDT] [25/500] B RTY mbp-1 2026-02-10T23:00:00Z..2026-02-11T22:00:00Z: $0.465988 277,972,880 B (1.86s)
[2026-09-23 21:14:15 PDT] [26/500] B RTY tbbo 2025-11-11T23:00:00Z..2025-11-12T22:00:00Z: $0.179122 6,868,960 B (3.66s)
[2026-09-23 21:14:16 PDT] [27/500] B RTY mbp-1 2025-11-11T23:00:00Z..2025-11-12T22:00:00Z: $0.468571 279,513,760 B (4.60s)
[2026-09-23 21:14:16 PDT] [28/500] B RTY mbp-1 2026-04-14T22:00:00Z..2026-04-15T21:00:00Z: $0.269243 160,609,760 B (1.26s)
[2026-09-23 21:14:17 PDT] [29/500] B RTY tbbo 2026-04-14T22:00:00Z..2026-04-15T21:00:00Z: $0.151359 5,804,320 B (1.97s)
[2026-09-23 21:14:18 PDT] [30/500] B YM tbbo 2025-05-13T22:00:00Z..2025-05-14T21:00:00Z: $0.092208 3,536,000 B (2.25s)
[2026-09-23 21:14:18 PDT] [31/500] B YM mbp-1 2025-05-13T22:00:00Z..2025-05-14T21:00:00Z: $0.254935 152,074,400 B (2.41s)
[2026-09-23 21:14:19 PDT] [32/500] B YM mbp-1 2025-08-12T22:00:00Z..2025-08-13T21:00:00Z: $0.232313 138,580,320 B (1.11s)
[2026-09-23 21:14:19 PDT] [33/500] B YM mbp-1 2025-11-11T23:00:00Z..2025-11-12T22:00:00Z: $0.336704 200,851,520 B (1.32s)
[2026-09-23 21:14:21 PDT] [34/500] B YM tbbo 2025-08-12T22:00:00Z..2025-08-13T21:00:00Z: $0.116174 4,455,040 B (3.23s)
[2026-09-23 21:14:22 PDT] [35/500] B YM tbbo 2025-11-11T23:00:00Z..2025-11-12T22:00:00Z: $0.134787 5,168,800 B (3.22s)
[2026-09-23 21:14:23 PDT] [36/500] B YM tbbo 2026-02-10T23:00:00Z..2026-02-11T22:00:00Z: $0.168583 6,464,800 B (1.99s)
[2026-09-23 21:14:24 PDT] [37/500] B YM mbp-1 2026-04-14T22:00:00Z..2026-04-15T21:00:00Z: $0.211341 126,069,920 B (2.63s)
[2026-09-23 21:14:25 PDT] [38/500] B RTY tbbo 2026-02-10T23:00:00Z..2026-02-11T22:00:00Z: $0.236784 9,080,160 B (11.40s)
[2026-09-23 21:14:25 PDT] [39/500] B YM tbbo 2026-04-14T22:00:00Z..2026-04-15T21:00:00Z: $0.121928 4,675,680 B (1.89s)
[2026-09-23 21:14:26 PDT] [40/500] B MNQ tbbo 2025-05-13T22:00:00Z..2025-05-14T21:00:00Z: $1.689810 64,800,720 B (1.33s)
[2026-09-23 21:14:26 PDT] [41/500] B MNQ mbp-1 2025-05-13T22:00:00Z..2025-05-14T21:00:00Z: $2.040343 1,217,112,160 B (1.90s)
[2026-09-23 21:14:28 PDT] [42/500] B MNQ tbbo 2025-08-12T22:00:00Z..2025-08-13T21:00:00Z: $1.183050 45,367,520 B (2.13s)
[2026-09-23 21:14:29 PDT] [43/500] B MNQ mbp-1 2025-11-11T23:00:00Z..2025-11-12T22:00:00Z: $3.406275 2,031,922,400 B (2.34s)
[2026-09-23 21:14:29 PDT] [44/500] B MNQ mbp-1 2025-08-12T22:00:00Z..2025-08-13T21:00:00Z: $1.622634 967,939,040 B (4.07s)
[2026-09-23 21:14:31 PDT] [45/500] B YM mbp-1 2026-02-10T23:00:00Z..2026-02-11T22:00:00Z: $0.475601 283,706,880 B (11.50s)
[2026-09-23 21:14:31 PDT] [46/500] B MNQ tbbo 2025-11-11T23:00:00Z..2025-11-12T22:00:00Z: $1.813261 69,534,800 B (2.74s)
[2026-09-23 21:14:31 PDT] [47/500] B MNQ tbbo 2026-02-10T23:00:00Z..2026-02-11T22:00:00Z: $2.271478 87,106,480 B (2.48s)
[2026-09-23 21:14:32 PDT] [48/500] B MNQ tbbo 2026-04-14T22:00:00Z..2026-04-15T21:00:00Z: $1.667151 63,931,760 B (1.44s)
[2026-09-23 21:14:33 PDT] [49/500] B M2K tbbo 2025-05-13T22:00:00Z..2025-05-14T21:00:00Z: $0.061145 2,344,800 B (1.08s)
[2026-09-23 21:14:34 PDT] [50/500] B M2K mbp-1 2025-05-13T22:00:00Z..2025-05-14T21:00:00Z: $0.184656 110,151,440 B (2.75s)
[2026-09-23 21:14:35 PDT] [51/500] B MNQ mbp-1 2026-04-14T22:00:00Z..2026-04-15T21:00:00Z: $2.247100 1,340,447,360 B (4.53s)
[2026-09-23 21:14:36 PDT] [52/500] B M2K tbbo 2025-08-12T22:00:00Z..2025-08-13T21:00:00Z: $0.079696 3,056,160 B (1.35s)
[2026-09-23 21:14:37 PDT] [53/500] B M2K mbp-1 2025-08-12T22:00:00Z..2025-08-13T21:00:00Z: $0.157740 94,095,520 B (3.93s)
[2026-09-23 21:14:38 PDT] [54/500] B MNQ mbp-1 2026-02-10T23:00:00Z..2026-02-11T22:00:00Z: $4.140457 2,469,878,880 B (9.65s)
[2026-09-23 21:14:40 PDT] [55/500] B M2K mbp-1 2025-11-11T23:00:00Z..2025-11-12T22:00:00Z: $0.276009 164,646,000 B (4.24s)
[2026-09-23 21:14:40 PDT] [56/500] B M2K tbbo 2026-02-10T23:00:00Z..2026-02-11T22:00:00Z: $0.171871 6,590,880 B (1.34s)
[2026-09-23 21:14:40 PDT] [57/500] B M2K mbp-1 2026-02-10T23:00:00Z..2026-02-11T22:00:00Z: $0.503866 300,567,920 B (2.76s)
[2026-09-23 21:14:42 PDT] [58/500] B M2K tbbo 2026-04-14T22:00:00Z..2026-04-15T21:00:00Z: $0.093199 3,574,000 B (2.03s)
[2026-09-23 21:14:42 PDT] [59/500] B MYM mbp-1 2025-05-13T22:00:00Z..2025-05-14T21:00:00Z: $0.412178 245,873,600 B (1.62s)
[2026-09-23 21:14:43 PDT] [60/500] B M2K mbp-1 2026-04-14T22:00:00Z..2026-04-15T21:00:00Z: $0.214368 127,875,520 B (3.53s)
[2026-09-23 21:14:43 PDT] [61/500] B MYM mbp-1 2025-08-12T22:00:00Z..2025-08-13T21:00:00Z: $0.277903 165,775,440 B (1.55s)
[2026-09-23 21:14:44 PDT] [62/500] B MYM tbbo 2025-05-13T22:00:00Z..2025-05-14T21:00:00Z: $0.126624 4,855,760 B (2.68s)
[2026-09-23 21:14:45 PDT] [63/500] B MYM tbbo 2025-08-12T22:00:00Z..2025-08-13T21:00:00Z: $0.101961 3,910,000 B (1.47s)
[2026-09-23 21:14:45 PDT] [64/500] B MYM mbp-1 2025-11-11T23:00:00Z..2025-11-12T22:00:00Z: $0.553012 329,884,400 B (1.30s)
[2026-09-23 21:14:46 PDT] [65/500] B MYM tbbo 2026-02-10T23:00:00Z..2026-02-11T22:00:00Z: $0.217307 8,333,280 B (1.21s)
[2026-09-23 21:14:46 PDT] [66/500] B MYM tbbo 2025-11-11T23:00:00Z..2025-11-12T22:00:00Z: $0.130089 4,988,640 B (1.55s)
[2026-09-23 21:14:47 PDT] [67/500] B MYM mbp-1 2026-02-10T23:00:00Z..2026-02-11T22:00:00Z: $0.862134 514,283,040 B (2.52s)
[2026-09-23 21:14:48 PDT] [68/500] B M2K tbbo 2025-11-11T23:00:00Z..2025-11-12T22:00:00Z: $0.078225 2,999,760 B (12.72s)
[2026-09-23 21:14:49 PDT] [69/500] B MYM mbp-1 2026-04-14T22:00:00Z..2026-04-15T21:00:00Z: $0.393014 234,442,240 B (2.76s)
[2026-09-23 21:14:49 PDT] [70/500] B MYM tbbo 2026-04-14T22:00:00Z..2026-04-15T21:00:00Z: $0.158071 6,061,680 B (2.86s)
[2026-09-23 21:14:50 PDT] [71/500] B NKD tbbo 2025-05-13T22:00:00Z..2025-05-14T21:00:00Z: $0.005078 194,720 B (1.31s)
[2026-09-23 21:14:50 PDT] [72/500] B NKD mbp-1 2025-05-13T22:00:00Z..2025-05-14T21:00:00Z: $0.032725 19,520,960 B (2.64s)
[2026-09-23 21:14:50 PDT] [73/500] B NKD mbp-1 2025-08-12T22:00:00Z..2025-08-13T21:00:00Z: $0.027435 16,365,520 B (1.52s)
[2026-09-23 21:14:51 PDT] [74/500] B NKD tbbo 2025-08-12T22:00:00Z..2025-08-13T21:00:00Z: $0.005539 212,400 B (2.25s)
[2026-09-23 21:14:51 PDT] [75/500] B NKD mbp-1 2026-02-10T23:00:00Z..2026-02-11T22:00:00Z: $0.038030 22,685,840 B (1.21s)
[2026-09-23 21:14:52 PDT] [76/500] B NKD mbp-1 2025-11-11T23:00:00Z..2025-11-12T22:00:00Z: $0.043925 26,202,080 B (2.15s)
[2026-09-23 21:14:52 PDT] [77/500] B NKD tbbo 2025-11-11T23:00:00Z..2025-11-12T22:00:00Z: $0.005046 193,520 B (2.80s)
[2026-09-23 21:14:53 PDT] [78/500] B NKD tbbo 2026-02-10T23:00:00Z..2026-02-11T22:00:00Z: $0.007093 272,000 B (2.19s)
[2026-09-23 21:14:54 PDT] [79/500] B NKD mbp-1 2026-04-14T22:00:00Z..2026-04-15T21:00:00Z: $0.021796 13,002,080 B (2.30s)
[2026-09-23 21:14:54 PDT] [80/500] B ZT mbp-1 2025-05-13T22:00:00Z..2025-05-14T21:00:00Z: $0.165442 98,690,240 B (1.42s)
[2026-09-23 21:14:55 PDT] [81/500] B NKD tbbo 2026-04-14T22:00:00Z..2026-04-15T21:00:00Z: $0.006636 254,480 B (3.11s)
[2026-09-23 21:14:55 PDT] [82/500] B ZT tbbo 2025-05-13T22:00:00Z..2025-05-14T21:00:00Z: $0.063184 2,422,960 B (1.73s)
[2026-09-23 21:14:56 PDT] [83/500] B ZT mbp-1 2025-08-12T22:00:00Z..2025-08-13T21:00:00Z: $0.121767 72,636,720 B (2.60s)
[2026-09-23 21:14:57 PDT] [84/500] B ZT tbbo 2025-08-12T22:00:00Z..2025-08-13T21:00:00Z: $0.043465 1,666,800 B (2.93s)
[2026-09-23 21:14:57 PDT] [85/500] B ZT mbp-1 2025-11-11T23:00:00Z..2025-11-12T22:00:00Z: $0.211258 126,020,400 B (2.29s)
[2026-09-23 21:14:57 PDT] [86/500] B ZT tbbo 2025-11-11T23:00:00Z..2025-11-12T22:00:00Z: $0.046119 1,768,560 B (2.56s)
[2026-09-23 21:14:58 PDT] [87/500] B ZT mbp-1 2026-02-10T23:00:00Z..2026-02-11T22:00:00Z: $0.313287 186,882,800 B (1.84s)
[2026-09-23 21:14:58 PDT] [88/500] B ZT tbbo 2026-02-10T23:00:00Z..2026-02-11T22:00:00Z: $0.083638 3,207,360 B (1.50s)
[2026-09-23 21:14:59 PDT] [89/500] B ZT mbp-1 2026-04-14T22:00:00Z..2026-04-15T21:00:00Z: $0.197844 118,018,720 B (2.04s)
[2026-09-23 21:14:59 PDT] [90/500] B ZF mbp-1 2025-05-13T22:00:00Z..2025-05-14T21:00:00Z: $0.236273 140,942,240 B (1.23s)
[2026-09-23 21:15:00 PDT] [91/500] B ZF tbbo 2025-08-12T22:00:00Z..2025-08-13T21:00:00Z: $0.112463 4,312,720 B (1.18s)
[2026-09-23 21:15:00 PDT] [92/500] B ZF mbp-1 2025-08-12T22:00:00Z..2025-08-13T21:00:00Z: $0.161289 96,212,480 B (1.30s)
[2026-09-23 21:15:01 PDT] [93/500] B ZF tbbo 2025-05-13T22:00:00Z..2025-05-14T21:00:00Z: $0.132332 5,074,640 B (2.78s)
[2026-09-23 21:15:02 PDT] [94/500] B ZF mbp-1 2025-11-11T23:00:00Z..2025-11-12T22:00:00Z: $0.190700 113,756,800 B (1.33s)
[2026-09-23 21:15:02 PDT] [95/500] B ZF mbp-1 2026-02-10T23:00:00Z..2026-02-11T22:00:00Z: $0.278029 165,851,040 B (1.31s)
[2026-09-23 21:15:03 PDT] [96/500] B ZF tbbo 2026-02-10T23:00:00Z..2026-02-11T22:00:00Z: $0.184064 7,058,480 B (1.67s)
[2026-09-23 21:15:03 PDT] [97/500] B ZT tbbo 2026-04-14T22:00:00Z..2026-04-15T21:00:00Z: $0.037833 1,450,800 B (6.00s)
[2026-09-23 21:15:04 PDT] [98/500] B ZF tbbo 2025-11-11T23:00:00Z..2025-11-12T22:00:00Z: $0.103453 3,967,200 B (3.06s)
[2026-09-23 21:15:05 PDT] [99/500] B ZF mbp-1 2026-04-14T22:00:00Z..2026-04-15T21:00:00Z: $0.206545 123,208,960 B (2.76s)
[2026-09-23 21:15:06 PDT] [100/500] B ZN tbbo 2025-05-13T22:00:00Z..2025-05-14T21:00:00Z: $0.179671 6,890,000 B (2.24s)
[2026-09-23 21:15:07 PDT] [101/500] B ZN mbp-1 2025-05-13T22:00:00Z..2025-05-14T21:00:00Z: $0.264748 157,928,560 B (3.74s)
[2026-09-23 21:15:09 PDT] [102/500] B ZN mbp-1 2025-08-12T22:00:00Z..2025-08-13T21:00:00Z: $0.179684 107,185,760 B (4.03s)
[2026-09-23 21:15:09 PDT] [103/500] B ZN mbp-1 2025-11-11T23:00:00Z..2025-11-12T22:00:00Z: $0.270829 161,556,080 B (2.17s)
[2026-09-23 21:15:11 PDT] [104/500] B ZN mbp-1 2026-02-10T23:00:00Z..2026-02-11T22:00:00Z: $0.356857 212,873,600 B (2.05s)
[2026-09-23 21:15:12 PDT] [105/500] B ZN tbbo 2025-11-11T23:00:00Z..2025-11-12T22:00:00Z: $0.167352 6,417,600 B (2.82s)
[2026-09-23 21:15:12 PDT] [106/500] B ZF tbbo 2026-04-14T22:00:00Z..2026-04-15T21:00:00Z: $0.104521 4,008,160 B (8.69s)
[2026-09-23 21:15:12 PDT] [107/500] B ZN tbbo 2025-08-12T22:00:00Z..2025-08-13T21:00:00Z: $0.142641 5,470,000 B (6.68s)
[2026-09-23 21:15:13 PDT] [108/500] B ZN mbp-1 2026-04-14T22:00:00Z..2026-04-15T21:00:00Z: $0.241576 144,105,920 B (1.45s)
[2026-09-23 21:15:14 PDT] [109/500] B ZN tbbo 2026-02-10T23:00:00Z..2026-02-11T22:00:00Z: $0.241868 9,275,120 B (2.10s)
[2026-09-23 21:15:15 PDT] [110/500] B TN tbbo 2025-05-13T22:00:00Z..2025-05-14T21:00:00Z: $0.084504 3,240,560 B (1.66s)
[2026-09-23 21:15:16 PDT] [111/500] B TN mbp-1 2025-08-12T22:00:00Z..2025-08-13T21:00:00Z: $0.103283 61,610,480 B (2.23s)
[2026-09-23 21:15:16 PDT] [112/500] B TN mbp-1 2025-05-13T22:00:00Z..2025-05-14T21:00:00Z: $0.156776 93,520,400 B (3.88s)
[2026-09-23 21:15:16 PDT] [113/500] B TN tbbo 2025-08-12T22:00:00Z..2025-08-13T21:00:00Z: $0.056151 2,153,280 B (1.35s)
[2026-09-23 21:15:17 PDT] [114/500] B ZN tbbo 2026-04-14T22:00:00Z..2026-04-15T21:00:00Z: $0.143244 5,493,120 B (5.08s)
[2026-09-23 21:15:18 PDT] [115/500] B TN mbp-1 2025-11-11T23:00:00Z..2025-11-12T22:00:00Z: $0.133667 79,735,600 B (1.78s)
[2026-09-23 21:15:18 PDT] [116/500] B TN tbbo 2025-11-11T23:00:00Z..2025-11-12T22:00:00Z: $0.067458 2,586,880 B (1.30s)
[2026-09-23 21:15:19 PDT] [117/500] B TN mbp-1 2026-04-14T22:00:00Z..2026-04-15T21:00:00Z: $0.134555 80,265,040 B (1.23s)
[2026-09-23 21:15:19 PDT] [118/500] B TN tbbo 2026-04-14T22:00:00Z..2026-04-15T21:00:00Z: $0.058773 2,253,840 B (1.56s)
[2026-09-23 21:15:20 PDT] [119/500] B TN tbbo 2026-02-10T23:00:00Z..2026-02-11T22:00:00Z: $0.111749 4,285,360 B (2.96s)
[2026-09-23 21:15:21 PDT] [120/500] B ZB mbp-1 2025-08-12T22:00:00Z..2025-08-13T21:00:00Z: $0.088870 53,012,800 B (1.07s)
[2026-09-23 21:15:22 PDT] [121/500] B ZB tbbo 2025-05-13T22:00:00Z..2025-05-14T21:00:00Z: $0.071812 2,753,840 B (2.39s)
[2026-09-23 21:15:22 PDT] [122/500] B TN mbp-1 2026-02-10T23:00:00Z..2026-02-11T22:00:00Z: $0.216020 128,860,880 B (5.73s)
[2026-09-23 21:15:23 PDT] [123/500] B ZB tbbo 2025-08-12T22:00:00Z..2025-08-13T21:00:00Z: $0.059527 2,282,720 B (1.52s)
[2026-09-23 21:15:24 PDT] [124/500] B ZB mbp-1 2026-02-10T23:00:00Z..2026-02-11T22:00:00Z: $0.180345 107,579,760 B (1.05s)
[2026-09-23 21:15:25 PDT] [125/500] B ZB mbp-1 2025-05-13T22:00:00Z..2025-05-14T21:00:00Z: $0.113131 67,485,200 B (6.29s)
[2026-09-23 21:15:25 PDT] [126/500] B ZB tbbo 2025-11-11T23:00:00Z..2025-11-12T22:00:00Z: $0.063378 2,430,400 B (3.13s)
[2026-09-23 21:15:26 PDT] [127/500] B ZB tbbo 2026-02-10T23:00:00Z..2026-02-11T22:00:00Z: $0.105222 4,035,040 B (2.36s)
[2026-09-23 21:15:26 PDT] [128/500] B ZB tbbo 2026-04-14T22:00:00Z..2026-04-15T21:00:00Z: $0.052313 2,006,080 B (1.15s)
[2026-09-23 21:15:27 PDT] [129/500] B ZB mbp-1 2026-04-14T22:00:00Z..2026-04-15T21:00:00Z: $0.099193 59,170,880 B (1.55s)
[2026-09-23 21:15:28 PDT] [130/500] B UB mbp-1 2025-08-12T22:00:00Z..2025-08-13T21:00:00Z: $0.069432 41,417,680 B (1.10s)
[2026-09-23 21:15:29 PDT] [131/500] B ZB mbp-1 2025-11-11T23:00:00Z..2025-11-12T22:00:00Z: $0.119305 71,168,080 B (7.40s)
[2026-09-23 21:15:30 PDT] [132/500] B UB mbp-1 2025-11-11T23:00:00Z..2025-11-12T22:00:00Z: $0.108333 64,623,360 B (1.08s)
[2026-09-23 21:15:30 PDT] [133/500] B UB tbbo 2025-08-12T22:00:00Z..2025-08-13T21:00:00Z: $0.055114 2,113,520 B (2.43s)
[2026-09-23 21:15:30 PDT] [134/500] B UB tbbo 2025-05-13T22:00:00Z..2025-05-14T21:00:00Z: $0.069905 2,680,720 B (3.74s)
[2026-09-23 21:15:31 PDT] [135/500] B UB mbp-1 2025-05-13T22:00:00Z..2025-05-14T21:00:00Z: $0.106501 63,530,400 B (5.32s)
[2026-09-23 21:15:33 PDT] [136/500] B UB mbp-1 2026-02-10T23:00:00Z..2026-02-11T22:00:00Z: $0.142493 85,000,640 B (2.42s)
[2026-09-23 21:15:33 PDT] [137/500] B UB tbbo 2026-02-10T23:00:00Z..2026-02-11T22:00:00Z: $0.087811 3,367,360 B (2.42s)
[2026-09-23 21:15:34 PDT] [138/500] B UB tbbo 2026-04-14T22:00:00Z..2026-04-15T21:00:00Z: $0.052515 2,013,840 B (1.39s)
[2026-09-23 21:15:34 PDT] [139/500] B 6A mbp-1 2025-05-13T22:00:00Z..2025-05-14T21:00:00Z: $0.136989 81,717,040 B (1.56s)
[2026-09-23 21:15:34 PDT] [140/500] B UB mbp-1 2026-04-14T22:00:00Z..2026-04-15T21:00:00Z: $0.090612 54,052,240 B (2.80s)
[2026-09-23 21:15:35 PDT] [141/500] B 6A tbbo 2025-08-12T22:00:00Z..2025-08-13T21:00:00Z: $0.028026 1,074,720 B (1.13s)
[2026-09-23 21:15:36 PDT] [142/500] B 6A mbp-1 2025-08-12T22:00:00Z..2025-08-13T21:00:00Z: $0.073563 43,882,080 B (1.64s)
[2026-09-23 21:15:37 PDT] [143/500] B UB tbbo 2025-11-11T23:00:00Z..2025-11-12T22:00:00Z: $0.055938 2,145,120 B (6.70s)
[2026-09-23 21:15:37 PDT] [144/500] B 6A mbp-1 2025-11-11T23:00:00Z..2025-11-12T22:00:00Z: $0.094224 56,207,040 B (2.01s)
[2026-09-23 21:15:38 PDT] [145/500] B 6A tbbo 2025-05-13T22:00:00Z..2025-05-14T21:00:00Z: $0.054605 2,094,000 B (4.10s)
[2026-09-23 21:15:38 PDT] [146/500] B 6A mbp-1 2026-02-10T23:00:00Z..2026-02-11T22:00:00Z: $0.216770 129,308,240 B (1.65s)
[2026-09-23 21:15:39 PDT] [147/500] B 6A tbbo 2026-02-10T23:00:00Z..2026-02-11T22:00:00Z: $0.071121 2,727,360 B (1.37s)
[2026-09-23 21:15:39 PDT] [148/500] B 6A tbbo 2025-11-11T23:00:00Z..2025-11-12T22:00:00Z: $0.028147 1,079,360 B (3.61s)
[2026-09-23 21:15:42 PDT] [149/500] B 6B mbp-1 2025-05-13T22:00:00Z..2025-05-14T21:00:00Z: $0.119956 71,556,800 B (2.72s)
[2026-09-23 21:15:43 PDT] [150/500] B 6B tbbo 2025-05-13T22:00:00Z..2025-05-14T21:00:00Z: $0.041252 1,581,920 B (3.16s)
[2026-09-23 21:15:43 PDT] [151/500] B 6B mbp-1 2025-08-12T22:00:00Z..2025-08-13T21:00:00Z: $0.053761 32,069,760 B (1.23s)
[2026-09-23 21:15:45 PDT] [152/500] B 6B tbbo 2025-08-12T22:00:00Z..2025-08-13T21:00:00Z: $0.022445 860,720 B (2.14s)
[2026-09-23 21:15:45 PDT] [153/500] B 6A tbbo 2026-04-14T22:00:00Z..2026-04-15T21:00:00Z: $0.040188 1,541,120 B (6.73s)
[2026-09-23 21:15:46 PDT] [154/500] B 6B tbbo 2025-11-11T23:00:00Z..2025-11-12T22:00:00Z: $0.029876 1,145,680 B (1.23s)
[2026-09-23 21:15:48 PDT] [155/500] B 6A mbp-1 2026-04-14T22:00:00Z..2026-04-15T21:00:00Z: $0.135286 80,701,440 B (10.14s)
[2026-09-23 21:15:49 PDT] [156/500] B 6B mbp-1 2026-02-10T23:00:00Z..2026-02-11T22:00:00Z: $0.116501 69,495,520 B (4.00s)
[2026-09-23 21:15:50 PDT] [157/500] B 6B mbp-1 2025-11-11T23:00:00Z..2025-11-12T22:00:00Z: $0.063796 38,056,000 B (7.54s)
[2026-09-23 21:15:51 PDT] [158/500] B 6B tbbo 2026-04-14T22:00:00Z..2026-04-15T21:00:00Z: $0.027343 1,048,560 B (1.86s)
[2026-09-23 21:15:51 PDT] [159/500] B 6B mbp-1 2026-04-14T22:00:00Z..2026-04-15T21:00:00Z: $0.086715 51,727,600 B (2.98s)
[2026-09-23 21:15:52 PDT] [160/500] B 6B tbbo 2026-02-10T23:00:00Z..2026-02-11T22:00:00Z: $0.040424 1,550,160 B (5.59s)
[2026-09-23 21:15:54 PDT] [161/500] B 6C tbbo 2025-05-13T22:00:00Z..2025-05-14T21:00:00Z: $0.029484 1,130,640 B (2.65s)
[2026-09-23 21:15:55 PDT] [162/500] B 6C tbbo 2025-08-12T22:00:00Z..2025-08-13T21:00:00Z: $0.018984 728,000 B (3.45s)
[2026-09-23 21:15:56 PDT] [163/500] B 6C mbp-1 2025-08-12T22:00:00Z..2025-08-13T21:00:00Z: $0.033812 20,169,360 B (4.82s)
[2026-09-23 21:15:56 PDT] [164/500] B 6C mbp-1 2025-05-13T22:00:00Z..2025-05-14T21:00:00Z: $0.060364 36,008,800 B (5.93s)
[2026-09-23 21:15:56 PDT] [165/500] B 6C tbbo 2025-11-11T23:00:00Z..2025-11-12T22:00:00Z: $0.018638 714,720 B (1.37s)
[2026-09-23 21:15:57 PDT] [166/500] B 6C mbp-1 2025-11-11T23:00:00Z..2025-11-12T22:00:00Z: $0.038328 22,863,680 B (3.61s)
[2026-09-23 21:15:57 PDT] [167/500] B 6C mbp-1 2026-02-10T23:00:00Z..2026-02-11T22:00:00Z: $0.092650 55,267,680 B (1.34s)
[2026-09-23 21:15:59 PDT] [168/500] B 6C tbbo 2026-02-10T23:00:00Z..2026-02-11T22:00:00Z: $0.038490 1,476,000 B (3.00s)
[2026-09-23 21:16:02 PDT] [169/500] B 6E mbp-1 2025-05-13T22:00:00Z..2025-05-14T21:00:00Z: $0.235005 140,185,840 B (4.60s)
[2026-09-23 21:16:02 PDT] [170/500] B 6E tbbo 2025-05-13T22:00:00Z..2025-05-14T21:00:00Z: $0.138454 5,309,440 B (2.89s)
[2026-09-23 21:16:05 PDT] [171/500] B 6C tbbo 2026-04-14T22:00:00Z..2026-04-15T21:00:00Z: $0.019184 735,680 B (8.21s)
[2026-09-23 21:16:07 PDT] [172/500] B 6C mbp-1 2026-04-14T22:00:00Z..2026-04-15T21:00:00Z: $0.044192 26,361,360 B (10.64s)
[2026-09-23 21:16:08 PDT] [173/500] B 6E mbp-1 2025-11-11T23:00:00Z..2025-11-12T22:00:00Z: $0.122494 73,070,640 B (2.16s)
[2026-09-23 21:16:08 PDT] [174/500] B 6E tbbo 2025-08-12T22:00:00Z..2025-08-13T21:00:00Z: $0.065810 2,523,680 B (5.75s)
[2026-09-23 21:16:09 PDT] [175/500] B 6E mbp-1 2025-08-12T22:00:00Z..2025-08-13T21:00:00Z: $0.109998 65,616,560 B (7.07s)
[2026-09-23 21:16:09 PDT] [176/500] B 6E tbbo 2026-02-10T23:00:00Z..2026-02-11T22:00:00Z: $0.105885 4,060,480 B (1.59s)
[2026-09-23 21:16:12 PDT] [177/500] B 6E tbbo 2026-04-14T22:00:00Z..2026-04-15T21:00:00Z: $0.061863 2,372,320 B (2.17s)
[2026-09-23 21:16:13 PDT] [178/500] B 6E tbbo 2025-11-11T23:00:00Z..2025-11-12T22:00:00Z: $0.052427 2,010,480 B (5.83s)
[2026-09-23 21:16:14 PDT] [179/500] B 6E mbp-1 2026-04-14T22:00:00Z..2026-04-15T21:00:00Z: $0.146584 87,441,040 B (4.83s)
[2026-09-23 21:16:14 PDT] [180/500] B 6E mbp-1 2026-02-10T23:00:00Z..2026-02-11T22:00:00Z: $0.247084 147,391,600 B (6.29s)
[2026-09-23 21:16:14 PDT] [181/500] B 6J tbbo 2025-05-13T22:00:00Z..2025-05-14T21:00:00Z: $0.098847 3,790,560 B (1.47s)
[2026-09-23 21:16:15 PDT] [182/500] B 6J tbbo 2025-08-12T22:00:00Z..2025-08-13T21:00:00Z: $0.045080 1,728,720 B (1.11s)
[2026-09-23 21:16:15 PDT] [183/500] B 6J mbp-1 2025-05-13T22:00:00Z..2025-05-14T21:00:00Z: $0.234424 139,839,120 B (3.52s)
[2026-09-23 21:16:16 PDT] [184/500] B 6J mbp-1 2025-11-11T23:00:00Z..2025-11-12T22:00:00Z: $0.119251 71,136,240 B (1.39s)
[2026-09-23 21:16:16 PDT] [185/500] B 6J tbbo 2025-11-11T23:00:00Z..2025-11-12T22:00:00Z: $0.050965 1,954,400 B (1.19s)
[2026-09-23 21:16:16 PDT] [186/500] B 6J mbp-1 2026-02-10T23:00:00Z..2026-02-11T22:00:00Z: $0.248214 148,065,200 B (1.22s)
[2026-09-23 21:16:17 PDT] [187/500] B 6J mbp-1 2026-04-14T22:00:00Z..2026-04-15T21:00:00Z: $0.087988 52,486,640 B (1.19s)
[2026-09-23 21:16:18 PDT] [188/500] B 6J tbbo 2026-02-10T23:00:00Z..2026-02-11T22:00:00Z: $0.129213 4,955,040 B (2.71s)
[2026-09-23 21:16:19 PDT] [189/500] B 6J mbp-1 2025-08-12T22:00:00Z..2025-08-13T21:00:00Z: $0.105723 63,066,400 B (4.78s)
[2026-09-23 21:16:19 PDT] [190/500] B 6S mbp-1 2025-05-13T22:00:00Z..2025-05-14T21:00:00Z: $0.046103 27,501,280 B (1.75s)
[2026-09-23 21:16:21 PDT] [191/500] B 6S tbbo 2025-08-12T22:00:00Z..2025-08-13T21:00:00Z: $0.017282 662,720 B (2.22s)
[2026-09-23 21:16:22 PDT] [192/500] B 6S mbp-1 2025-08-12T22:00:00Z..2025-08-13T21:00:00Z: $0.025244 15,058,720 B (2.94s)
[2026-09-23 21:16:23 PDT] [193/500] B 6J tbbo 2026-04-14T22:00:00Z..2026-04-15T21:00:00Z: $0.039981 1,533,200 B (7.07s)
[2026-09-23 21:16:24 PDT] [194/500] B 6S mbp-1 2025-11-11T23:00:00Z..2025-11-12T22:00:00Z: $0.034064 20,320,160 B (2.41s)
[2026-09-23 21:16:25 PDT] [195/500] B 6S tbbo 2025-11-11T23:00:00Z..2025-11-12T22:00:00Z: $0.020140 772,320 B (3.01s)
[2026-09-23 21:16:27 PDT] [196/500] B 6S tbbo 2025-05-13T22:00:00Z..2025-05-14T21:00:00Z: $0.028893 1,108,000 B (8.59s)
[2026-09-23 21:16:27 PDT] [197/500] B 6S mbp-1 2026-04-14T22:00:00Z..2026-04-15T21:00:00Z: $0.041181 24,565,440 B (2.70s)
[2026-09-23 21:16:28 PDT] [198/500] B 6S mbp-1 2026-02-10T23:00:00Z..2026-02-11T22:00:00Z: $0.057906 34,542,400 B (4.19s)
[2026-09-23 21:16:28 PDT] [199/500] B 6S tbbo 2026-02-10T23:00:00Z..2026-02-11T22:00:00Z: $0.030491 1,169,280 B (4.41s)
[2026-09-23 21:16:30 PDT] [200/500] B 6M tbbo 2025-05-13T22:00:00Z..2025-05-14T21:00:00Z: $0.013737 526,800 B (2.67s)
[2026-09-23 21:16:31 PDT] [201/500] B 6S tbbo 2026-04-14T22:00:00Z..2026-04-15T21:00:00Z: $0.020522 786,960 B (3.72s)
[2026-09-23 21:16:33 PDT] [202/500] B 6M mbp-1 2025-08-12T22:00:00Z..2025-08-13T21:00:00Z: $0.027593 16,459,680 B (4.39s)
[2026-09-23 21:16:33 PDT] [203/500] B 6M mbp-1 2025-11-11T23:00:00Z..2025-11-12T22:00:00Z: $0.022961 13,696,800 B (1.94s)
[2026-09-23 21:16:34 PDT] [204/500] B 6M mbp-1 2025-05-13T22:00:00Z..2025-05-14T21:00:00Z: $0.027002 16,107,600 B (6.91s)
[2026-09-23 21:16:34 PDT] [205/500] B 6M tbbo 2025-08-12T22:00:00Z..2025-08-13T21:00:00Z: $0.010692 410,000 B (4.11s)
[2026-09-23 21:16:35 PDT] [206/500] B 6M mbp-1 2026-02-10T23:00:00Z..2026-02-11T22:00:00Z: $0.071333 42,552,080 B (1.90s)
[2026-09-23 21:16:35 PDT] [207/500] B 6M tbbo 2025-11-11T23:00:00Z..2025-11-12T22:00:00Z: $0.008843 339,120 B (2.04s)
[2026-09-23 21:16:36 PDT] [208/500] B 6M tbbo 2026-04-14T22:00:00Z..2026-04-15T21:00:00Z: $0.014728 564,800 B (0.93s)
[2026-09-23 21:16:36 PDT] [209/500] B 6M mbp-1 2026-04-14T22:00:00Z..2026-04-15T21:00:00Z: $0.052332 31,217,040 B (1.81s)
[2026-09-23 21:16:37 PDT] [210/500] B 6N tbbo 2025-05-13T22:00:00Z..2025-05-14T21:00:00Z: $0.022207 851,600 B (1.01s)
[2026-09-23 21:16:37 PDT] [211/500] B 6N mbp-1 2025-05-13T22:00:00Z..2025-05-14T21:00:00Z: $0.066944 39,933,360 B (2.42s)
[2026-09-23 21:16:38 PDT] [212/500] B 6N tbbo 2025-08-12T22:00:00Z..2025-08-13T21:00:00Z: $0.013748 527,200 B (1.33s)
[2026-09-23 21:16:38 PDT] [213/500] B 6M tbbo 2026-02-10T23:00:00Z..2026-02-11T22:00:00Z: $0.019616 752,240 B (3.78s)
[2026-09-23 21:16:39 PDT] [214/500] B 6N mbp-1 2025-11-11T23:00:00Z..2025-11-12T22:00:00Z: $0.038203 22,789,040 B (1.61s)
[2026-09-23 21:16:39 PDT] [215/500] B 6N mbp-1 2025-08-12T22:00:00Z..2025-08-13T21:00:00Z: $0.043354 25,861,600 B (3.18s)
[2026-09-23 21:16:40 PDT] [216/500] B 6N tbbo 2026-02-10T23:00:00Z..2026-02-11T22:00:00Z: $0.024258 930,240 B (1.11s)
[2026-09-23 21:16:40 PDT] [217/500] B 6N tbbo 2025-11-11T23:00:00Z..2025-11-12T22:00:00Z: $0.010466 401,360 B (2.37s)
[2026-09-23 21:16:40 PDT] [218/500] B 6N mbp-1 2026-02-10T23:00:00Z..2026-02-11T22:00:00Z: $0.105654 63,025,200 B (2.37s)
[2026-09-23 21:16:41 PDT] [219/500] B 6N tbbo 2026-04-14T22:00:00Z..2026-04-15T21:00:00Z: $0.015306 586,960 B (1.47s)
[2026-09-23 21:16:41 PDT] [220/500] B 6N mbp-1 2026-04-14T22:00:00Z..2026-04-15T21:00:00Z: $0.065089 38,826,880 B (1.97s)
[2026-09-23 21:16:42 PDT] [221/500] B E7 mbp-1 2025-05-13T22:00:00Z..2025-05-14T21:00:00Z: $0.047343 28,241,360 B (1.70s)
[2026-09-23 21:16:43 PDT] [222/500] B E7 mbp-1 2025-11-11T23:00:00Z..2025-11-12T22:00:00Z: $0.017260 10,295,760 B (1.50s)
[2026-09-23 21:16:44 PDT] [223/500] B E7 tbbo 2025-08-12T22:00:00Z..2025-08-13T21:00:00Z: $0.002933 112,480 B (3.01s)
[2026-09-23 21:16:45 PDT] [224/500] B E7 tbbo 2025-11-11T23:00:00Z..2025-11-12T22:00:00Z: $0.002499 95,840 B (1.46s)
[2026-09-23 21:16:46 PDT] [225/500] B E7 tbbo 2026-02-10T23:00:00Z..2026-02-11T22:00:00Z: $0.006863 263,200 B (1.39s)
[2026-09-23 21:16:47 PDT] [226/500] B E7 tbbo 2025-05-13T22:00:00Z..2025-05-14T21:00:00Z: $0.006609 253,440 B (6.53s)
[2026-09-23 21:16:48 PDT] [227/500] B E7 mbp-1 2026-02-10T23:00:00Z..2026-02-11T22:00:00Z: $0.042244 25,199,760 B (3.25s)
[2026-09-23 21:16:48 PDT] [228/500] B E7 mbp-1 2026-04-14T22:00:00Z..2026-04-15T21:00:00Z: $0.029963 17,873,600 B (1.43s)
[2026-09-23 21:16:48 PDT] [229/500] B E7 mbp-1 2025-08-12T22:00:00Z..2025-08-13T21:00:00Z: $0.031600 18,850,400 B (6.80s)
[2026-09-23 21:16:48 PDT] [230/500] B E7 tbbo 2026-04-14T22:00:00Z..2026-04-15T21:00:00Z: $0.003786 145,200 B (1.35s)
[2026-09-23 21:16:49 PDT] [231/500] B M6E mbp-1 2025-05-13T22:00:00Z..2025-05-14T21:00:00Z: $0.095780 57,135,280 B (1.01s)
[2026-09-23 21:16:49 PDT] [232/500] B M6E tbbo 2025-05-13T22:00:00Z..2025-05-14T21:00:00Z: $0.037937 1,454,800 B (1.12s)
[2026-09-23 21:16:49 PDT] [233/500] B M6E mbp-1 2025-08-12T22:00:00Z..2025-08-13T21:00:00Z: $0.041088 24,509,680 B (1.26s)
[2026-09-23 21:16:50 PDT] [234/500] B M6E tbbo 2025-08-12T22:00:00Z..2025-08-13T21:00:00Z: $0.017453 669,280 B (2.10s)
[2026-09-23 21:16:51 PDT] [235/500] B M6E mbp-1 2026-02-10T23:00:00Z..2026-02-11T22:00:00Z: $0.069172 41,262,640 B (1.20s)
[2026-09-23 21:16:52 PDT] [236/500] B M6E mbp-1 2026-04-14T22:00:00Z..2026-04-15T21:00:00Z: $0.020943 12,493,120 B (1.23s)
[2026-09-23 21:16:52 PDT] [237/500] B M6E tbbo 2025-11-11T23:00:00Z..2025-11-12T22:00:00Z: $0.011403 437,280 B (3.51s)
[2026-09-23 21:16:53 PDT] [238/500] B M6E mbp-1 2025-11-11T23:00:00Z..2025-11-12T22:00:00Z: $0.029315 17,487,040 B (4.45s)
[2026-09-23 21:16:53 PDT] [239/500] B M6E tbbo 2026-04-14T22:00:00Z..2026-04-15T21:00:00Z: $0.012010 460,560 B (1.38s)
[2026-09-23 21:16:54 PDT] [240/500] B M6A mbp-1 2025-05-13T22:00:00Z..2025-05-14T21:00:00Z: $0.031475 18,775,760 B (1.15s)
[2026-09-23 21:16:55 PDT] [241/500] B M6A tbbo 2025-08-12T22:00:00Z..2025-08-13T21:00:00Z: $0.004164 159,680 B (1.30s)
[2026-09-23 21:16:55 PDT] [242/500] B M6A mbp-1 2025-08-12T22:00:00Z..2025-08-13T21:00:00Z: $0.013290 7,927,840 B (2.17s)
[2026-09-23 21:16:57 PDT] [243/500] B M6A mbp-1 2025-11-11T23:00:00Z..2025-11-12T22:00:00Z: $0.011786 7,030,800 B (1.71s)
[2026-09-23 21:16:57 PDT] [244/500] B M6A tbbo 2025-05-13T22:00:00Z..2025-05-14T21:00:00Z: $0.009150 350,880 B (3.66s)
[2026-09-23 21:16:57 PDT] [245/500] B M6A tbbo 2025-11-11T23:00:00Z..2025-11-12T22:00:00Z: $0.002747 105,360 B (1.51s)
[2026-09-23 21:16:58 PDT] [246/500] B M6A tbbo 2026-02-10T23:00:00Z..2026-02-11T22:00:00Z: $0.009150 350,880 B (1.58s)
[2026-09-23 21:16:59 PDT] [247/500] B M6A mbp-1 2026-02-10T23:00:00Z..2026-02-11T22:00:00Z: $0.036224 21,608,240 B (2.26s)
[2026-09-23 21:17:00 PDT] [248/500] B M6B mbp-1 2025-05-13T22:00:00Z..2025-05-14T21:00:00Z: $0.026615 15,876,400 B (1.58s)
[2026-09-23 21:17:01 PDT] [249/500] B M6A tbbo 2026-04-14T22:00:00Z..2026-04-15T21:00:00Z: $0.004838 185,520 B (2.78s)
[2026-09-23 21:17:02 PDT] [250/500] B M6B tbbo 2025-05-13T22:00:00Z..2025-05-14T21:00:00Z: $0.003964 152,000 B (1.19s)
[2026-09-23 21:17:02 PDT] [251/500] B M6A mbp-1 2026-04-14T22:00:00Z..2026-04-15T21:00:00Z: $0.013536 8,074,800 B (4.93s)
[2026-09-23 21:17:03 PDT] [252/500] B M6B mbp-1 2025-11-11T23:00:00Z..2025-11-12T22:00:00Z: $0.013383 7,983,440 B (1.34s)
[2026-09-23 21:17:03 PDT] [253/500] B M6B tbbo 2025-08-12T22:00:00Z..2025-08-13T21:00:00Z: $0.002533 97,120 B (1.82s)
[2026-09-23 21:17:06 PDT] [254/500] B M6E tbbo 2026-02-10T23:00:00Z..2026-02-11T22:00:00Z: $0.023772 911,600 B (16.08s)
[2026-09-23 21:17:07 PDT] [255/500] B M6B mbp-1 2026-02-10T23:00:00Z..2026-02-11T22:00:00Z: $0.030285 18,065,680 B (3.88s)
[2026-09-23 21:17:07 PDT] [256/500] B M6B tbbo 2026-02-10T23:00:00Z..2026-02-11T22:00:00Z: $0.005274 202,240 B (1.02s)
[2026-09-23 21:17:08 PDT] [257/500] B M6B mbp-1 2025-08-12T22:00:00Z..2025-08-13T21:00:00Z: $0.012773 7,619,200 B (6.55s)
[2026-09-23 21:17:09 PDT] [258/500] B M6B mbp-1 2026-04-14T22:00:00Z..2026-04-15T21:00:00Z: $0.019455 11,605,280 B (1.88s)
[2026-09-23 21:17:10 PDT] [259/500] B M6B tbbo 2026-04-14T22:00:00Z..2026-04-15T21:00:00Z: $0.002512 96,320 B (2.19s)
[2026-09-23 21:17:11 PDT] [260/500] B CL mbp-1 2025-08-12T22:00:00Z..2025-08-13T21:00:00Z: $0.140721 83,943,600 B (1.76s)
[2026-09-23 21:17:12 PDT] [261/500] B CL mbp-1 2025-05-13T22:00:00Z..2025-05-14T21:00:00Z: $0.141495 84,405,040 B (4.44s)
[2026-09-23 21:17:13 PDT] [262/500] B M6B tbbo 2025-11-11T23:00:00Z..2025-11-12T22:00:00Z: $0.003265 125,200 B (10.19s)
[2026-09-23 21:17:14 PDT] [263/500] B CL mbp-1 2025-11-11T23:00:00Z..2025-11-12T22:00:00Z: $0.196695 117,333,360 B (1.96s)
[2026-09-23 21:17:15 PDT] [264/500] B CL tbbo 2025-11-11T23:00:00Z..2025-11-12T22:00:00Z: $0.165485 6,346,000 B (1.25s)
[2026-09-23 21:17:15 PDT] [265/500] B CL tbbo 2025-08-12T22:00:00Z..2025-08-13T21:00:00Z: $0.138638 5,316,480 B (3.86s)
[2026-09-23 21:17:16 PDT] [266/500] B CL tbbo 2025-05-13T22:00:00Z..2025-05-14T21:00:00Z: $0.115934 4,445,840 B (6.43s)
[2026-09-23 21:17:16 PDT] [267/500] B CL tbbo 2026-02-10T23:00:00Z..2026-02-11T22:00:00Z: $0.165180 6,334,320 B (1.38s)
[2026-09-23 21:17:16 PDT] [268/500] B CL mbp-1 2026-02-10T23:00:00Z..2026-02-11T22:00:00Z: $0.212495 126,757,920 B (2.19s)
[2026-09-23 21:17:17 PDT] [269/500] B CL mbp-1 2026-04-14T22:00:00Z..2026-04-15T21:00:00Z: $0.197928 118,068,480 B (1.40s)
[2026-09-23 21:17:17 PDT] [270/500] B CL tbbo 2026-04-14T22:00:00Z..2026-04-15T21:00:00Z: $0.207842 7,970,320 B (1.12s)
[2026-09-23 21:17:18 PDT] [271/500] B QM mbp-1 2025-08-12T22:00:00Z..2025-08-13T21:00:00Z: $0.018375 10,960,960 B (1.33s)
[2026-09-23 21:17:19 PDT] [272/500] B QM tbbo 2025-05-13T22:00:00Z..2025-05-14T21:00:00Z: $0.005570 213,600 B (2.79s)
[2026-09-23 21:17:20 PDT] [273/500] B QM mbp-1 2025-05-13T22:00:00Z..2025-05-14T21:00:00Z: $0.021338 12,728,400 B (4.20s)
[2026-09-23 21:17:21 PDT] [274/500] B QM tbbo 2025-08-12T22:00:00Z..2025-08-13T21:00:00Z: $0.004348 166,720 B (4.06s)
[2026-09-23 21:17:21 PDT] [275/500] B QM mbp-1 2025-11-11T23:00:00Z..2025-11-12T22:00:00Z: $0.017652 10,529,600 B (3.17s)
[2026-09-23 21:17:21 PDT] [276/500] B QM tbbo 2025-11-11T23:00:00Z..2025-11-12T22:00:00Z: $0.005430 208,240 B (2.17s)
[2026-09-23 21:17:22 PDT] [277/500] B QM tbbo 2026-02-10T23:00:00Z..2026-02-11T22:00:00Z: $0.004385 168,160 B (1.22s)
[2026-09-23 21:17:24 PDT] [278/500] B QM mbp-1 2026-04-14T22:00:00Z..2026-04-15T21:00:00Z: $0.050928 30,379,600 B (2.54s)
[2026-09-23 21:17:24 PDT] [279/500] B MCL mbp-1 2025-05-13T22:00:00Z..2025-05-14T21:00:00Z: $0.078319 46,719,360 B (1.79s)
[2026-09-23 21:17:26 PDT] [280/500] B MCL mbp-1 2025-08-12T22:00:00Z..2025-08-13T21:00:00Z: $0.071728 42,787,280 B (1.86s)
[2026-09-23 21:17:26 PDT] [281/500] B QM mbp-1 2026-02-10T23:00:00Z..2026-02-11T22:00:00Z: $0.018777 11,201,120 B (5.56s)
[2026-09-23 21:17:26 PDT] [282/500] B MCL tbbo 2025-05-13T22:00:00Z..2025-05-14T21:00:00Z: $0.047001 1,802,400 B (2.49s)
[2026-09-23 21:17:28 PDT] [283/500] B MCL mbp-1 2025-11-11T23:00:00Z..2025-11-12T22:00:00Z: $0.075405 44,980,960 B (1.85s)
[2026-09-23 21:17:28 PDT] [284/500] B MCL mbp-1 2026-02-10T23:00:00Z..2026-02-11T22:00:00Z: $0.109734 65,459,040 B (0.97s)
[2026-09-23 21:17:29 PDT] [285/500] B MCL tbbo 2025-11-11T23:00:00Z..2025-11-12T22:00:00Z: $0.046872 1,797,440 B (3.00s)
[2026-09-23 21:17:29 PDT] [286/500] B MCL tbbo 2025-08-12T22:00:00Z..2025-08-13T21:00:00Z: $0.051146 1,961,360 B (3.88s)
[2026-09-23 21:17:30 PDT] [287/500] B MCL tbbo 2026-02-10T23:00:00Z..2026-02-11T22:00:00Z: $0.059750 2,291,280 B (1.06s)
[2026-09-23 21:17:31 PDT] [288/500] B NG mbp-1 2025-05-13T22:00:00Z..2025-05-14T21:00:00Z: $0.059584 35,543,200 B (1.22s)
[2026-09-23 21:17:31 PDT] [289/500] B QM tbbo 2026-04-14T22:00:00Z..2026-04-15T21:00:00Z: $0.014457 554,400 B (9.97s)
[2026-09-23 21:17:32 PDT] [290/500] B NG tbbo 2025-05-13T22:00:00Z..2025-05-14T21:00:00Z: $0.086344 3,311,120 B (1.02s)
[2026-09-23 21:17:33 PDT] [291/500] B NG mbp-1 2025-08-12T22:00:00Z..2025-08-13T21:00:00Z: $0.044287 26,418,080 B (1.76s)
[2026-09-23 21:17:34 PDT] [292/500] B NG tbbo 2025-08-12T22:00:00Z..2025-08-13T21:00:00Z: $0.075269 2,886,400 B (2.11s)
[2026-09-23 21:17:34 PDT] [293/500] B NG mbp-1 2025-11-11T23:00:00Z..2025-11-12T22:00:00Z: $0.071679 42,758,000 B (1.28s)
[2026-09-23 21:17:37 PDT] [294/500] B MCL tbbo 2026-04-14T22:00:00Z..2026-04-15T21:00:00Z: $0.284467 10,908,720 B (7.54s)
[2026-09-23 21:17:38 PDT] [295/500] B NG tbbo 2025-11-11T23:00:00Z..2025-11-12T22:00:00Z: $0.110936 4,254,160 B (3.74s)
[2026-09-23 21:17:39 PDT] [296/500] B NG tbbo 2026-02-10T23:00:00Z..2026-02-11T22:00:00Z: $0.095081 3,646,160 B (2.40s)
[2026-09-23 21:17:40 PDT] [297/500] B MCL mbp-1 2026-04-14T22:00:00Z..2026-04-15T21:00:00Z: $0.309555 184,656,640 B (10.87s)
[2026-09-23 21:17:41 PDT] [298/500] B NG mbp-1 2026-02-10T23:00:00Z..2026-02-11T22:00:00Z: $0.048549 28,960,480 B (6.60s)
[2026-09-23 21:17:41 PDT] [299/500] B NG tbbo 2026-04-14T22:00:00Z..2026-04-15T21:00:00Z: $0.052475 2,012,320 B (2.05s)
[2026-09-23 21:17:42 PDT] [300/500] B NG mbp-1 2026-04-14T22:00:00Z..2026-04-15T21:00:00Z: $0.030139 17,978,880 B (3.90s)
[2026-09-23 21:17:42 PDT] [301/500] B QG tbbo 2025-05-13T22:00:00Z..2025-05-14T21:00:00Z: $0.003252 124,720 B (1.55s)
[2026-09-23 21:17:43 PDT] [302/500] B QG tbbo 2025-08-12T22:00:00Z..2025-08-13T21:00:00Z: $0.002697 103,440 B (1.49s)
[2026-09-23 21:17:44 PDT] [303/500] B QG mbp-1 2025-11-11T23:00:00Z..2025-11-12T22:00:00Z: $0.017415 10,388,720 B (2.05s)
[2026-09-23 21:17:45 PDT] [304/500] B QG mbp-1 2025-08-12T22:00:00Z..2025-08-13T21:00:00Z: $0.007792 4,648,400 B (3.26s)
[2026-09-23 21:17:48 PDT] [305/500] B QG tbbo 2025-11-11T23:00:00Z..2025-11-12T22:00:00Z: $0.004577 175,520 B (5.09s)
[2026-09-23 21:17:48 PDT] [306/500] B QG tbbo 2026-02-10T23:00:00Z..2026-02-11T22:00:00Z: $0.003342 128,160 B (3.46s)
[2026-09-23 21:17:48 PDT] [307/500] B QG mbp-1 2025-05-13T22:00:00Z..2025-05-14T21:00:00Z: $0.010532 6,282,560 B (8.27s)
[2026-09-23 21:17:49 PDT] [308/500] B QG mbp-1 2026-02-10T23:00:00Z..2026-02-11T22:00:00Z: $0.009781 5,834,880 B (4.24s)
[2026-09-23 21:17:49 PDT] [309/500] B QG mbp-1 2026-04-14T22:00:00Z..2026-04-15T21:00:00Z: $0.006170 3,680,640 B (0.95s)
[2026-09-23 21:17:50 PDT] [310/500] B QG tbbo 2026-04-14T22:00:00Z..2026-04-15T21:00:00Z: $0.001129 43,280 B (1.44s)
[2026-09-23 21:17:51 PDT] [311/500] B MNG tbbo 2025-08-12T22:00:00Z..2025-08-13T21:00:00Z: $0.009575 367,200 B (1.29s)
[2026-09-23 21:17:51 PDT] [312/500] B MNG mbp-1 2025-05-13T22:00:00Z..2025-05-14T21:00:00Z: $0.022964 13,698,400 B (2.70s)
[2026-09-23 21:17:51 PDT] [313/500] B MNG tbbo 2025-05-13T22:00:00Z..2025-05-14T21:00:00Z: $0.011244 431,200 B (2.70s)
[2026-09-23 21:17:52 PDT] [314/500] B MNG mbp-1 2025-11-11T23:00:00Z..2025-11-12T22:00:00Z: $0.040452 24,130,640 B (1.14s)
[2026-09-23 21:17:53 PDT] [315/500] B MNG tbbo 2026-02-10T23:00:00Z..2026-02-11T22:00:00Z: $0.015440 592,080 B (1.06s)
[2026-09-23 21:17:54 PDT] [316/500] B MNG mbp-1 2026-02-10T23:00:00Z..2026-02-11T22:00:00Z: $0.029687 17,708,960 B (2.60s)
[2026-09-23 21:17:54 PDT] [317/500] B MNG mbp-1 2025-08-12T22:00:00Z..2025-08-13T21:00:00Z: $0.018413 10,984,080 B (5.13s)
[2026-09-23 21:17:55 PDT] [318/500] B MNG tbbo 2025-11-11T23:00:00Z..2025-11-12T22:00:00Z: $0.017038 653,360 B (4.17s)
[2026-09-23 21:17:56 PDT] [319/500] B MNG mbp-1 2026-04-14T22:00:00Z..2026-04-15T21:00:00Z: $0.015449 9,215,600 B (2.82s)
[2026-09-23 21:17:56 PDT] [320/500] B RB mbp-1 2025-05-13T22:00:00Z..2025-05-14T21:00:00Z: $0.052199 31,138,080 B (2.00s)
[2026-09-23 21:17:57 PDT] [321/500] B RB tbbo 2025-05-13T22:00:00Z..2025-05-14T21:00:00Z: $0.032519 1,247,040 B (1.61s)
[2026-09-23 21:17:57 PDT] [322/500] B RB mbp-1 2025-08-12T22:00:00Z..2025-08-13T21:00:00Z: $0.058144 34,684,320 B (1.08s)
[2026-09-23 21:17:58 PDT] [323/500] B RB tbbo 2025-08-12T22:00:00Z..2025-08-13T21:00:00Z: $0.028522 1,093,760 B (2.09s)
[2026-09-23 21:17:59 PDT] [324/500] B RB mbp-1 2026-02-10T23:00:00Z..2026-02-11T22:00:00Z: $0.074351 44,352,000 B (0.90s)
[2026-09-23 21:17:59 PDT] [325/500] B RB tbbo 2025-11-11T23:00:00Z..2025-11-12T22:00:00Z: $0.039883 1,529,440 B (2.44s)
[2026-09-23 21:18:00 PDT] [326/500] B MNG tbbo 2026-04-14T22:00:00Z..2026-04-15T21:00:00Z: $0.007400 283,760 B (5.63s)
[2026-09-23 21:18:01 PDT] [327/500] B RB mbp-1 2026-04-14T22:00:00Z..2026-04-15T21:00:00Z: $0.190874 113,860,480 B (1.52s)
[2026-09-23 21:18:02 PDT] [328/500] B RB mbp-1 2025-11-11T23:00:00Z..2025-11-12T22:00:00Z: $0.050077 29,872,160 B (4.74s)
[2026-09-23 21:18:02 PDT] [329/500] B RB tbbo 2026-02-10T23:00:00Z..2026-02-11T22:00:00Z: $0.026697 1,023,760 B (3.16s)
[2026-09-23 21:18:04 PDT] [330/500] B HO tbbo 2025-05-13T22:00:00Z..2025-05-14T21:00:00Z: $0.050473 1,935,520 B (2.75s)
[2026-09-23 21:18:06 PDT] [331/500] B RB tbbo 2026-04-14T22:00:00Z..2026-04-15T21:00:00Z: $0.045956 1,762,320 B (6.03s)
[2026-09-23 21:18:07 PDT] [332/500] B HO mbp-1 2025-05-13T22:00:00Z..2025-05-14T21:00:00Z: $0.043841 26,152,240 B (5.66s)
[2026-09-23 21:18:07 PDT] [333/500] B HO mbp-1 2025-08-12T22:00:00Z..2025-08-13T21:00:00Z: $0.048126 28,708,080 B (4.58s)
[2026-09-23 21:18:07 PDT] [334/500] B HO tbbo 2025-08-12T22:00:00Z..2025-08-13T21:00:00Z: $0.034564 1,325,440 B (2.73s)
[2026-09-23 21:18:08 PDT] [335/500] B HO mbp-1 2026-02-10T23:00:00Z..2026-02-11T22:00:00Z: $0.066040 39,394,240 B (1.44s)
[2026-09-23 21:18:09 PDT] [336/500] B HO tbbo 2026-02-10T23:00:00Z..2026-02-11T22:00:00Z: $0.034144 1,309,360 B (1.51s)
[2026-09-23 21:18:09 PDT] [337/500] B HO tbbo 2025-11-11T23:00:00Z..2025-11-12T22:00:00Z: $0.043761 1,678,160 B (1.94s)
[2026-09-23 21:18:09 PDT] [338/500] B HO mbp-1 2025-11-11T23:00:00Z..2025-11-12T22:00:00Z: $0.049605 29,590,240 B (3.81s)
[2026-09-23 21:18:10 PDT] [339/500] B HO mbp-1 2026-04-14T22:00:00Z..2026-04-15T21:00:00Z: $0.130950 78,114,560 B (1.52s)
[2026-09-23 21:18:10 PDT] [340/500] B HO tbbo 2026-04-14T22:00:00Z..2026-04-15T21:00:00Z: $0.029563 1,133,680 B (1.46s)
[2026-09-23 21:18:11 PDT] [341/500] B GC mbp-1 2025-05-13T22:00:00Z..2025-05-14T21:00:00Z: $0.219295 130,814,480 B (2.67s)
[2026-09-23 21:18:11 PDT] [342/500] B GC tbbo 2025-05-13T22:00:00Z..2025-05-14T21:00:00Z: $0.276289 10,595,120 B (1.95s)
[2026-09-23 21:18:12 PDT] [343/500] B GC tbbo 2025-08-12T22:00:00Z..2025-08-13T21:00:00Z: $0.155634 5,968,240 B (1.62s)
[2026-09-23 21:18:12 PDT] [344/500] B GC tbbo 2025-11-11T23:00:00Z..2025-11-12T22:00:00Z: $0.318849 12,227,200 B (0.87s)
[2026-09-23 21:18:13 PDT] [345/500] B GC mbp-1 2025-08-12T22:00:00Z..2025-08-13T21:00:00Z: $0.114503 68,303,600 B (3.02s)
[2026-09-23 21:18:13 PDT] [346/500] B GC mbp-1 2026-02-10T23:00:00Z..2026-02-11T22:00:00Z: $0.202388 120,728,880 B (1.56s)
[2026-09-23 21:18:14 PDT] [347/500] B GC mbp-1 2025-11-11T23:00:00Z..2025-11-12T22:00:00Z: $0.292114 174,252,720 B (2.48s)
[2026-09-23 21:18:15 PDT] [348/500] B GC tbbo 2026-02-10T23:00:00Z..2026-02-11T22:00:00Z: $0.177962 6,824,480 B (2.95s)
[2026-09-23 21:18:16 PDT] [349/500] B MGC mbp-1 2025-05-13T22:00:00Z..2025-05-14T21:00:00Z: $0.465376 277,607,680 B (2.11s)
[2026-09-23 21:18:18 PDT] [350/500] B MGC tbbo 2025-05-13T22:00:00Z..2025-05-14T21:00:00Z: $0.377852 14,489,840 B (2.34s)
[2026-09-23 21:18:18 PDT] [351/500] B MGC mbp-1 2025-08-12T22:00:00Z..2025-08-13T21:00:00Z: $0.203541 121,416,720 B (1.84s)
[2026-09-23 21:18:19 PDT] [352/500] B GC tbbo 2026-04-14T22:00:00Z..2026-04-15T21:00:00Z: $0.155536 5,964,480 B (5.56s)
[2026-09-23 21:18:19 PDT] [353/500] B MGC tbbo 2025-08-12T22:00:00Z..2025-08-13T21:00:00Z: $0.172426 6,612,160 B (1.77s)
[2026-09-23 21:18:19 PDT] [354/500] B MGC mbp-1 2025-11-11T23:00:00Z..2025-11-12T22:00:00Z: $0.697436 416,036,720 B (1.66s)
[2026-09-23 21:18:20 PDT] [355/500] B MGC tbbo 2025-11-11T23:00:00Z..2025-11-12T22:00:00Z: $0.563208 21,597,840 B (1.04s)
[2026-09-23 21:18:21 PDT] [356/500] B MGC tbbo 2026-02-10T23:00:00Z..2026-02-11T22:00:00Z: $0.713614 27,365,600 B (1.54s)
[2026-09-23 21:18:21 PDT] [357/500] B GC mbp-1 2026-04-14T22:00:00Z..2026-04-15T21:00:00Z: $0.197067 117,555,200 B (8.14s)
[2026-09-23 21:18:22 PDT] [358/500] B MGC tbbo 2026-04-14T22:00:00Z..2026-04-15T21:00:00Z: $0.427221 16,383,040 B (1.34s)
[2026-09-23 21:18:22 PDT] [359/500] B MGC mbp-1 2026-02-10T23:00:00Z..2026-02-11T22:00:00Z: $0.496149 295,964,560 B (3.02s)
[2026-09-23 21:18:22 PDT] [360/500] B SI mbp-1 2025-05-13T22:00:00Z..2025-05-14T21:00:00Z: $0.087021 51,910,160 B (1.32s)
[2026-09-23 21:18:22 PDT] [361/500] B MGC mbp-1 2026-04-14T22:00:00Z..2026-04-15T21:00:00Z: $0.431225 257,235,680 B (2.71s)
[2026-09-23 21:18:24 PDT] [362/500] B SI mbp-1 2025-11-11T23:00:00Z..2025-11-12T22:00:00Z: $0.178651 106,569,360 B (1.19s)
[2026-09-23 21:18:24 PDT] [363/500] B SI mbp-1 2025-08-12T22:00:00Z..2025-08-13T21:00:00Z: $0.060951 36,358,800 B (1.92s)
[2026-09-23 21:18:24 PDT] [364/500] B SI tbbo 2025-08-12T22:00:00Z..2025-08-13T21:00:00Z: $0.046680 1,790,080 B (2.00s)
[2026-09-23 21:18:25 PDT] [365/500] B SI tbbo 2025-05-13T22:00:00Z..2025-05-14T21:00:00Z: $0.055456 2,126,640 B (2.48s)
[2026-09-23 21:18:25 PDT] [366/500] B SI tbbo 2025-11-11T23:00:00Z..2025-11-12T22:00:00Z: $0.109993 4,218,000 B (1.45s)
[2026-09-23 21:18:26 PDT] [367/500] B SI mbp-1 2026-02-10T23:00:00Z..2026-02-11T22:00:00Z: $0.137835 82,221,840 B (1.50s)
[2026-09-23 21:18:26 PDT] [368/500] B SI mbp-1 2026-04-14T22:00:00Z..2026-04-15T21:00:00Z: $0.113157 67,500,720 B (1.51s)
[2026-09-23 21:18:26 PDT] [369/500] B SI tbbo 2026-04-14T22:00:00Z..2026-04-15T21:00:00Z: $0.050932 1,953,120 B (1.30s)
[2026-09-23 21:18:28 PDT] [370/500] B SIL mbp-1 2025-08-12T22:00:00Z..2025-08-13T21:00:00Z: $0.037000 22,071,600 B (1.27s)
[2026-09-23 21:18:28 PDT] [371/500] B SIL mbp-1 2025-05-13T22:00:00Z..2025-05-14T21:00:00Z: $0.060868 36,309,360 B (2.02s)
[2026-09-23 21:18:29 PDT] [372/500] B SIL tbbo 2025-08-12T22:00:00Z..2025-08-13T21:00:00Z: $0.018252 699,920 B (0.99s)
[2026-09-23 21:18:29 PDT] [373/500] B SI tbbo 2026-02-10T23:00:00Z..2026-02-11T22:00:00Z: $0.068810 2,638,720 B (4.52s)
[2026-09-23 21:18:29 PDT] [374/500] B SIL tbbo 2025-05-13T22:00:00Z..2025-05-14T21:00:00Z: $0.019312 740,560 B (3.06s)
[2026-09-23 21:18:30 PDT] [375/500] B SIL mbp-1 2025-11-11T23:00:00Z..2025-11-12T22:00:00Z: $0.179228 106,913,600 B (1.98s)
[2026-09-23 21:18:31 PDT] [376/500] B SIL tbbo 2026-02-10T23:00:00Z..2026-02-11T22:00:00Z: $0.256838 9,849,200 B (1.23s)
[2026-09-23 21:18:31 PDT] [377/500] B SIL mbp-1 2026-02-10T23:00:00Z..2026-02-11T22:00:00Z: $0.222912 132,972,000 B (1.72s)
[2026-09-23 21:18:32 PDT] [378/500] B SIL tbbo 2026-04-14T22:00:00Z..2026-04-15T21:00:00Z: $0.105412 4,042,320 B (1.11s)
[2026-09-23 21:18:32 PDT] [379/500] B SIL tbbo 2025-11-11T23:00:00Z..2025-11-12T22:00:00Z: $0.119825 4,595,040 B (3.76s)
[2026-09-23 21:18:33 PDT] [380/500] B HG mbp-1 2025-05-13T22:00:00Z..2025-05-14T21:00:00Z: $0.032868 19,606,240 B (2.25s)
[2026-09-23 21:18:35 PDT] [381/500] B HG mbp-1 2025-08-12T22:00:00Z..2025-08-13T21:00:00Z: $0.017497 10,437,360 B (2.53s)
[2026-09-23 21:18:35 PDT] [382/500] B HG tbbo 2025-05-13T22:00:00Z..2025-05-14T21:00:00Z: $0.033714 1,292,880 B (3.44s)
[2026-09-23 21:18:35 PDT] [383/500] B HG tbbo 2025-08-12T22:00:00Z..2025-08-13T21:00:00Z: $0.018878 723,920 B (2.42s)
[2026-09-23 21:18:35 PDT] [384/500] B SIL mbp-1 2026-04-14T22:00:00Z..2026-04-15T21:00:00Z: $0.159244 94,992,640 B (5.66s)
[2026-09-23 21:18:36 PDT] [385/500] B HG tbbo 2025-11-11T23:00:00Z..2025-11-12T22:00:00Z: $0.040257 1,543,760 B (1.13s)
[2026-09-23 21:18:36 PDT] [386/500] B HG mbp-1 2025-11-11T23:00:00Z..2025-11-12T22:00:00Z: $0.034869 20,799,920 B (1.35s)
[2026-09-23 21:18:37 PDT] [387/500] B HG tbbo 2026-02-10T23:00:00Z..2026-02-11T22:00:00Z: $0.063691 2,442,400 B (1.45s)
[2026-09-23 21:18:38 PDT] [388/500] B HG mbp-1 2026-02-10T23:00:00Z..2026-02-11T22:00:00Z: $0.105403 62,875,360 B (3.01s)
[2026-09-23 21:18:39 PDT] [389/500] B HG mbp-1 2026-04-14T22:00:00Z..2026-04-15T21:00:00Z: $0.064992 38,769,440 B (3.19s)
[2026-09-23 21:18:40 PDT] [390/500] B MHG tbbo 2025-05-13T22:00:00Z..2025-05-14T21:00:00Z: $0.014960 573,680 B (1.43s)
[2026-09-23 21:18:40 PDT] [391/500] B HG tbbo 2026-04-14T22:00:00Z..2026-04-15T21:00:00Z: $0.037580 1,441,120 B (3.67s)
[2026-09-23 21:18:42 PDT] [392/500] B MHG mbp-1 2025-05-13T22:00:00Z..2025-05-14T21:00:00Z: $0.041948 25,023,040 B (4.95s)
[2026-09-23 21:18:42 PDT] [393/500] B MHG tbbo 2025-08-12T22:00:00Z..2025-08-13T21:00:00Z: $0.008053 308,800 B (2.14s)
[2026-09-23 21:18:43 PDT] [394/500] B MHG mbp-1 2025-08-12T22:00:00Z..2025-08-13T21:00:00Z: $0.017064 10,179,280 B (3.27s)
[2026-09-23 21:18:43 PDT] [395/500] B MHG mbp-1 2025-11-11T23:00:00Z..2025-11-12T22:00:00Z: $0.031420 18,742,800 B (2.85s)
[2026-09-23 21:18:44 PDT] [396/500] B MHG tbbo 2025-11-11T23:00:00Z..2025-11-12T22:00:00Z: $0.011718 449,360 B (2.20s)
[2026-09-23 21:18:44 PDT] [397/500] B MHG mbp-1 2026-04-14T22:00:00Z..2026-04-15T21:00:00Z: $0.066747 39,815,920 B (1.23s)
[2026-09-23 21:18:45 PDT] [398/500] B MHG tbbo 2026-02-10T23:00:00Z..2026-02-11T22:00:00Z: $0.048706 1,867,760 B (2.21s)
[2026-09-23 21:18:46 PDT] [399/500] B PL tbbo 2025-05-13T22:00:00Z..2025-05-14T21:00:00Z: $0.026897 1,031,440 B (1.23s)
[2026-09-23 21:18:48 PDT] [400/500] B PL mbp-1 2025-08-12T22:00:00Z..2025-08-13T21:00:00Z: $0.029811 17,783,200 B (1.41s)
[2026-09-23 21:18:48 PDT] [401/500] B PL mbp-1 2025-05-13T22:00:00Z..2025-05-14T21:00:00Z: $0.040170 23,962,320 B (3.52s)
[2026-09-23 21:18:49 PDT] [402/500] B MHG mbp-1 2026-02-10T23:00:00Z..2026-02-11T22:00:00Z: $0.122708 73,198,240 B (6.71s)
[2026-09-23 21:18:49 PDT] [403/500] B MHG tbbo 2026-04-14T22:00:00Z..2026-04-15T21:00:00Z: $0.015014 575,760 B (4.67s)
[2026-09-23 21:18:50 PDT] [404/500] B PL tbbo 2025-11-11T23:00:00Z..2025-11-12T22:00:00Z: $0.037159 1,424,960 B (1.50s)
[2026-09-23 21:18:51 PDT] [405/500] B PL tbbo 2025-08-12T22:00:00Z..2025-08-13T21:00:00Z: $0.026703 1,024,000 B (3.02s)
[2026-09-23 21:18:52 PDT] [406/500] B PL mbp-1 2026-04-14T22:00:00Z..2026-04-15T21:00:00Z: $0.109199 65,139,520 B (1.18s)
[2026-09-23 21:18:52 PDT] [407/500] B PL tbbo 2026-02-10T23:00:00Z..2026-02-11T22:00:00Z: $0.025593 981,440 B (1.99s)
[2026-09-23 21:18:53 PDT] [408/500] B PL mbp-1 2026-02-10T23:00:00Z..2026-02-11T22:00:00Z: $0.149780 89,346,960 B (4.16s)
[2026-09-23 21:18:54 PDT] [409/500] B PL mbp-1 2025-11-11T23:00:00Z..2025-11-12T22:00:00Z: $0.067999 40,562,800 B (5.98s)
[2026-09-23 21:18:54 PDT] [410/500] B ZC tbbo 2025-05-13T22:00:00Z..2025-05-14T21:00:00Z: $0.028812 1,104,880 B (1.53s)
[2026-09-23 21:18:54 PDT] [411/500] B ZC mbp-1 2025-08-12T22:00:00Z..2025-08-13T21:00:00Z: $0.015061 8,984,480 B (0.87s)
[2026-09-23 21:18:56 PDT] [412/500] B PL tbbo 2026-04-14T22:00:00Z..2026-04-15T21:00:00Z: $0.019752 757,440 B (4.13s)
[2026-09-23 21:18:56 PDT] [413/500] B ZC tbbo 2025-08-12T22:00:00Z..2025-08-13T21:00:00Z: $0.022883 877,520 B (1.58s)
[2026-09-23 21:18:57 PDT] [414/500] B ZC mbp-1 2025-11-11T23:00:00Z..2025-11-12T22:00:00Z: $0.015763 9,403,280 B (2.69s)
[2026-09-23 21:18:57 PDT] [415/500] B ZC tbbo 2025-11-11T23:00:00Z..2025-11-12T22:00:00Z: $0.025090 962,160 B (1.61s)
[2026-09-23 21:18:59 PDT] [416/500] B ZC mbp-1 2026-02-10T23:00:00Z..2026-02-11T22:00:00Z: $0.017174 10,244,560 B (2.78s)
[2026-09-23 21:18:59 PDT] [417/500] B ZC mbp-1 2026-04-14T22:00:00Z..2026-04-15T21:00:00Z: $0.023495 14,015,360 B (1.77s)
[2026-09-23 21:19:00 PDT] [418/500] B ZC mbp-1 2025-05-13T22:00:00Z..2025-05-14T21:00:00Z: $0.022270 13,284,400 B (7.65s)
[2026-09-23 21:19:01 PDT] [419/500] B ZW mbp-1 2025-05-13T22:00:00Z..2025-05-14T21:00:00Z: $0.025745 15,357,280 B (1.72s)
[2026-09-23 21:19:01 PDT] [420/500] B ZC tbbo 2026-04-14T22:00:00Z..2026-04-15T21:00:00Z: $0.027133 1,040,480 B (2.38s)
[2026-09-23 21:19:03 PDT] [421/500] B ZW tbbo 2025-05-13T22:00:00Z..2025-05-14T21:00:00Z: $0.028971 1,110,960 B (2.78s)
[2026-09-23 21:19:03 PDT] [422/500] B ZW tbbo 2025-08-12T22:00:00Z..2025-08-13T21:00:00Z: $0.017238 661,040 B (2.05s)
[2026-09-23 21:19:03 PDT] [423/500] B ZW mbp-1 2025-08-12T22:00:00Z..2025-08-13T21:00:00Z: $0.014858 8,863,280 B (2.30s)
[2026-09-23 21:19:05 PDT] [424/500] B ZW tbbo 2025-11-11T23:00:00Z..2025-11-12T22:00:00Z: $0.015479 593,600 B (1.53s)
[2026-09-23 21:19:05 PDT] [425/500] B ZW mbp-1 2026-02-10T23:00:00Z..2026-02-11T22:00:00Z: $0.019072 11,377,120 B (1.85s)
[2026-09-23 21:19:06 PDT] [426/500] B ZW mbp-1 2025-11-11T23:00:00Z..2025-11-12T22:00:00Z: $0.011556 6,893,280 B (3.07s)
[2026-09-23 21:19:06 PDT] [427/500] B ZW tbbo 2026-02-10T23:00:00Z..2026-02-11T22:00:00Z: $0.020705 794,000 B (1.64s)
[2026-09-23 21:19:06 PDT] [428/500] B ZW mbp-1 2026-04-14T22:00:00Z..2026-04-15T21:00:00Z: $0.024421 14,567,760 B (1.35s)
[2026-09-23 21:19:07 PDT] [429/500] B ZW tbbo 2026-04-14T22:00:00Z..2026-04-15T21:00:00Z: $0.017997 690,160 B (1.15s)
[2026-09-23 21:19:08 PDT] [430/500] B ZS mbp-1 2025-08-12T22:00:00Z..2025-08-13T21:00:00Z: $0.053233 31,754,480 B (1.42s)
[2026-09-23 21:19:10 PDT] [431/500] B ZS tbbo 2025-08-12T22:00:00Z..2025-08-13T21:00:00Z: $0.066382 2,545,600 B (1.64s)
[2026-09-23 21:19:11 PDT] [432/500] B ZS mbp-1 2025-05-13T22:00:00Z..2025-05-14T21:00:00Z: $0.045289 27,016,000 B (4.95s)
[2026-09-23 21:19:11 PDT] [433/500] B ZS tbbo 2025-05-13T22:00:00Z..2025-05-14T21:00:00Z: $0.044502 1,706,560 B (5.04s)
[2026-09-23 21:19:12 PDT] [434/500] B ZS tbbo 2025-11-11T23:00:00Z..2025-11-12T22:00:00Z: $0.038692 1,483,760 B (0.98s)
[2026-09-23 21:19:13 PDT] [435/500] B ZC tbbo 2026-02-10T23:00:00Z..2026-02-11T22:00:00Z: $0.022405 859,200 B (15.79s)
[2026-09-23 21:19:13 PDT] [436/500] B ZS mbp-1 2026-02-10T23:00:00Z..2026-02-11T22:00:00Z: $0.040366 24,078,960 B (1.63s)
[2026-09-23 21:19:14 PDT] [437/500] B ZS tbbo 2026-02-10T23:00:00Z..2026-02-11T22:00:00Z: $0.038394 1,472,320 B (1.64s)
[2026-09-23 21:19:14 PDT] [438/500] B ZS tbbo 2026-04-14T22:00:00Z..2026-04-15T21:00:00Z: $0.028372 1,088,000 B (1.30s)
[2026-09-23 21:19:15 PDT] [439/500] B ZM mbp-1 2025-05-13T22:00:00Z..2025-05-14T21:00:00Z: $0.024016 14,326,160 B (1.19s)
[2026-09-23 21:19:16 PDT] [440/500] B ZM tbbo 2025-05-13T22:00:00Z..2025-05-14T21:00:00Z: $0.022347 856,960 B (1.24s)
[2026-09-23 21:19:16 PDT] [441/500] B ZM mbp-1 2025-08-12T22:00:00Z..2025-08-13T21:00:00Z: $0.034225 20,415,760 B (1.12s)
[2026-09-23 21:19:18 PDT] [442/500] B ZM tbbo 2025-08-12T22:00:00Z..2025-08-13T21:00:00Z: $0.026125 1,001,840 B (2.09s)
[2026-09-23 21:19:19 PDT] [443/500] B ZM tbbo 2025-11-11T23:00:00Z..2025-11-12T22:00:00Z: $0.022099 847,440 B (0.96s)
[2026-09-23 21:19:19 PDT] [444/500] B ZM mbp-1 2025-11-11T23:00:00Z..2025-11-12T22:00:00Z: $0.023670 14,119,760 B (2.60s)
[2026-09-23 21:19:20 PDT] [445/500] B ZS mbp-1 2025-11-11T23:00:00Z..2025-11-12T22:00:00Z: $0.036379 21,700,640 B (10.08s)
[2026-09-23 21:19:20 PDT] [446/500] B ZM tbbo 2026-02-10T23:00:00Z..2026-02-11T22:00:00Z: $0.021577 827,440 B (1.37s)
[2026-09-23 21:19:21 PDT] [447/500] B ZM mbp-1 2026-04-14T22:00:00Z..2026-04-15T21:00:00Z: $0.026030 15,527,600 B (1.45s)
[2026-09-23 21:19:22 PDT] [448/500] B ZM mbp-1 2026-02-10T23:00:00Z..2026-02-11T22:00:00Z: $0.021912 13,070,880 B (3.40s)
[2026-09-23 21:19:23 PDT] [449/500] B ZL tbbo 2025-05-13T22:00:00Z..2025-05-14T21:00:00Z: $0.056881 2,181,280 B (1.35s)
[2026-09-23 21:19:25 PDT] [450/500] B ZS mbp-1 2026-04-14T22:00:00Z..2026-04-15T21:00:00Z: $0.032780 19,554,080 B (12.11s)
[2026-09-23 21:19:25 PDT] [451/500] B ZL mbp-1 2025-08-12T22:00:00Z..2025-08-13T21:00:00Z: $0.026358 15,723,440 B (1.82s)
[2026-09-23 21:19:26 PDT] [452/500] B ZL mbp-1 2025-05-13T22:00:00Z..2025-05-14T21:00:00Z: $0.035142 20,963,280 B (4.62s)
[2026-09-23 21:19:27 PDT] [453/500] B ZL tbbo 2025-08-12T22:00:00Z..2025-08-13T21:00:00Z: $0.036068 1,383,120 B (1.55s)
[2026-09-23 21:19:28 PDT] [454/500] B ZL mbp-1 2025-11-11T23:00:00Z..2025-11-12T22:00:00Z: $0.029249 17,447,920 B (2.28s)
[2026-09-23 21:19:28 PDT] [455/500] B ZM tbbo 2026-04-14T22:00:00Z..2026-04-15T21:00:00Z: $0.020453 784,320 B (7.64s)
[2026-09-23 21:19:28 PDT] [456/500] B ZL mbp-1 2026-02-10T23:00:00Z..2026-02-11T22:00:00Z: $0.032128 19,165,120 B (1.34s)
[2026-09-23 21:19:29 PDT] [457/500] B ZL tbbo 2025-11-11T23:00:00Z..2025-11-12T22:00:00Z: $0.032863 1,260,240 B (3.03s)
[2026-09-23 21:19:29 PDT] [458/500] B ZL tbbo 2026-02-10T23:00:00Z..2026-02-11T22:00:00Z: $0.039189 1,502,800 B (1.61s)
[2026-09-23 21:19:29 PDT] [459/500] B ZL mbp-1 2026-04-14T22:00:00Z..2026-04-15T21:00:00Z: $0.031508 18,795,120 B (1.43s)
[2026-09-23 21:19:29 PDT] [460/500] B ZL tbbo 2026-04-14T22:00:00Z..2026-04-15T21:00:00Z: $0.035878 1,375,840 B (1.38s)
[2026-09-23 21:19:30 PDT] [461/500] B HE mbp-1 2025-08-12T22:00:00Z..2025-08-13T21:00:00Z: $0.007335 4,375,680 B (0.85s)
[2026-09-23 21:19:30 PDT] [462/500] B HE mbp-1 2025-05-13T22:00:00Z..2025-05-14T21:00:00Z: $0.007264 4,333,120 B (1.25s)
[2026-09-23 21:19:30 PDT] [463/500] B HE tbbo 2025-05-13T22:00:00Z..2025-05-14T21:00:00Z: $0.014180 543,760 B (1.34s)
[2026-09-23 21:19:31 PDT] [464/500] B HE tbbo 2025-08-12T22:00:00Z..2025-08-13T21:00:00Z: $0.016681 639,680 B (2.02s)
[2026-09-23 21:19:32 PDT] [465/500] B HE mbp-1 2025-11-11T23:00:00Z..2025-11-12T22:00:00Z: $0.005895 3,516,640 B (1.75s)
[2026-09-23 21:19:32 PDT] [466/500] B HE mbp-1 2026-02-10T23:00:00Z..2026-02-11T22:00:00Z: $0.006686 3,988,560 B (1.44s)
[2026-09-23 21:19:32 PDT] [467/500] B HE tbbo 2026-02-10T23:00:00Z..2026-02-11T22:00:00Z: $0.014599 559,840 B (1.13s)
[2026-09-23 21:19:33 PDT] [468/500] B HE mbp-1 2026-04-14T22:00:00Z..2026-04-15T21:00:00Z: $0.005888 3,512,160 B (1.07s)
[2026-09-23 21:19:34 PDT] [469/500] B LE tbbo 2025-05-13T22:00:00Z..2025-05-14T21:00:00Z: $0.028228 1,082,480 B (1.27s)
[2026-09-23 21:19:35 PDT] [470/500] B HE tbbo 2025-11-11T23:00:00Z..2025-11-12T22:00:00Z: $0.015252 584,880 B (4.26s)
[2026-09-23 21:19:35 PDT] [471/500] B LE mbp-1 2025-08-12T22:00:00Z..2025-08-13T21:00:00Z: $0.012897 7,693,200 B (1.04s)
[2026-09-23 21:19:35 PDT] [472/500] B LE mbp-1 2025-05-13T22:00:00Z..2025-05-14T21:00:00Z: $0.014024 8,365,600 B (3.03s)
[2026-09-23 21:19:36 PDT] [473/500] B LE tbbo 2025-08-12T22:00:00Z..2025-08-13T21:00:00Z: $0.027886 1,069,360 B (1.51s)
[2026-09-23 21:19:37 PDT] [474/500] B LE tbbo 2025-11-11T23:00:00Z..2025-11-12T22:00:00Z: $0.023622 905,840 B (1.31s)
[2026-09-23 21:19:37 PDT] [475/500] B LE mbp-1 2026-02-10T23:00:00Z..2026-02-11T22:00:00Z: $0.008654 5,162,560 B (1.48s)
[2026-09-23 21:19:38 PDT] [476/500] B HE tbbo 2026-04-14T22:00:00Z..2026-04-15T21:00:00Z: $0.013456 516,000 B (5.75s)
[2026-09-23 21:19:38 PDT] [477/500] B LE tbbo 2026-02-10T23:00:00Z..2026-02-11T22:00:00Z: $0.018765 719,600 B (1.38s)
[2026-09-23 21:19:39 PDT] [478/500] B LE mbp-1 2026-04-14T22:00:00Z..2026-04-15T21:00:00Z: $0.008087 4,823,920 B (1.58s)
[2026-09-23 21:19:39 PDT] [479/500] B LE tbbo 2026-04-14T22:00:00Z..2026-04-15T21:00:00Z: $0.018285 701,200 B (1.51s)
[2026-09-23 21:19:39 PDT] [480/500] B LE mbp-1 2025-11-11T23:00:00Z..2025-11-12T22:00:00Z: $0.013664 8,150,960 B (4.10s)
[2026-09-23 21:19:40 PDT] [481/500] B MBT mbp-1 2025-05-13T22:00:00Z..2025-05-14T21:00:00Z: $0.133810 79,820,880 B (2.12s)
[2026-09-23 21:19:41 PDT] [482/500] B MBT tbbo 2025-08-12T22:00:00Z..2025-08-13T21:00:00Z: $0.075215 2,884,320 B (1.22s)
[2026-09-23 21:19:41 PDT] [483/500] B MBT mbp-1 2025-08-12T22:00:00Z..2025-08-13T21:00:00Z: $0.191649 114,323,120 B (1.71s)
[2026-09-23 21:19:42 PDT] [484/500] B MBT tbbo 2025-11-11T23:00:00Z..2025-11-12T22:00:00Z: $0.064462 2,472,000 B (1.92s)
[2026-09-23 21:19:43 PDT] [485/500] B MBT tbbo 2025-05-13T22:00:00Z..2025-05-14T21:00:00Z: $0.035039 1,343,680 B (3.76s)
[2026-09-23 21:19:43 PDT] [486/500] B MBT mbp-1 2026-02-10T23:00:00Z..2026-02-11T22:00:00Z: $0.480226 286,466,160 B (2.43s)
[2026-09-23 21:19:44 PDT] [487/500] B MBT tbbo 2026-02-10T23:00:00Z..2026-02-11T22:00:00Z: $0.087158 3,342,320 B (1.16s)
[2026-09-23 21:19:44 PDT] [488/500] B MBT mbp-1 2025-11-11T23:00:00Z..2025-11-12T22:00:00Z: $0.211551 126,194,800 B (3.39s)
[2026-09-23 21:19:45 PDT] [489/500] B MBT mbp-1 2026-04-14T22:00:00Z..2026-04-15T21:00:00Z: $0.185907 110,897,680 B (1.84s)
[2026-09-23 21:19:45 PDT] [490/500] B MET mbp-1 2025-05-13T22:00:00Z..2025-05-14T21:00:00Z: $0.061720 36,817,200 B (1.79s)
[2026-09-23 21:19:45 PDT] [491/500] B MET tbbo 2025-05-13T22:00:00Z..2025-05-14T21:00:00Z: $0.013579 520,720 B (1.78s)
[2026-09-23 21:19:46 PDT] [492/500] B MBT tbbo 2026-04-14T22:00:00Z..2026-04-15T21:00:00Z: $0.042468 1,628,560 B (2.78s)
[2026-09-23 21:19:47 PDT] [493/500] B MET tbbo 2025-08-12T22:00:00Z..2025-08-13T21:00:00Z: $0.040499 1,553,040 B (1.39s)
[2026-09-23 21:19:47 PDT] [494/500] B MET mbp-1 2025-08-12T22:00:00Z..2025-08-13T21:00:00Z: $0.111994 66,807,120 B (2.41s)
[2026-09-23 21:19:48 PDT] [495/500] B MET tbbo 2026-02-10T23:00:00Z..2026-02-11T22:00:00Z: $0.013007 498,800 B (1.21s)
[2026-09-23 21:19:51 PDT] [496/500] B MET mbp-1 2026-02-10T23:00:00Z..2026-02-11T22:00:00Z: $0.116827 69,689,840 B (3.83s)
[2026-09-23 21:19:52 PDT] [497/500] B MET tbbo 2025-11-11T23:00:00Z..2025-11-12T22:00:00Z: $0.025812 989,840 B (5.43s)
[2026-09-23 21:19:53 PDT] [498/500] B MET tbbo 2026-04-14T22:00:00Z..2026-04-15T21:00:00Z: $0.006311 242,000 B (1.99s)
[2026-09-23 21:19:53 PDT] [499/500] B MET mbp-1 2026-04-14T22:00:00Z..2026-04-15T21:00:00Z: $0.040022 23,874,160 B (5.11s)
[2026-09-23 21:19:59 PDT] [500/500] B MET mbp-1 2025-11-11T23:00:00Z..2025-11-12T22:00:00Z: $0.077812 46,416,800 B (13.07s)
[2026-09-23 21:19:59 PDT] set C: 250 planned requests
[2026-09-23 21:19:59 PDT] 250 to quote, 0 already quoted (skipped)
[2026-09-23 21:20:00 PDT] [1/250] C ES ohlcv-1m 2025-11-12T14:30:00Z..2025-11-12T21:00:00Z: $0.001424 21,840 B (0.93s)
[2026-09-23 21:20:00 PDT] [2/250] C ES ohlcv-1m 2025-05-14T13:30:00Z..2025-05-14T20:00:00Z: $0.001424 21,840 B (1.25s)
[2026-09-23 21:20:00 PDT] [3/250] C ES ohlcv-1m 2025-08-13T13:30:00Z..2025-08-13T20:00:00Z: $0.001424 21,840 B (1.34s)
[2026-09-23 21:20:01 PDT] [4/250] C ES ohlcv-1m 2026-02-11T14:30:00Z..2026-02-11T21:00:00Z: $0.001424 21,840 B (2.71s)
[2026-09-23 21:20:02 PDT] [5/250] C NQ ohlcv-1m 2025-08-13T13:30:00Z..2025-08-13T20:00:00Z: $0.001424 21,840 B (1.60s)
[2026-09-23 21:20:02 PDT] [6/250] C ES ohlcv-1m 2026-04-15T13:30:00Z..2026-04-15T20:00:00Z: $0.001424 21,840 B (2.10s)
[2026-09-23 21:20:02 PDT] [7/250] C NQ ohlcv-1m 2025-05-14T13:30:00Z..2025-05-14T20:00:00Z: $0.001424 21,840 B (1.86s)
[2026-09-23 21:20:03 PDT] [8/250] C NQ ohlcv-1m 2026-04-15T13:30:00Z..2026-04-15T20:00:00Z: $0.001424 21,840 B (1.17s)
[2026-09-23 21:20:03 PDT] [9/250] C NQ ohlcv-1m 2025-11-12T14:30:00Z..2025-11-12T21:00:00Z: $0.001424 21,840 B (1.63s)
[2026-09-23 21:20:04 PDT] [10/250] C NQ ohlcv-1m 2026-02-11T14:30:00Z..2026-02-11T21:00:00Z: $0.001424 21,840 B (2.38s)
[2026-09-23 21:20:04 PDT] [11/250] C RTY ohlcv-1m 2025-08-13T13:30:00Z..2025-08-13T20:00:00Z: $0.001424 21,840 B (1.19s)
[2026-09-23 21:20:04 PDT] [12/250] C RTY ohlcv-1m 2025-11-12T14:30:00Z..2025-11-12T21:00:00Z: $0.001424 21,840 B (1.15s)
[2026-09-23 21:20:05 PDT] [13/250] C RTY ohlcv-1m 2025-05-14T13:30:00Z..2025-05-14T20:00:00Z: $0.001424 21,840 B (2.96s)
[2026-09-23 21:20:05 PDT] [14/250] C YM ohlcv-1m 2025-05-14T13:30:00Z..2025-05-14T20:00:00Z: $0.001424 21,840 B (0.95s)
[2026-09-23 21:20:05 PDT] [15/250] C RTY ohlcv-1m 2026-02-11T14:30:00Z..2026-02-11T21:00:00Z: $0.001424 21,840 B (1.21s)
[2026-09-23 21:20:05 PDT] [16/250] C RTY ohlcv-1m 2026-04-15T13:30:00Z..2026-04-15T20:00:00Z: $0.001424 21,840 B (1.35s)
[2026-09-23 21:20:06 PDT] [17/250] C YM ohlcv-1m 2025-08-13T13:30:00Z..2025-08-13T20:00:00Z: $0.001424 21,840 B (1.20s)
[2026-09-23 21:20:08 PDT] [18/250] C MNQ ohlcv-1m 2025-05-14T13:30:00Z..2025-05-14T20:00:00Z: $0.001424 21,840 B (2.57s)
[2026-09-23 21:20:10 PDT] [19/250] C YM ohlcv-1m 2025-11-12T14:30:00Z..2025-11-12T21:00:00Z: $0.001424 21,840 B (4.61s)
[2026-09-23 21:20:10 PDT] [20/250] C YM ohlcv-1m 2026-04-15T13:30:00Z..2026-04-15T20:00:00Z: $0.001424 21,840 B (4.38s)
[2026-09-23 21:20:11 PDT] [21/250] C MNQ ohlcv-1m 2026-02-11T14:30:00Z..2026-02-11T21:00:00Z: $0.001424 21,840 B (1.01s)
[2026-09-23 21:20:11 PDT] [22/250] C MNQ ohlcv-1m 2025-11-12T14:30:00Z..2025-11-12T21:00:00Z: $0.001424 21,840 B (1.78s)
[2026-09-23 21:20:12 PDT] [23/250] C YM ohlcv-1m 2026-02-11T14:30:00Z..2026-02-11T21:00:00Z: $0.001424 21,840 B (6.73s)
[2026-09-23 21:20:12 PDT] [24/250] C MNQ ohlcv-1m 2025-08-13T13:30:00Z..2025-08-13T20:00:00Z: $0.001424 21,840 B (3.79s)
[2026-09-23 21:20:13 PDT] [25/250] C M2K ohlcv-1m 2025-08-13T13:30:00Z..2025-08-13T20:00:00Z: $0.001424 21,840 B (1.02s)
[2026-09-23 21:20:13 PDT] [26/250] C M2K ohlcv-1m 2025-11-12T14:30:00Z..2025-11-12T21:00:00Z: $0.001424 21,840 B (1.07s)
[2026-09-23 21:20:14 PDT] [27/250] C M2K ohlcv-1m 2025-05-14T13:30:00Z..2025-05-14T20:00:00Z: $0.001424 21,840 B (2.11s)
[2026-09-23 21:20:14 PDT] [28/250] C MNQ ohlcv-1m 2026-04-15T13:30:00Z..2026-04-15T20:00:00Z: $0.001424 21,840 B (3.02s)
[2026-09-23 21:20:15 PDT] [29/250] C M2K ohlcv-1m 2026-02-11T14:30:00Z..2026-02-11T21:00:00Z: $0.001424 21,840 B (1.71s)
[2026-09-23 21:20:15 PDT] [30/250] C MYM ohlcv-1m 2025-05-14T13:30:00Z..2025-05-14T20:00:00Z: $0.001424 21,840 B (1.18s)
[2026-09-23 21:20:15 PDT] [31/250] C MYM ohlcv-1m 2025-08-13T13:30:00Z..2025-08-13T20:00:00Z: $0.001424 21,840 B (1.48s)
[2026-09-23 21:20:16 PDT] [32/250] C MYM ohlcv-1m 2026-02-11T14:30:00Z..2026-02-11T21:00:00Z: $0.001424 21,840 B (1.08s)
[2026-09-23 21:20:16 PDT] [33/250] C M2K ohlcv-1m 2026-04-15T13:30:00Z..2026-04-15T20:00:00Z: $0.001424 21,840 B (3.03s)
[2026-09-23 21:20:16 PDT] [34/250] C MYM ohlcv-1m 2026-04-15T13:30:00Z..2026-04-15T20:00:00Z: $0.001424 21,840 B (1.21s)
[2026-09-23 21:20:18 PDT] [35/250] C NKD ohlcv-1m 2025-05-14T13:30:00Z..2025-05-14T20:00:00Z: $0.001022 15,680 B (1.75s)
[2026-09-23 21:20:18 PDT] [36/250] C NKD ohlcv-1m 2025-08-13T13:30:00Z..2025-08-13T20:00:00Z: $0.000763 11,704 B (2.01s)
[2026-09-23 21:20:19 PDT] [37/250] C NKD ohlcv-1m 2026-02-11T14:30:00Z..2026-02-11T21:00:00Z: $0.000876 13,440 B (1.22s)
[2026-09-23 21:20:20 PDT] [38/250] C NKD ohlcv-1m 2025-11-12T14:30:00Z..2025-11-12T21:00:00Z: $0.000821 12,600 B (3.31s)
[2026-09-23 21:20:21 PDT] [39/250] C ZT ohlcv-1m 2025-05-14T12:20:00Z..2025-05-14T19:00:00Z: $0.001453 22,288 B (1.97s)
[2026-09-23 21:20:21 PDT] [40/250] C NKD ohlcv-1m 2026-04-15T13:30:00Z..2026-04-15T20:00:00Z: $0.000938 14,392 B (3.05s)
[2026-09-23 21:20:21 PDT] [41/250] C ZT ohlcv-1m 2025-08-13T12:20:00Z..2025-08-13T19:00:00Z: $0.001427 21,896 B (1.71s)
[2026-09-23 21:20:23 PDT] [42/250] C ZT ohlcv-1m 2025-11-12T13:20:00Z..2025-11-12T20:00:00Z: $0.001420 21,784 B (1.98s)
[2026-09-23 21:20:24 PDT] [43/250] C ZT ohlcv-1m 2026-04-15T12:20:00Z..2026-04-15T19:00:00Z: $0.001442 22,120 B (2.16s)
[2026-09-23 21:20:24 PDT] [44/250] C ZF ohlcv-1m 2025-05-14T12:20:00Z..2025-05-14T19:00:00Z: $0.001449 22,232 B (1.05s)
[2026-09-23 21:20:25 PDT] [45/250] C ZF ohlcv-1m 2025-08-13T12:20:00Z..2025-08-13T19:00:00Z: $0.001453 22,288 B (1.10s)
[2026-09-23 21:20:26 PDT] [46/250] C MYM ohlcv-1m 2025-11-12T14:30:00Z..2025-11-12T21:00:00Z: $0.001424 21,840 B (11.12s)
[2026-09-23 21:20:26 PDT] [47/250] C ZF ohlcv-1m 2025-11-12T13:20:00Z..2025-11-12T20:00:00Z: $0.001460 22,400 B (2.07s)
[2026-09-23 21:20:26 PDT] [48/250] C ZF ohlcv-1m 2026-02-11T13:20:00Z..2026-02-11T20:00:00Z: $0.001460 22,400 B (1.22s)
[2026-09-23 21:20:27 PDT] [49/250] C ZT ohlcv-1m 2026-02-11T13:20:00Z..2026-02-11T20:00:00Z: $0.001424 21,840 B (5.58s)
[2026-09-23 21:20:27 PDT] [50/250] C ZN ohlcv-1m 2025-08-13T12:20:00Z..2025-08-13T19:00:00Z: $0.001457 22,344 B (1.29s)
[2026-09-23 21:20:28 PDT] [51/250] C ZF ohlcv-1m 2026-04-15T12:20:00Z..2026-04-15T19:00:00Z: $0.001457 22,344 B (1.81s)
[2026-09-23 21:20:29 PDT] [52/250] C ZN ohlcv-1m 2026-02-11T13:20:00Z..2026-02-11T20:00:00Z: $0.001457 22,344 B (1.30s)
[2026-09-23 21:20:29 PDT] [53/250] C ZN ohlcv-1m 2025-05-14T12:20:00Z..2025-05-14T19:00:00Z: $0.001460 22,400 B (3.15s)
[2026-09-23 21:20:30 PDT] [54/250] C TN ohlcv-1m 2025-05-14T12:20:00Z..2025-05-14T19:00:00Z: $0.001446 22,176 B (1.85s)
[2026-09-23 21:20:31 PDT] [55/250] C ZN ohlcv-1m 2025-11-12T13:20:00Z..2025-11-12T20:00:00Z: $0.001460 22,400 B (3.82s)
[2026-09-23 21:20:32 PDT] [56/250] C TN ohlcv-1m 2025-11-12T13:20:00Z..2025-11-12T20:00:00Z: $0.001435 22,008 B (2.06s)
[2026-09-23 21:20:33 PDT] [57/250] C TN ohlcv-1m 2026-02-11T13:20:00Z..2026-02-11T20:00:00Z: $0.001449 22,232 B (2.41s)
[2026-09-23 21:20:33 PDT] [58/250] C TN ohlcv-1m 2025-08-13T12:20:00Z..2025-08-13T19:00:00Z: $0.001369 21,000 B (4.28s)
[2026-09-23 21:20:34 PDT] [59/250] C ZN ohlcv-1m 2026-04-15T12:20:00Z..2026-04-15T19:00:00Z: $0.001460 22,400 B (6.81s)
[2026-09-23 21:20:35 PDT] [60/250] C ZB ohlcv-1m 2025-05-14T12:20:00Z..2025-05-14T19:00:00Z: $0.001427 21,896 B (1.39s)
[2026-09-23 21:20:35 PDT] [61/250] C TN ohlcv-1m 2026-04-15T12:20:00Z..2026-04-15T19:00:00Z: $0.001402 21,504 B (2.26s)
[2026-09-23 21:20:35 PDT] [62/250] C ZB ohlcv-1m 2025-08-13T12:20:00Z..2025-08-13T19:00:00Z: $0.001438 22,064 B (1.59s)
[2026-09-23 21:20:36 PDT] [63/250] C ZB ohlcv-1m 2026-04-15T12:20:00Z..2026-04-15T19:00:00Z: $0.001435 22,008 B (1.25s)
[2026-09-23 21:20:36 PDT] [64/250] C ZB ohlcv-1m 2026-02-11T13:20:00Z..2026-02-11T20:00:00Z: $0.001446 22,176 B (1.48s)
[2026-09-23 21:20:36 PDT] [65/250] C ZB ohlcv-1m 2025-11-12T13:20:00Z..2025-11-12T20:00:00Z: $0.001442 22,120 B (2.01s)
[2026-09-23 21:20:36 PDT] [66/250] C UB ohlcv-1m 2025-05-14T12:20:00Z..2025-05-14T19:00:00Z: $0.001460 22,400 B (1.56s)
[2026-09-23 21:20:37 PDT] [67/250] C UB ohlcv-1m 2025-08-13T12:20:00Z..2025-08-13T19:00:00Z: $0.001409 21,616 B (1.24s)
[2026-09-23 21:20:37 PDT] [68/250] C UB ohlcv-1m 2025-11-12T13:20:00Z..2025-11-12T20:00:00Z: $0.001449 22,232 B (1.22s)
[2026-09-23 21:20:39 PDT] [69/250] C UB ohlcv-1m 2026-04-15T12:20:00Z..2026-04-15T19:00:00Z: $0.001413 21,672 B (2.22s)
[2026-09-23 21:20:40 PDT] [70/250] C UB ohlcv-1m 2026-02-11T13:20:00Z..2026-02-11T20:00:00Z: $0.001442 22,120 B (3.36s)
[2026-09-23 21:20:40 PDT] [71/250] C 6A ohlcv-1m 2025-11-12T13:20:00Z..2025-11-12T20:00:00Z: $0.001460 22,400 B (1.14s)
[2026-09-23 21:20:40 PDT] [72/250] C 6A ohlcv-1m 2025-05-14T12:20:00Z..2025-05-14T19:00:00Z: $0.001460 22,400 B (2.66s)
[2026-09-23 21:20:41 PDT] [73/250] C 6A ohlcv-1m 2025-08-13T12:20:00Z..2025-08-13T19:00:00Z: $0.001453 22,288 B (3.88s)
[2026-09-23 21:20:42 PDT] [74/250] C 6A ohlcv-1m 2026-04-15T12:20:00Z..2026-04-15T19:00:00Z: $0.001460 22,400 B (2.05s)
[2026-09-23 21:20:42 PDT] [75/250] C 6B ohlcv-1m 2025-08-13T12:20:00Z..2025-08-13T19:00:00Z: $0.001431 21,952 B (1.06s)
[2026-09-23 21:20:42 PDT] [76/250] C 6B ohlcv-1m 2025-05-14T12:20:00Z..2025-05-14T19:00:00Z: $0.001460 22,400 B (2.50s)
[2026-09-23 21:20:43 PDT] [77/250] C 6B ohlcv-1m 2025-11-12T13:20:00Z..2025-11-12T20:00:00Z: $0.001420 21,784 B (1.15s)
[2026-09-23 21:20:43 PDT] [78/250] C 6B ohlcv-1m 2026-02-11T13:20:00Z..2026-02-11T20:00:00Z: $0.001453 22,288 B (1.04s)
[2026-09-23 21:20:43 PDT] [79/250] C 6A ohlcv-1m 2026-02-11T13:20:00Z..2026-02-11T20:00:00Z: $0.001460 22,400 B (3.66s)
[2026-09-23 21:20:43 PDT] [80/250] C 6B ohlcv-1m 2026-04-15T12:20:00Z..2026-04-15T19:00:00Z: $0.001438 22,064 B (1.13s)
[2026-09-23 21:20:44 PDT] [81/250] C 6C ohlcv-1m 2025-05-14T12:20:00Z..2025-05-14T19:00:00Z: $0.001453 22,288 B (1.15s)
[2026-09-23 21:20:45 PDT] [82/250] C 6C ohlcv-1m 2025-11-12T13:20:00Z..2025-11-12T20:00:00Z: $0.001402 21,504 B (1.33s)
[2026-09-23 21:20:45 PDT] [83/250] C 6C ohlcv-1m 2025-08-13T12:20:00Z..2025-08-13T19:00:00Z: $0.001435 22,008 B (1.77s)
[2026-09-23 21:20:46 PDT] [84/250] C 6C ohlcv-1m 2026-04-15T12:20:00Z..2026-04-15T19:00:00Z: $0.001442 22,120 B (1.88s)
[2026-09-23 21:20:46 PDT] [85/250] C 6C ohlcv-1m 2026-02-11T13:20:00Z..2026-02-11T20:00:00Z: $0.001457 22,344 B (2.68s)
[2026-09-23 21:20:47 PDT] [86/250] C 6E ohlcv-1m 2025-05-14T12:20:00Z..2025-05-14T19:00:00Z: $0.001460 22,400 B (2.15s)
[2026-09-23 21:20:47 PDT] [87/250] C 6E ohlcv-1m 2025-11-12T13:20:00Z..2025-11-12T20:00:00Z: $0.001453 22,288 B (1.30s)
[2026-09-23 21:20:48 PDT] [88/250] C 6E ohlcv-1m 2026-02-11T13:20:00Z..2026-02-11T20:00:00Z: $0.001460 22,400 B (1.63s)
[2026-09-23 21:20:48 PDT] [89/250] C 6J ohlcv-1m 2025-05-14T12:20:00Z..2025-05-14T19:00:00Z: $0.001460 22,400 B (0.96s)
[2026-09-23 21:20:49 PDT] [90/250] C 6E ohlcv-1m 2026-04-15T12:20:00Z..2026-04-15T19:00:00Z: $0.001460 22,400 B (2.28s)
[2026-09-23 21:20:49 PDT] [91/250] C 6J ohlcv-1m 2025-08-13T12:20:00Z..2025-08-13T19:00:00Z: $0.001449 22,232 B (1.64s)
[2026-09-23 21:20:50 PDT] [92/250] C 6J ohlcv-1m 2025-11-12T13:20:00Z..2025-11-12T20:00:00Z: $0.001449 22,232 B (1.34s)
[2026-09-23 21:20:50 PDT] [93/250] C 6E ohlcv-1m 2025-08-13T12:20:00Z..2025-08-13T19:00:00Z: $0.001457 22,344 B (5.17s)
[2026-09-23 21:20:51 PDT] [94/250] C 6S ohlcv-1m 2025-05-14T12:20:00Z..2025-05-14T19:00:00Z: $0.001460 22,400 B (1.36s)
[2026-09-23 21:20:51 PDT] [95/250] C 6J ohlcv-1m 2026-02-11T13:20:00Z..2026-02-11T20:00:00Z: $0.001460 22,400 B (2.09s)
[2026-09-23 21:20:51 PDT] [96/250] C 6S ohlcv-1m 2025-08-13T12:20:00Z..2025-08-13T19:00:00Z: $0.001406 21,560 B (1.17s)
[2026-09-23 21:20:52 PDT] [97/250] C 6J ohlcv-1m 2026-04-15T12:20:00Z..2026-04-15T19:00:00Z: $0.001449 22,232 B (2.10s)
[2026-09-23 21:20:53 PDT] [98/250] C 6M ohlcv-1m 2025-05-14T12:20:00Z..2025-05-14T19:00:00Z: $0.001307 20,048 B (1.01s)
[2026-09-23 21:20:53 PDT] [99/250] C 6S ohlcv-1m 2026-02-11T13:20:00Z..2026-02-11T20:00:00Z: $0.001365 20,944 B (1.41s)
[2026-09-23 21:20:54 PDT] [100/250] C 6S ohlcv-1m 2025-11-12T13:20:00Z..2025-11-12T20:00:00Z: $0.001424 21,840 B (3.29s)
[2026-09-23 21:20:54 PDT] [101/250] C 6M ohlcv-1m 2025-08-13T12:20:00Z..2025-08-13T19:00:00Z: $0.001281 19,656 B (1.94s)
[2026-09-23 21:20:55 PDT] [102/250] C 6M ohlcv-1m 2025-11-12T13:20:00Z..2025-11-12T20:00:00Z: $0.001143 17,528 B (1.95s)
[2026-09-23 21:20:55 PDT] [103/250] C 6S ohlcv-1m 2026-04-15T12:20:00Z..2026-04-15T19:00:00Z: $0.001427 21,896 B (3.51s)
[2026-09-23 21:20:55 PDT] [104/250] C 6M ohlcv-1m 2026-02-11T13:20:00Z..2026-02-11T20:00:00Z: $0.001460 22,400 B (0.98s)
[2026-09-23 21:20:55 PDT] [105/250] C 6M ohlcv-1m 2026-04-15T12:20:00Z..2026-04-15T19:00:00Z: $0.001406 21,560 B (0.93s)
[2026-09-23 21:20:56 PDT] [106/250] C 6N ohlcv-1m 2025-05-14T12:20:00Z..2025-05-14T19:00:00Z: $0.001427 21,896 B (1.16s)
[2026-09-23 21:20:58 PDT] [107/250] C 6N ohlcv-1m 2026-02-11T13:20:00Z..2026-02-11T20:00:00Z: $0.001442 22,120 B (2.54s)
[2026-09-23 21:20:58 PDT] [108/250] C 6N ohlcv-1m 2025-08-13T12:20:00Z..2025-08-13T19:00:00Z: $0.001347 20,664 B (3.33s)
[2026-09-23 21:20:58 PDT] [109/250] C 6N ohlcv-1m 2025-11-12T13:20:00Z..2025-11-12T20:00:00Z: $0.001380 21,168 B (3.09s)
[2026-09-23 21:20:59 PDT] [110/250] C E7 ohlcv-1m 2025-05-14T12:20:00Z..2025-05-14T19:00:00Z: $0.001040 15,960 B (1.11s)
[2026-09-23 21:20:59 PDT] [111/250] C 6N ohlcv-1m 2026-04-15T12:20:00Z..2026-04-15T19:00:00Z: $0.001395 21,392 B (3.51s)
[2026-09-23 21:21:00 PDT] [112/250] C E7 ohlcv-1m 2025-08-13T12:20:00Z..2025-08-13T19:00:00Z: $0.000825 12,656 B (1.37s)
[2026-09-23 21:21:00 PDT] [113/250] C E7 ohlcv-1m 2025-11-12T13:20:00Z..2025-11-12T20:00:00Z: $0.000781 11,984 B (1.36s)
[2026-09-23 21:21:01 PDT] [114/250] C M6E ohlcv-1m 2025-08-13T12:20:00Z..2025-08-13T19:00:00Z: $0.001391 21,336 B (1.01s)
[2026-09-23 21:21:01 PDT] [115/250] C E7 ohlcv-1m 2026-02-11T13:20:00Z..2026-02-11T20:00:00Z: $0.001117 17,136 B (1.78s)
[2026-09-23 21:21:01 PDT] [116/250] C M6E ohlcv-1m 2025-05-14T12:20:00Z..2025-05-14T19:00:00Z: $0.001449 22,232 B (1.33s)
[2026-09-23 21:21:01 PDT] [117/250] C E7 ohlcv-1m 2026-04-15T12:20:00Z..2026-04-15T19:00:00Z: $0.000931 14,280 B (1.77s)
[2026-09-23 21:21:02 PDT] [118/250] C M6E ohlcv-1m 2025-11-12T13:20:00Z..2025-11-12T20:00:00Z: $0.001333 20,440 B (1.69s)
[2026-09-23 21:21:02 PDT] [119/250] C M6E ohlcv-1m 2026-04-15T12:20:00Z..2026-04-15T19:00:00Z: $0.001369 21,000 B (1.54s)
[2026-09-23 21:21:04 PDT] [120/250] C M6E ohlcv-1m 2026-02-11T13:20:00Z..2026-02-11T20:00:00Z: $0.001406 21,560 B (3.17s)
[2026-09-23 21:21:04 PDT] [121/250] C M6A ohlcv-1m 2025-11-12T13:20:00Z..2025-11-12T20:00:00Z: $0.000763 11,704 B (1.66s)
[2026-09-23 21:21:05 PDT] [122/250] C M6A ohlcv-1m 2025-08-13T12:20:00Z..2025-08-13T19:00:00Z: $0.000960 14,728 B (2.73s)
[2026-09-23 21:21:05 PDT] [123/250] C M6A ohlcv-1m 2025-05-14T12:20:00Z..2025-05-14T19:00:00Z: $0.001252 19,208 B (4.22s)
[2026-09-23 21:21:06 PDT] [124/250] C M6A ohlcv-1m 2026-04-15T12:20:00Z..2026-04-15T19:00:00Z: $0.001084 16,632 B (1.83s)
[2026-09-23 21:21:07 PDT] [125/250] C M6B ohlcv-1m 2025-08-13T12:20:00Z..2025-08-13T19:00:00Z: $0.000821 12,600 B (1.47s)
[2026-09-23 21:21:07 PDT] [126/250] C M6B ohlcv-1m 2025-05-14T12:20:00Z..2025-05-14T19:00:00Z: $0.000876 13,440 B (1.66s)
[2026-09-23 21:21:07 PDT] [127/250] C M6B ohlcv-1m 2025-11-12T13:20:00Z..2025-11-12T20:00:00Z: $0.000876 13,440 B (1.15s)
[2026-09-23 21:21:09 PDT] [128/250] C M6B ohlcv-1m 2026-04-15T12:20:00Z..2026-04-15T19:00:00Z: $0.000763 11,704 B (2.15s)
[2026-09-23 21:21:09 PDT] [129/250] C CL ohlcv-1m 2025-05-14T13:00:00Z..2025-05-14T18:30:00Z: $0.001205 18,480 B (2.09s)
[2026-09-23 21:21:10 PDT] [130/250] C M6B ohlcv-1m 2026-02-11T13:20:00Z..2026-02-11T20:00:00Z: $0.001154 17,696 B (2.80s)
[2026-09-23 21:21:11 PDT] [131/250] C CL ohlcv-1m 2026-02-11T14:00:00Z..2026-02-11T19:30:00Z: $0.001205 18,480 B (1.14s)
[2026-09-23 21:21:11 PDT] [132/250] C CL ohlcv-1m 2025-08-13T13:00:00Z..2025-08-13T18:30:00Z: $0.001205 18,480 B (1.90s)
[2026-09-23 21:21:13 PDT] [133/250] C CL ohlcv-1m 2025-11-12T14:00:00Z..2025-11-12T19:30:00Z: $0.001205 18,480 B (3.47s)
[2026-09-23 21:21:13 PDT] [134/250] C CL ohlcv-1m 2026-04-15T13:00:00Z..2026-04-15T18:30:00Z: $0.001205 18,480 B (2.18s)
[2026-09-23 21:21:13 PDT] [135/250] C QM ohlcv-1m 2025-05-14T13:00:00Z..2025-05-14T18:30:00Z: $0.001073 16,464 B (2.31s)
[2026-09-23 21:21:14 PDT] [136/250] C QM ohlcv-1m 2025-11-12T14:00:00Z..2025-11-12T19:30:00Z: $0.001088 16,688 B (1.37s)
[2026-09-23 21:21:14 PDT] [137/250] C QM ohlcv-1m 2025-08-13T13:00:00Z..2025-08-13T18:30:00Z: $0.000964 14,784 B (1.77s)
[2026-09-23 21:21:15 PDT] [138/250] C QM ohlcv-1m 2026-02-11T14:00:00Z..2026-02-11T19:30:00Z: $0.000949 14,560 B (1.92s)
[2026-09-23 21:21:16 PDT] [139/250] C QM ohlcv-1m 2026-04-15T13:00:00Z..2026-04-15T18:30:00Z: $0.001168 17,920 B (1.43s)
[2026-09-23 21:21:17 PDT] [140/250] C MCL ohlcv-1m 2025-05-14T13:00:00Z..2025-05-14T18:30:00Z: $0.001205 18,480 B (2.11s)
[2026-09-23 21:21:17 PDT] [141/250] C MCL ohlcv-1m 2025-08-13T13:00:00Z..2025-08-13T18:30:00Z: $0.001205 18,480 B (1.63s)
[2026-09-23 21:21:18 PDT] [142/250] C M6A ohlcv-1m 2026-02-11T13:20:00Z..2026-02-11T20:00:00Z: $0.001278 19,600 B (13.59s)
[2026-09-23 21:21:18 PDT] [143/250] C MCL ohlcv-1m 2025-11-12T14:00:00Z..2025-11-12T19:30:00Z: $0.001205 18,480 B (2.80s)
[2026-09-23 21:21:19 PDT] [144/250] C NG ohlcv-1m 2025-05-14T13:00:00Z..2025-05-14T18:30:00Z: $0.001205 18,480 B (0.91s)
[2026-09-23 21:21:20 PDT] [145/250] C MCL ohlcv-1m 2026-02-11T14:00:00Z..2026-02-11T19:30:00Z: $0.001205 18,480 B (3.13s)
[2026-09-23 21:21:20 PDT] [146/250] C NG ohlcv-1m 2025-11-12T14:00:00Z..2025-11-12T19:30:00Z: $0.001205 18,480 B (1.42s)
[2026-09-23 21:21:20 PDT] [147/250] C NG ohlcv-1m 2025-08-13T13:00:00Z..2025-08-13T18:30:00Z: $0.001205 18,480 B (1.97s)
[2026-09-23 21:21:21 PDT] [148/250] C MCL ohlcv-1m 2026-04-15T13:00:00Z..2026-04-15T18:30:00Z: $0.001205 18,480 B (3.93s)
[2026-09-23 21:21:21 PDT] [149/250] C NG ohlcv-1m 2026-02-11T14:00:00Z..2026-02-11T19:30:00Z: $0.001205 18,480 B (1.53s)
[2026-09-23 21:21:21 PDT] [150/250] C NG ohlcv-1m 2026-04-15T13:00:00Z..2026-04-15T18:30:00Z: $0.001205 18,480 B (1.32s)
[2026-09-23 21:21:22 PDT] [151/250] C QG ohlcv-1m 2026-02-11T14:00:00Z..2026-02-11T19:30:00Z: $0.000891 13,664 B (0.95s)
[2026-09-23 21:21:22 PDT] [152/250] C QG ohlcv-1m 2025-05-14T13:00:00Z..2025-05-14T18:30:00Z: $0.000789 12,096 B (2.01s)
[2026-09-23 21:21:23 PDT] [153/250] C QG ohlcv-1m 2025-08-13T13:00:00Z..2025-08-13T18:30:00Z: $0.000719 11,032 B (2.22s)
[2026-09-23 21:21:23 PDT] [154/250] C QG ohlcv-1m 2025-11-12T14:00:00Z..2025-11-12T19:30:00Z: $0.000946 14,504 B (2.24s)
[2026-09-23 21:21:24 PDT] [155/250] C MNG ohlcv-1m 2025-08-13T13:00:00Z..2025-08-13T18:30:00Z: $0.001095 16,800 B (1.28s)
[2026-09-23 21:21:24 PDT] [156/250] C QG ohlcv-1m 2026-04-15T13:00:00Z..2026-04-15T18:30:00Z: $0.000445 6,832 B (2.23s)
[2026-09-23 21:21:25 PDT] [157/250] C MNG ohlcv-1m 2025-11-12T14:00:00Z..2025-11-12T19:30:00Z: $0.001179 18,088 B (1.62s)
[2026-09-23 21:21:25 PDT] [158/250] C MNG ohlcv-1m 2025-05-14T13:00:00Z..2025-05-14T18:30:00Z: $0.001139 17,472 B (2.71s)
[2026-09-23 21:21:25 PDT] [159/250] C MNG ohlcv-1m 2026-02-11T14:00:00Z..2026-02-11T19:30:00Z: $0.001154 17,696 B (1.32s)
[2026-09-23 21:21:27 PDT] [160/250] C RB ohlcv-1m 2025-11-12T14:00:00Z..2025-11-12T19:30:00Z: $0.001205 18,480 B (2.05s)
[2026-09-23 21:21:28 PDT] [161/250] C RB ohlcv-1m 2025-05-14T13:00:00Z..2025-05-14T18:30:00Z: $0.001205 18,480 B (2.73s)
[2026-09-23 21:21:29 PDT] [162/250] C RB ohlcv-1m 2026-02-11T14:00:00Z..2026-02-11T19:30:00Z: $0.001205 18,480 B (1.33s)
[2026-09-23 21:21:30 PDT] [163/250] C MNG ohlcv-1m 2026-04-15T13:00:00Z..2026-04-15T18:30:00Z: $0.001026 15,736 B (5.21s)
[2026-09-23 21:21:30 PDT] [164/250] C RB ohlcv-1m 2026-04-15T13:00:00Z..2026-04-15T18:30:00Z: $0.001205 18,480 B (2.41s)
[2026-09-23 21:21:30 PDT] [165/250] C RB ohlcv-1m 2025-08-13T13:00:00Z..2025-08-13T18:30:00Z: $0.001205 18,480 B (5.21s)
[2026-09-23 21:21:31 PDT] [166/250] C HO ohlcv-1m 2025-05-14T13:00:00Z..2025-05-14T18:30:00Z: $0.001205 18,480 B (1.89s)
[2026-09-23 21:21:31 PDT] [167/250] C HO ohlcv-1m 2025-08-13T13:00:00Z..2025-08-13T18:30:00Z: $0.001205 18,480 B (1.14s)
[2026-09-23 21:21:32 PDT] [168/250] C HO ohlcv-1m 2025-11-12T14:00:00Z..2025-11-12T19:30:00Z: $0.001205 18,480 B (1.35s)
[2026-09-23 21:21:32 PDT] [169/250] C GC ohlcv-1m 2025-05-14T12:20:00Z..2025-05-14T17:30:00Z: $0.001132 17,360 B (0.97s)
[2026-09-23 21:21:32 PDT] [170/250] C HO ohlcv-1m 2026-04-15T13:00:00Z..2026-04-15T18:30:00Z: $0.001205 18,480 B (1.14s)
[2026-09-23 21:21:32 PDT] [171/250] C HO ohlcv-1m 2026-02-11T14:00:00Z..2026-02-11T19:30:00Z: $0.001205 18,480 B (1.64s)
[2026-09-23 21:21:33 PDT] [172/250] C GC ohlcv-1m 2025-11-12T13:20:00Z..2025-11-12T18:30:00Z: $0.001132 17,360 B (1.38s)
[2026-09-23 21:21:33 PDT] [173/250] C GC ohlcv-1m 2026-02-11T13:20:00Z..2026-02-11T18:30:00Z: $0.001132 17,360 B (1.64s)
[2026-09-23 21:21:34 PDT] [174/250] C GC ohlcv-1m 2026-04-15T12:20:00Z..2026-04-15T17:30:00Z: $0.001132 17,360 B (1.59s)
[2026-09-23 21:21:34 PDT] [175/250] C MGC ohlcv-1m 2025-05-14T12:20:00Z..2025-05-14T17:30:00Z: $0.001132 17,360 B (1.28s)
[2026-09-23 21:21:35 PDT] [176/250] C MGC ohlcv-1m 2025-08-13T12:20:00Z..2025-08-13T17:30:00Z: $0.001132 17,360 B (1.16s)
[2026-09-23 21:21:35 PDT] [177/250] C MGC ohlcv-1m 2025-11-12T13:20:00Z..2025-11-12T18:30:00Z: $0.001132 17,360 B (1.90s)
[2026-09-23 21:21:36 PDT] [178/250] C MGC ohlcv-1m 2026-02-11T13:20:00Z..2026-02-11T18:30:00Z: $0.001132 17,360 B (1.53s)
[2026-09-23 21:21:36 PDT] [179/250] C GC ohlcv-1m 2025-08-13T12:20:00Z..2025-08-13T17:30:00Z: $0.001132 17,360 B (4.50s)
[2026-09-23 21:21:37 PDT] [180/250] C MGC ohlcv-1m 2026-04-15T12:20:00Z..2026-04-15T17:30:00Z: $0.001132 17,360 B (2.27s)
[2026-09-23 21:21:37 PDT] [181/250] C SI ohlcv-1m 2025-11-12T13:20:00Z..2025-11-12T18:30:00Z: $0.001132 17,360 B (1.37s)
[2026-09-23 21:21:38 PDT] [182/250] C SI ohlcv-1m 2026-02-11T13:20:00Z..2026-02-11T18:30:00Z: $0.001132 17,360 B (1.24s)
[2026-09-23 21:21:39 PDT] [183/250] C SI ohlcv-1m 2025-08-13T12:20:00Z..2025-08-13T17:30:00Z: $0.001128 17,304 B (2.87s)
[2026-09-23 21:21:39 PDT] [184/250] C SI ohlcv-1m 2026-04-15T12:20:00Z..2026-04-15T17:30:00Z: $0.001132 17,360 B (1.70s)
[2026-09-23 21:21:40 PDT] [185/250] C SIL ohlcv-1m 2025-05-14T12:20:00Z..2025-05-14T17:30:00Z: $0.001092 16,744 B (1.59s)
[2026-09-23 21:21:40 PDT] [186/250] C SIL ohlcv-1m 2025-08-13T12:20:00Z..2025-08-13T17:30:00Z: $0.001117 17,136 B (1.41s)
[2026-09-23 21:21:41 PDT] [187/250] C SIL ohlcv-1m 2026-02-11T13:20:00Z..2026-02-11T18:30:00Z: $0.001132 17,360 B (1.22s)
[2026-09-23 21:21:42 PDT] [188/250] C SI ohlcv-1m 2025-05-14T12:20:00Z..2025-05-14T17:30:00Z: $0.001132 17,360 B (6.10s)
[2026-09-23 21:21:42 PDT] [189/250] C HG ohlcv-1m 2025-05-14T12:20:00Z..2025-05-14T17:30:00Z: $0.001132 17,360 B (0.91s)
[2026-09-23 21:21:42 PDT] [190/250] C SIL ohlcv-1m 2025-11-12T13:20:00Z..2025-11-12T18:30:00Z: $0.001132 17,360 B (2.87s)
[2026-09-23 21:21:43 PDT] [191/250] C HG ohlcv-1m 2025-11-12T13:20:00Z..2025-11-12T18:30:00Z: $0.001128 17,304 B (1.52s)
[2026-09-23 21:21:45 PDT] [192/250] C HG ohlcv-1m 2026-02-11T13:20:00Z..2026-02-11T18:30:00Z: $0.001132 17,360 B (2.93s)
[2026-09-23 21:21:46 PDT] [193/250] C SIL ohlcv-1m 2026-04-15T12:20:00Z..2026-04-15T17:30:00Z: $0.001132 17,360 B (5.61s)
[2026-09-23 21:21:46 PDT] [194/250] C MHG ohlcv-1m 2025-05-14T12:20:00Z..2025-05-14T17:30:00Z: $0.001092 16,744 B (1.22s)
[2026-09-23 21:21:46 PDT] [195/250] C HG ohlcv-1m 2025-08-13T12:20:00Z..2025-08-13T17:30:00Z: $0.001121 17,192 B (4.74s)
[2026-09-23 21:21:47 PDT] [196/250] C HG ohlcv-1m 2026-04-15T12:20:00Z..2026-04-15T17:30:00Z: $0.001128 17,304 B (3.34s)
[2026-09-23 21:21:47 PDT] [197/250] C MHG ohlcv-1m 2025-11-12T13:20:00Z..2025-11-12T18:30:00Z: $0.001084 16,632 B (1.25s)
[2026-09-23 21:21:48 PDT] [198/250] C MHG ohlcv-1m 2026-02-11T13:20:00Z..2026-02-11T18:30:00Z: $0.001128 17,304 B (1.42s)
[2026-09-23 21:21:49 PDT] [199/250] C MHG ohlcv-1m 2025-08-13T12:20:00Z..2025-08-13T17:30:00Z: $0.000964 14,784 B (2.75s)
[2026-09-23 21:21:49 PDT] [200/250] C PL ohlcv-1m 2025-05-14T12:20:00Z..2025-05-14T17:30:00Z: $0.001128 17,304 B (1.47s)
[2026-09-23 21:21:50 PDT] [201/250] C PL ohlcv-1m 2026-02-11T13:20:00Z..2026-02-11T18:30:00Z: $0.001124 17,248 B (1.44s)
[2026-09-23 21:21:51 PDT] [202/250] C PL ohlcv-1m 2025-08-13T12:20:00Z..2025-08-13T17:30:00Z: $0.001124 17,248 B (3.03s)
[2026-09-23 21:21:51 PDT] [203/250] C PL ohlcv-1m 2025-11-12T13:20:00Z..2025-11-12T18:30:00Z: $0.001132 17,360 B (2.50s)
[2026-09-23 21:21:52 PDT] [204/250] C ZC ohlcv-1m 2025-05-14T13:30:00Z..2025-05-14T18:20:00Z: $0.001059 16,240 B (1.11s)
[2026-09-23 21:21:52 PDT] [205/250] C ZC ohlcv-1m 2025-08-13T13:30:00Z..2025-08-13T18:20:00Z: $0.001059 16,240 B (1.08s)
[2026-09-23 21:21:53 PDT] [206/250] C ZC ohlcv-1m 2025-11-12T14:30:00Z..2025-11-12T19:20:00Z: $0.001059 16,240 B (1.16s)
[2026-09-23 21:21:54 PDT] [207/250] C ZC ohlcv-1m 2026-02-11T14:30:00Z..2026-02-11T19:20:00Z: $0.001059 16,240 B (1.55s)
[2026-09-23 21:21:55 PDT] [208/250] C ZW ohlcv-1m 2025-05-14T13:30:00Z..2025-05-14T18:20:00Z: $0.001051 16,128 B (1.52s)
[2026-09-23 21:21:56 PDT] [209/250] C ZC ohlcv-1m 2026-04-15T13:30:00Z..2026-04-15T18:20:00Z: $0.001059 16,240 B (3.31s)
[2026-09-23 21:21:57 PDT] [210/250] C ZW ohlcv-1m 2025-08-13T13:30:00Z..2025-08-13T18:20:00Z: $0.001040 15,960 B (1.65s)
[2026-09-23 21:21:58 PDT] [211/250] C PL ohlcv-1m 2026-04-15T12:20:00Z..2026-04-15T17:30:00Z: $0.001099 16,856 B (7.24s)
[2026-09-23 21:21:58 PDT] [212/250] C ZW ohlcv-1m 2026-02-11T14:30:00Z..2026-02-11T19:20:00Z: $0.001051 16,128 B (1.58s)
[2026-09-23 21:21:59 PDT] [213/250] C ZW ohlcv-1m 2025-11-12T14:30:00Z..2025-11-12T19:20:00Z: $0.001044 16,016 B (2.30s)
[2026-09-23 21:21:59 PDT] [214/250] C MHG ohlcv-1m 2026-04-15T12:20:00Z..2026-04-15T17:30:00Z: $0.001059 16,240 B (11.99s)
[2026-09-23 21:22:00 PDT] [215/250] C ZS ohlcv-1m 2025-05-14T13:30:00Z..2025-05-14T18:20:00Z: $0.001059 16,240 B (1.31s)
[2026-09-23 21:22:00 PDT] [216/250] C ZS ohlcv-1m 2025-11-12T14:30:00Z..2025-11-12T19:20:00Z: $0.001059 16,240 B (1.27s)
[2026-09-23 21:22:01 PDT] [217/250] C ZW ohlcv-1m 2026-04-15T13:30:00Z..2026-04-15T18:20:00Z: $0.001055 16,184 B (3.27s)
[2026-09-23 21:22:01 PDT] [218/250] C ZS ohlcv-1m 2026-02-11T14:30:00Z..2026-02-11T19:20:00Z: $0.001059 16,240 B (1.55s)
[2026-09-23 21:22:01 PDT] [219/250] C ZS ohlcv-1m 2025-08-13T13:30:00Z..2025-08-13T18:20:00Z: $0.001059 16,240 B (2.81s)
[2026-09-23 21:22:02 PDT] [220/250] C ZS ohlcv-1m 2026-04-15T13:30:00Z..2026-04-15T18:20:00Z: $0.001059 16,240 B (1.54s)
[2026-09-23 21:22:03 PDT] [221/250] C ZM ohlcv-1m 2025-05-14T13:30:00Z..2025-05-14T18:20:00Z: $0.001059 16,240 B (1.84s)
[2026-09-23 21:22:03 PDT] [222/250] C ZM ohlcv-1m 2025-11-12T14:30:00Z..2025-11-12T19:20:00Z: $0.001059 16,240 B (1.52s)
[2026-09-23 21:22:04 PDT] [223/250] C ZL ohlcv-1m 2025-05-14T13:30:00Z..2025-05-14T18:20:00Z: $0.001059 16,240 B (1.50s)
[2026-09-23 21:22:05 PDT] [224/250] C ZM ohlcv-1m 2026-04-15T13:30:00Z..2026-04-15T18:20:00Z: $0.001059 16,240 B (2.02s)
[2026-09-23 21:22:05 PDT] [225/250] C ZM ohlcv-1m 2026-02-11T14:30:00Z..2026-02-11T19:20:00Z: $0.001059 16,240 B (3.20s)
[2026-09-23 21:22:05 PDT] [226/250] C ZM ohlcv-1m 2025-08-13T13:30:00Z..2025-08-13T18:20:00Z: $0.001059 16,240 B (3.93s)
[2026-09-23 21:22:07 PDT] [227/250] C ZL ohlcv-1m 2026-02-11T14:30:00Z..2026-02-11T19:20:00Z: $0.001059 16,240 B (1.77s)
[2026-09-23 21:22:07 PDT] [228/250] C ZL ohlcv-1m 2025-08-13T13:30:00Z..2025-08-13T18:20:00Z: $0.001059 16,240 B (2.25s)
[2026-09-23 21:22:07 PDT] [229/250] C ZL ohlcv-1m 2025-11-12T14:30:00Z..2025-11-12T19:20:00Z: $0.001059 16,240 B (2.35s)
[2026-09-23 21:22:08 PDT] [230/250] C HE ohlcv-1m 2025-05-14T13:30:00Z..2025-05-14T18:05:00Z: $0.001004 15,400 B (1.29s)
[2026-09-23 21:22:08 PDT] [231/250] C HE ohlcv-1m 2025-08-13T13:30:00Z..2025-08-13T18:05:00Z: $0.001000 15,344 B (1.14s)
[2026-09-23 21:22:08 PDT] [232/250] C ZL ohlcv-1m 2026-04-15T13:30:00Z..2026-04-15T18:20:00Z: $0.001059 16,240 B (3.18s)
[2026-09-23 21:22:09 PDT] [233/250] C HE ohlcv-1m 2025-11-12T14:30:00Z..2025-11-12T19:05:00Z: $0.001000 15,344 B (1.54s)
[2026-09-23 21:22:10 PDT] [234/250] C LE ohlcv-1m 2025-08-13T13:30:00Z..2025-08-13T18:05:00Z: $0.001004 15,400 B (0.99s)
[2026-09-23 21:22:10 PDT] [235/250] C HE ohlcv-1m 2026-04-15T13:30:00Z..2026-04-15T18:05:00Z: $0.001004 15,400 B (2.01s)
[2026-09-23 21:22:10 PDT] [236/250] C HE ohlcv-1m 2026-02-11T14:30:00Z..2026-02-11T19:05:00Z: $0.001000 15,344 B (2.44s)
[2026-09-23 21:22:11 PDT] [237/250] C LE ohlcv-1m 2025-05-14T13:30:00Z..2025-05-14T18:05:00Z: $0.001004 15,400 B (2.94s)
[2026-09-23 21:22:11 PDT] [238/250] C LE ohlcv-1m 2026-02-11T14:30:00Z..2026-02-11T19:05:00Z: $0.001004 15,400 B (1.60s)
[2026-09-23 21:22:12 PDT] [239/250] C LE ohlcv-1m 2026-04-15T13:30:00Z..2026-04-15T18:05:00Z: $0.001000 15,344 B (1.42s)
[2026-09-23 21:22:13 PDT] [240/250] C MBT ohlcv-1m 2025-11-12T14:30:00Z..2025-11-12T21:00:00Z: $0.001424 21,840 B (0.89s)
[2026-09-23 21:22:13 PDT] [241/250] C LE ohlcv-1m 2025-11-12T14:30:00Z..2025-11-12T19:05:00Z: $0.001004 15,400 B (3.11s)
[2026-09-23 21:22:13 PDT] [242/250] C MBT ohlcv-1m 2025-05-14T13:30:00Z..2025-05-14T20:00:00Z: $0.001417 21,728 B (1.87s)
[2026-09-23 21:22:14 PDT] [243/250] C MBT ohlcv-1m 2025-08-13T13:30:00Z..2025-08-13T20:00:00Z: $0.001424 21,840 B (2.17s)
[2026-09-23 21:22:14 PDT] [244/250] C MBT ohlcv-1m 2026-04-15T13:30:00Z..2026-04-15T20:00:00Z: $0.001406 21,560 B (1.08s)
[2026-09-23 21:22:14 PDT] [245/250] C MBT ohlcv-1m 2026-02-11T14:30:00Z..2026-02-11T21:00:00Z: $0.001424 21,840 B (1.85s)
[2026-09-23 21:22:15 PDT] [246/250] C MET ohlcv-1m 2025-05-14T13:30:00Z..2025-05-14T20:00:00Z: $0.001300 19,936 B (2.00s)
[2026-09-23 21:22:16 PDT] [247/250] C MET ohlcv-1m 2026-02-11T14:30:00Z..2026-02-11T21:00:00Z: $0.001307 20,048 B (1.18s)
[2026-09-23 21:22:16 PDT] [248/250] C MET ohlcv-1m 2025-11-12T14:30:00Z..2025-11-12T21:00:00Z: $0.001417 21,728 B (2.07s)
[2026-09-23 21:22:16 PDT] [249/250] C MET ohlcv-1m 2025-08-13T13:30:00Z..2025-08-13T20:00:00Z: $0.001424 21,840 B (2.70s)
[2026-09-23 21:22:17 PDT] [250/250] C MET ohlcv-1m 2026-04-15T13:30:00Z..2026-04-15T20:00:00Z: $0.001296 19,880 B (2.23s)
[2026-09-23 21:22:17 PDT] run finished: {'unresolved': 0, 'set_A_quoted': 4295, 'set_A_failed': 158, 'set_B_quoted': 500, 'set_B_failed': 0, 'set_C_quoted': 250, 'set_C_failed': 0}; now run --report
