.......................F............F..FFFF..FFFF.......FFFFFFFFF.FFFFFF [ 34%]
FFFFFFFFFFFFFFFFFFFFFFFFFFFFFFFFF.FFFF.F....FFFFF.F...FFFFFFFF.FFFFFFFFF [ 68%]
FFFFFFFFFF....FFFFFFFFFFF........................................        [100%]
=================================== FAILURES ===================================
_________ test_previous_dates_are_the_k_most_recent_strictly_before_d __________

    def test_previous_dates_are_the_k_most_recent_strictly_before_d() -> None:
        days = (date(2025, 1, 2), date(2025, 1, 3), date(2025, 1, 6), date(2025, 1, 7))
        prev = cal.previous_dates
>       assert prev(days, date(2025, 1, 7), 2) == (date(2025, 1, 3), date(2025, 1, 6))
E       assert (datetime.date(2025, 1, 6),) == (datetime.dat...e(2025, 1, 6))
E         
E         At index 0 diff: datetime.date(2025, 1, 6) != datetime.date(2025, 1, 3)
E         Right contains one more item: datetime.date(2025, 1, 6)
E         Use -v to get more diff

tests/test_k8_members_tables.py:241: AssertionError
____________________ test_the_entry_size_is_the_frozen_q_c _____________________

    def test_the_entry_size_is_the_frozen_q_c() -> None:
        q_c = load_frozen_tables().vehicles["MGC"].q_c
        assert q_c == 1
>       member = ready()
                 ^^^^^^^

tests/test_k8_members_flight.py:201: 
_ _ _ _ _ _ _ _ _ _ _ _ _ _ _ _ _ _ _ _ _ _ _ _ _ _ _ _ _ _ _ _ _ _ _ _ _ _ _ _ 
tests/test_k8_members_flight.py:169: in ready
    prepare(member, day, **kw)
_ _ _ _ _ _ _ _ _ _ _ _ _ _ _ _ _ _ _ _ _ _ _ _ _ _ _ _ _ _ _ _ _ _ _ _ _ _ _ _ 

member = FlightToGold(variant='H30', name='K8-flight-01 H30 MGC', legs=(LegSpec(root='MGC', traded=True), LegSpec(root='MES', t...radingInterval(start_ct=datetime.time(8, 29), end_ct=datetime.time(14, 55), start_offset_days=0, end_offset_days=0),)})
day = datetime.date(2025, 6, 17), values = 77, dips = (1, 2, 3, 4, 5, 6, ...)

    def prepare(member: FlightToGold, day: date, values: int | Sequence[int] = 77,
                dips: Sequence[int] = DIPS) -> tuple[date, ...]:
        """Feed the 20 reference dates of ``day`` (the first one is the first bar of the run): date i
        gives values[i] defined r values, with a dip of dips[i] ticks at k = 10 when i < len(dips)."""
        refs = reference_dates(day)
>       assert len(refs) == 20
E       assert 19 == 20
E        +  where 19 = len((datetime.date(2025, 5, 20), datetime.date(2025, 5, 21), datetime.date(2025, 5, 22), datetime.date(2025, 5, 23), datetime.date(2025, 5, 27), datetime.date(2025, 5, 28), ...))

tests/test_k8_members_flight.py:149: AssertionError
_____________________ test_k1_reads_the_0829_and_0834_bars _____________________

    def test_k1_reads_the_0829_and_0834_bars() -> None:
>       member = ready()
                 ^^^^^^^

tests/test_k8_members_flight.py:233: 
_ _ _ _ _ _ _ _ _ _ _ _ _ _ _ _ _ _ _ _ _ _ _ _ _ _ _ _ _ _ _ _ _ _ _ _ _ _ _ _ 
tests/test_k8_members_flight.py:169: in ready
    prepare(member, day, **kw)
_ _ _ _ _ _ _ _ _ _ _ _ _ _ _ _ _ _ _ _ _ _ _ _ _ _ _ _ _ _ _ _ _ _ _ _ _ _ _ _ 

member = FlightToGold(variant='H30', name='K8-flight-01 H30 MGC', legs=(LegSpec(root='MGC', traded=True), LegSpec(root='MES', t...radingInterval(start_ct=datetime.time(8, 29), end_ct=datetime.time(14, 55), start_offset_days=0, end_offset_days=0),)})
day = datetime.date(2025, 6, 17), values = 77, dips = (1, 2, 3, 4, 5, 6, ...)

    def prepare(member: FlightToGold, day: date, values: int | Sequence[int] = 77,
                dips: Sequence[int] = DIPS) -> tuple[date, ...]:
        """Feed the 20 reference dates of ``day`` (the first one is the first bar of the run): date i
        gives values[i] defined r values, with a dip of dips[i] ticks at k = 10 when i < len(dips)."""
        refs = reference_dates(day)
>       assert len(refs) == 20
E       assert 19 == 20
E        +  where 19 = len((datetime.date(2025, 5, 20), datetime.date(2025, 5, 21), datetime.date(2025, 5, 22), datetime.date(2025, 5, 23), datetime.date(2025, 5, 27), datetime.date(2025, 5, 28), ...))

tests/test_k8_members_flight.py:149: AssertionError
________________ test_a_bar_at_0830_is_not_the_start_bar_of_k1 _________________

    def test_a_bar_at_0830_is_not_the_start_bar_of_k1() -> None:
>       member = ready()
                 ^^^^^^^

tests/test_k8_members_flight.py:240: 
_ _ _ _ _ _ _ _ _ _ _ _ _ _ _ _ _ _ _ _ _ _ _ _ _ _ _ _ _ _ _ _ _ _ _ _ _ _ _ _ 
tests/test_k8_members_flight.py:169: in ready
    prepare(member, day, **kw)
_ _ _ _ _ _ _ _ _ _ _ _ _ _ _ _ _ _ _ _ _ _ _ _ _ _ _ _ _ _ _ _ _ _ _ _ _ _ _ _ 

member = FlightToGold(variant='H30', name='K8-flight-01 H30 MGC', legs=(LegSpec(root='MGC', traded=True), LegSpec(root='MES', t...radingInterval(start_ct=datetime.time(8, 29), end_ct=datetime.time(14, 55), start_offset_days=0, end_offset_days=0),)})
day = datetime.date(2025, 6, 17), values = 77, dips = (1, 2, 3, 4, 5, 6, ...)

    def prepare(member: FlightToGold, day: date, values: int | Sequence[int] = 77,
                dips: Sequence[int] = DIPS) -> tuple[date, ...]:
        """Feed the 20 reference dates of ``day`` (the first one is the first bar of the run): date i
        gives values[i] defined r values, with a dip of dips[i] ticks at k = 10 when i < len(dips)."""
        refs = reference_dates(day)
>       assert len(refs) == 20
E       assert 19 == 20
E        +  where 19 = len((datetime.date(2025, 5, 20), datetime.date(2025, 5, 21), datetime.date(2025, 5, 22), datetime.date(2025, 5, 23), datetime.date(2025, 5, 27), datetime.date(2025, 5, 28), ...))

tests/test_k8_members_flight.py:149: AssertionError
________ test_the_last_block_ends_at_1455_and_there_is_no_block_at_1500 ________

    def test_the_last_block_ends_at_1455_and_there_is_no_block_at_1500() -> None:
>       member = ready()
                 ^^^^^^^

tests/test_k8_members_flight.py:253: 
_ _ _ _ _ _ _ _ _ _ _ _ _ _ _ _ _ _ _ _ _ _ _ _ _ _ _ _ _ _ _ _ _ _ _ _ _ _ _ _ 
tests/test_k8_members_flight.py:169: in ready
    prepare(member, day, **kw)
_ _ _ _ _ _ _ _ _ _ _ _ _ _ _ _ _ _ _ _ _ _ _ _ _ _ _ _ _ _ _ _ _ _ _ _ _ _ _ _ 

member = FlightToGold(variant='H30', name='K8-flight-01 H30 MGC', legs=(LegSpec(root='MGC', traded=True), LegSpec(root='MES', t...radingInterval(start_ct=datetime.time(8, 29), end_ct=datetime.time(14, 55), start_offset_days=0, end_offset_days=0),)})
day = datetime.date(2025, 6, 17), values = 77, dips = (1, 2, 3, 4, 5, 6, ...)

    def prepare(member: FlightToGold, day: date, values: int | Sequence[int] = 77,
                dips: Sequence[int] = DIPS) -> tuple[date, ...]:
        """Feed the 20 reference dates of ``day`` (the first one is the first bar of the run): date i
        gives values[i] defined r values, with a dip of dips[i] ticks at k = 10 when i < len(dips)."""
        refs = reference_dates(day)
>       assert len(refs) == 20
E       assert 19 == 20
E        +  where 19 = len((datetime.date(2025, 5, 20), datetime.date(2025, 5, 21), datetime.date(2025, 5, 22), datetime.date(2025, 5, 23), datetime.date(2025, 5, 27), datetime.date(2025, 5, 28), ...))

tests/test_k8_members_flight.py:149: AssertionError
__________________ test_every_block_k_triggers_at_its_own_bar __________________

    def test_every_block_k_triggers_at_its_own_bar() -> None:
        for k in (2, 30, 54, 76):
>           member = ready()
                     ^^^^^^^

tests/test_k8_members_flight.py:264: 
_ _ _ _ _ _ _ _ _ _ _ _ _ _ _ _ _ _ _ _ _ _ _ _ _ _ _ _ _ _ _ _ _ _ _ _ _ _ _ _ 
tests/test_k8_members_flight.py:169: in ready
    prepare(member, day, **kw)
_ _ _ _ _ _ _ _ _ _ _ _ _ _ _ _ _ _ _ _ _ _ _ _ _ _ _ _ _ _ _ _ _ _ _ _ _ _ _ _ 

member = FlightToGold(variant='H30', name='K8-flight-01 H30 MGC', legs=(LegSpec(root='MGC', traded=True), LegSpec(root='MES', t...radingInterval(start_ct=datetime.time(8, 29), end_ct=datetime.time(14, 55), start_offset_days=0, end_offset_days=0),)})
day = datetime.date(2025, 6, 17), values = 77, dips = (1, 2, 3, 4, 5, 6, ...)

    def prepare(member: FlightToGold, day: date, values: int | Sequence[int] = 77,
                dips: Sequence[int] = DIPS) -> tuple[date, ...]:
        """Feed the 20 reference dates of ``day`` (the first one is the first bar of the run): date i
        gives values[i] defined r values, with a dip of dips[i] ticks at k = 10 when i < len(dips)."""
        refs = reference_dates(day)
>       assert len(refs) == 20
E       assert 19 == 20
E        +  where 19 = len((datetime.date(2025, 5, 20), datetime.date(2025, 5, 21), datetime.date(2025, 5, 22), datetime.date(2025, 5, 23), datetime.date(2025, 5, 27), datetime.date(2025, 5, 28), ...))

tests/test_k8_members_flight.py:149: AssertionError
__________________ test_r_equal_to_q_in_another_form_triggers __________________

    def test_r_equal_to_q_in_another_form_triggers() -> None:
        """Q(d) = -3/B (n = 1,540); r_k = -6/(2B) on d is the same rational: the trigger fires."""
>       member = ready()
                 ^^^^^^^

tests/test_k8_members_flight.py:289: 
_ _ _ _ _ _ _ _ _ _ _ _ _ _ _ _ _ _ _ _ _ _ _ _ _ _ _ _ _ _ _ _ _ _ _ _ _ _ _ _ 
tests/test_k8_members_flight.py:169: in ready
    prepare(member, day, **kw)
_ _ _ _ _ _ _ _ _ _ _ _ _ _ _ _ _ _ _ _ _ _ _ _ _ _ _ _ _ _ _ _ _ _ _ _ _ _ _ _ 

member = FlightToGold(variant='H30', name='K8-flight-01 H30 MGC', legs=(LegSpec(root='MGC', traded=True), LegSpec(root='MES', t...radingInterval(start_ct=datetime.time(8, 29), end_ct=datetime.time(14, 55), start_offset_days=0, end_offset_days=0),)})
day = datetime.date(2025, 6, 17), values = 77, dips = (1, 2, 3, 4, 5, 6, ...)

    def prepare(member: FlightToGold, day: date, values: int | Sequence[int] = 77,
                dips: Sequence[int] = DIPS) -> tuple[date, ...]:
        """Feed the 20 reference dates of ``day`` (the first one is the first bar of the run): date i
        gives values[i] defined r values, with a dip of dips[i] ticks at k = 10 when i < len(dips)."""
        refs = reference_dates(day)
>       assert len(refs) == 20
E       assert 19 == 20
E        +  where 19 = len((datetime.date(2025, 5, 20), datetime.date(2025, 5, 21), datetime.date(2025, 5, 22), datetime.date(2025, 5, 23), datetime.date(2025, 5, 27), datetime.date(2025, 5, 28), ...))

tests/test_k8_members_flight.py:149: AssertionError
____ test_an_mes_roll_inside_a_block_is_no_trigger_and_later_blocks_trigger ____

    def test_an_mes_roll_inside_a_block_is_no_trigger_and_later_blocks_trigger() -> None:
>       member = ready()
                 ^^^^^^^

tests/test_k8_members_flight.py:295: 
_ _ _ _ _ _ _ _ _ _ _ _ _ _ _ _ _ _ _ _ _ _ _ _ _ _ _ _ _ _ _ _ _ _ _ _ _ _ _ _ 
tests/test_k8_members_flight.py:169: in ready
    prepare(member, day, **kw)
_ _ _ _ _ _ _ _ _ _ _ _ _ _ _ _ _ _ _ _ _ _ _ _ _ _ _ _ _ _ _ _ _ _ _ _ _ _ _ _ 

member = FlightToGold(variant='H30', name='K8-flight-01 H30 MGC', legs=(LegSpec(root='MGC', traded=True), LegSpec(root='MES', t...radingInterval(start_ct=datetime.time(8, 29), end_ct=datetime.time(14, 55), start_offset_days=0, end_offset_days=0),)})
day = datetime.date(2025, 6, 17), values = 77, dips = (1, 2, 3, 4, 5, 6, ...)

    def prepare(member: FlightToGold, day: date, values: int | Sequence[int] = 77,
                dips: Sequence[int] = DIPS) -> tuple[date, ...]:
        """Feed the 20 reference dates of ``day`` (the first one is the first bar of the run): date i
        gives values[i] defined r values, with a dip of dips[i] ticks at k = 10 when i < len(dips)."""
        refs = reference_dates(day)
>       assert len(refs) == 20
E       assert 19 == 20
E        +  where 19 = len((datetime.date(2025, 5, 20), datetime.date(2025, 5, 21), datetime.date(2025, 5, 22), datetime.date(2025, 5, 23), datetime.date(2025, 5, 27), datetime.date(2025, 5, 28), ...))

tests/test_k8_members_flight.py:149: AssertionError
_______________ test_instrument_ids_are_compared_within_mes_only _______________

    def test_instrument_ids_are_compared_within_mes_only() -> None:
>       member = ready()  # the MGC bar carries another id than MES: irrelevant
                 ^^^^^^^

tests/test_k8_members_flight.py:303: 
_ _ _ _ _ _ _ _ _ _ _ _ _ _ _ _ _ _ _ _ _ _ _ _ _ _ _ _ _ _ _ _ _ _ _ _ _ _ _ _ 
tests/test_k8_members_flight.py:169: in ready
    prepare(member, day, **kw)
_ _ _ _ _ _ _ _ _ _ _ _ _ _ _ _ _ _ _ _ _ _ _ _ _ _ _ _ _ _ _ _ _ _ _ _ _ _ _ _ 

member = FlightToGold(variant='H30', name='K8-flight-01 H30 MGC', legs=(LegSpec(root='MGC', traded=True), LegSpec(root='MES', t...radingInterval(start_ct=datetime.time(8, 29), end_ct=datetime.time(14, 55), start_offset_days=0, end_offset_days=0),)})
day = datetime.date(2025, 6, 17), values = 77, dips = (1, 2, 3, 4, 5, 6, ...)

    def prepare(member: FlightToGold, day: date, values: int | Sequence[int] = 77,
                dips: Sequence[int] = DIPS) -> tuple[date, ...]:
        """Feed the 20 reference dates of ``day`` (the first one is the first bar of the run): date i
        gives values[i] defined r values, with a dip of dips[i] ticks at k = 10 when i < len(dips)."""
        refs = reference_dates(day)
>       assert len(refs) == 20
E       assert 19 == 20
E        +  where 19 = len((datetime.date(2025, 5, 20), datetime.date(2025, 5, 21), datetime.date(2025, 5, 22), datetime.date(2025, 5, 23), datetime.date(2025, 5, 27), datetime.date(2025, 5, 28), ...))

tests/test_k8_members_flight.py:149: AssertionError
______ test_a_bar_whose_trade_date_is_not_its_ct_date_is_not_a_block_bar _______

    def test_a_bar_whose_trade_date_is_not_its_ct_date_is_not_a_block_bar() -> None:
        """K8-L-02: bars on CT date DAY stamped with trade date 2025-06-18 (whose reference set the
        kit also fills) are no block bars of either date."""
        nxt = FLIGHT_DATES[FLIGHT_DATES.index(DAY) + 1]
>       member = ready()
                 ^^^^^^^

tests/test_k8_members_flight.py:312: 
_ _ _ _ _ _ _ _ _ _ _ _ _ _ _ _ _ _ _ _ _ _ _ _ _ _ _ _ _ _ _ _ _ _ _ _ _ _ _ _ 
tests/test_k8_members_flight.py:169: in ready
    prepare(member, day, **kw)
_ _ _ _ _ _ _ _ _ _ _ _ _ _ _ _ _ _ _ _ _ _ _ _ _ _ _ _ _ _ _ _ _ _ _ _ _ _ _ _ 

member = FlightToGold(variant='H30', name='K8-flight-01 H30 MGC', legs=(LegSpec(root='MGC', traded=True), LegSpec(root='MES', t...radingInterval(start_ct=datetime.time(8, 29), end_ct=datetime.time(14, 55), start_offset_days=0, end_offset_days=0),)})
day = datetime.date(2025, 6, 17), values = 77, dips = (1, 2, 3, 4, 5, 6, ...)

    def prepare(member: FlightToGold, day: date, values: int | Sequence[int] = 77,
                dips: Sequence[int] = DIPS) -> tuple[date, ...]:
        """Feed the 20 reference dates of ``day`` (the first one is the first bar of the run): date i
        gives values[i] defined r values, with a dip of dips[i] ticks at k = 10 when i < len(dips)."""
        refs = reference_dates(day)
>       assert len(refs) == 20
E       assert 19 == 20
E        +  where 19 = len((datetime.date(2025, 5, 20), datetime.date(2025, 5, 21), datetime.date(2025, 5, 22), datetime.date(2025, 5, 23), datetime.date(2025, 5, 27), datetime.date(2025, 5, 28), ...))

tests/test_k8_members_flight.py:149: AssertionError
_______________ test_member_n_1199_is_no_trade_and_n_1200_trades _______________

    def test_member_n_1199_is_no_trade_and_n_1200_trades() -> None:
>       member = ready(values=[59] + [60] * 19)
                 ^^^^^^^^^^^^^^^^^^^^^^^^^^^^^^

tests/test_k8_members_flight.py:351: 
_ _ _ _ _ _ _ _ _ _ _ _ _ _ _ _ _ _ _ _ _ _ _ _ _ _ _ _ _ _ _ _ _ _ _ _ _ _ _ _ 
tests/test_k8_members_flight.py:169: in ready
    prepare(member, day, **kw)
_ _ _ _ _ _ _ _ _ _ _ _ _ _ _ _ _ _ _ _ _ _ _ _ _ _ _ _ _ _ _ _ _ _ _ _ _ _ _ _ 

member = FlightToGold(variant='H30', name='K8-flight-01 H30 MGC', legs=(LegSpec(root='MGC', traded=True), LegSpec(root='MES', t...radingInterval(start_ct=datetime.time(8, 29), end_ct=datetime.time(14, 55), start_offset_days=0, end_offset_days=0),)})
day = datetime.date(2025, 6, 17), values = [59, 60, 60, 60, 60, 60, ...]
dips = (1, 2, 3, 4, 5, 6, ...)

    def prepare(member: FlightToGold, day: date, values: int | Sequence[int] = 77,
                dips: Sequence[int] = DIPS) -> tuple[date, ...]:
        """Feed the 20 reference dates of ``day`` (the first one is the first bar of the run): date i
        gives values[i] defined r values, with a dip of dips[i] ticks at k = 10 when i < len(dips)."""
        refs = reference_dates(day)
>       assert len(refs) == 20
E       assert 19 == 20
E        +  where 19 = len((datetime.date(2025, 5, 20), datetime.date(2025, 5, 21), datetime.date(2025, 5, 22), datetime.date(2025, 5, 23), datetime.date(2025, 5, 27), datetime.date(2025, 5, 28), ...))

tests/test_k8_members_flight.py:149: AssertionError
________________________ test_member_m_at_1201_and_1540 ________________________

    def test_member_m_at_1201_and_1540() -> None:
>       member = ready(values=[61] + [60] * 19)  # n = 1,201: m = 7, Q = -4/B
                 ^^^^^^^^^^^^^^^^^^^^^^^^^^^^^^

tests/test_k8_members_flight.py:360: 
_ _ _ _ _ _ _ _ _ _ _ _ _ _ _ _ _ _ _ _ _ _ _ _ _ _ _ _ _ _ _ _ _ _ _ _ _ _ _ _ 
tests/test_k8_members_flight.py:169: in ready
    prepare(member, day, **kw)
_ _ _ _ _ _ _ _ _ _ _ _ _ _ _ _ _ _ _ _ _ _ _ _ _ _ _ _ _ _ _ _ _ _ _ _ _ _ _ _ 

member = FlightToGold(variant='H30', name='K8-flight-01 H30 MGC', legs=(LegSpec(root='MGC', traded=True), LegSpec(root='MES', t...radingInterval(start_ct=datetime.time(8, 29), end_ct=datetime.time(14, 55), start_offset_days=0, end_offset_days=0),)})
day = datetime.date(2025, 6, 17), values = [61, 60, 60, 60, 60, 60, ...]
dips = (1, 2, 3, 4, 5, 6, ...)

    def prepare(member: FlightToGold, day: date, values: int | Sequence[int] = 77,
                dips: Sequence[int] = DIPS) -> tuple[date, ...]:
        """Feed the 20 reference dates of ``day`` (the first one is the first bar of the run): date i
        gives values[i] defined r values, with a dip of dips[i] ticks at k = 10 when i < len(dips)."""
        refs = reference_dates(day)
>       assert len(refs) == 20
E       assert 19 == 20
E        +  where 19 = len((datetime.date(2025, 5, 20), datetime.date(2025, 5, 21), datetime.date(2025, 5, 22), datetime.date(2025, 5, 23), datetime.date(2025, 5, 27), datetime.date(2025, 5, 28), ...))

tests/test_k8_members_flight.py:149: AssertionError
________________ test_member_counts_duplicate_reference_values _________________

    def test_member_counts_duplicate_reference_values() -> None:
        dips = (10, 10, 9, 8, 7, 6, 5, 4, 3, 2)  # n = 1,540, m = 8: Q = -4/B (not -3/B)
>       member = ready(dips=dips)
                 ^^^^^^^^^^^^^^^^

tests/test_k8_members_flight.py:372: 
_ _ _ _ _ _ _ _ _ _ _ _ _ _ _ _ _ _ _ _ _ _ _ _ _ _ _ _ _ _ _ _ _ _ _ _ _ _ _ _ 
tests/test_k8_members_flight.py:169: in ready
    prepare(member, day, **kw)
_ _ _ _ _ _ _ _ _ _ _ _ _ _ _ _ _ _ _ _ _ _ _ _ _ _ _ _ _ _ _ _ _ _ _ _ _ _ _ _ 

member = FlightToGold(variant='H30', name='K8-flight-01 H30 MGC', legs=(LegSpec(root='MGC', traded=True), LegSpec(root='MES', t...radingInterval(start_ct=datetime.time(8, 29), end_ct=datetime.time(14, 55), start_offset_days=0, end_offset_days=0),)})
day = datetime.date(2025, 6, 17), values = 77, dips = (10, 10, 9, 8, 7, 6, ...)

    def prepare(member: FlightToGold, day: date, values: int | Sequence[int] = 77,
                dips: Sequence[int] = DIPS) -> tuple[date, ...]:
        """Feed the 20 reference dates of ``day`` (the first one is the first bar of the run): date i
        gives values[i] defined r values, with a dip of dips[i] ticks at k = 10 when i < len(dips)."""
        refs = reference_dates(day)
>       assert len(refs) == 20
E       assert 19 == 20
E        +  where 19 = len((datetime.date(2025, 5, 20), datetime.date(2025, 5, 21), datetime.date(2025, 5, 22), datetime.date(2025, 5, 23), datetime.date(2025, 5, 27), datetime.date(2025, 5, 28), ...))

tests/test_k8_members_flight.py:149: AssertionError
_____________ test_undefined_reference_computations_are_not_values _____________

    def test_undefined_reference_computations_are_not_values() -> None:
        """n = 19 x 77 = 1,463, m = 8: Q = -3/B from the dips -10..-2; counting the undefined -50/B
        would give -4/B."""
>       assert entries(feed(_undefined_first_reference(), DAY, dip_path({3: 3}))) == buy_at(end_bar(3))
E       AssertionError: assert [] == [(524, 'MGC', 'buy', 1)]
E         
E         Right contains one more item: (524, 'MGC', 'buy', 1)
E         Use -v to get more diff

tests/test_k8_members_flight.py:392: AssertionError
_______________ test_trigger_needs_r_negative_even_at_or_below_q _______________

    def test_trigger_needs_r_negative_even_at_or_below_q() -> None:
>       member = ready(dips=())  # every reference value 0: Q = 0
                 ^^^^^^^^^^^^^^

tests/test_k8_members_flight.py:398: 
_ _ _ _ _ _ _ _ _ _ _ _ _ _ _ _ _ _ _ _ _ _ _ _ _ _ _ _ _ _ _ _ _ _ _ _ _ _ _ _ 
tests/test_k8_members_flight.py:169: in ready
    prepare(member, day, **kw)
_ _ _ _ _ _ _ _ _ _ _ _ _ _ _ _ _ _ _ _ _ _ _ _ _ _ _ _ _ _ _ _ _ _ _ _ _ _ _ _ 

member = FlightToGold(variant='H30', name='K8-flight-01 H30 MGC', legs=(LegSpec(root='MGC', traded=True), LegSpec(root='MES', t...radingInterval(start_ct=datetime.time(8, 29), end_ct=datetime.time(14, 55), start_offset_days=0, end_offset_days=0),)})
day = datetime.date(2025, 6, 17), values = 77, dips = ()

    def prepare(member: FlightToGold, day: date, values: int | Sequence[int] = 77,
                dips: Sequence[int] = DIPS) -> tuple[date, ...]:
        """Feed the 20 reference dates of ``day`` (the first one is the first bar of the run): date i
        gives values[i] defined r values, with a dip of dips[i] ticks at k = 10 when i < len(dips)."""
        refs = reference_dates(day)
>       assert len(refs) == 20
E       assert 19 == 20
E        +  where 19 = len((datetime.date(2025, 5, 20), datetime.date(2025, 5, 21), datetime.date(2025, 5, 22), datetime.date(2025, 5, 23), datetime.date(2025, 5, 27), datetime.date(2025, 5, 28), ...))

tests/test_k8_members_flight.py:149: AssertionError
______________ test_a_positive_q_never_triggers_a_non_negative_r _______________

    def test_a_positive_q_never_triggers_a_non_negative_r() -> None:
        assert entries(feed(_positive_q(), DAY, dip_path())) == []  # every r = 0 <= Q
        small = [B + 100] * 3 + [B + 101] * 75  # r_3 = 1/(B + 100) <= Q, r = 0 elsewhere
        assert entries(feed(_positive_q(), DAY, small)) == []
>       assert entries(feed(_positive_q(), DAY, dip_path({3: 1}))) == buy_at(end_bar(3))
E       AssertionError: assert [] == [(524, 'MGC', 'buy', 1)]
E         
E         Right contains one more item: (524, 'MGC', 'buy', 1)
E         Use -v to get more diff

tests/test_k8_members_flight.py:415: AssertionError
_________ test_warm_up_the_20th_date_does_not_trade_and_the_21st_does __________

    def test_warm_up_the_20th_date_does_not_trade_and_the_21st_does() -> None:
        refs = reference_dates(DAY)
        member = flight.make_h30()  # the run's first bar is on refs[1]: refs[1..19] and DAY
        for i, ref in enumerate(refs[1:], start=1):
            dip = {10: DIPS[i]} if i < len(DIPS) else {}
            out = feed(member, ref, dip_path({**dip, 3: 50} if ref == refs[-1] else dip))
            assert entries(out) == [], ref  # eligible dates 1..19 of the run: warm-up
        out = feed(member, DAY, dip_path({3: 50}))
        assert entries(out) == []  # DAY is the 20th eligible date of this run: still warm-up
        after = FLIGHT_DATES[FLIGHT_DATES.index(DAY) + 1]
>       assert entries(feed(member, after, dip_path({3: 50}))) == buy_at(end_bar(3))  # the 21st
        ^^^^^^^^^^^^^^^^^^^^^^^^^^^^^^^^^^^^^^^^^^^^^^^^^^^^^^^^^^^^^^^^^^^^^^^^^^^^
E       AssertionError: assert [] == [(524, 'MGC', 'buy', 1)]
E         
E         Right contains one more item: (524, 'MGC', 'buy', 1)
E         Use -v to get more diff

tests/test_k8_members_flight.py:429: AssertionError
_____ test_the_21st_date_trades_when_the_run_starts_on_the_first_reference _____

    def test_the_21st_date_trades_when_the_run_starts_on_the_first_reference() -> None:
>       member = ready()
                 ^^^^^^^

tests/test_k8_members_flight.py:433: 
_ _ _ _ _ _ _ _ _ _ _ _ _ _ _ _ _ _ _ _ _ _ _ _ _ _ _ _ _ _ _ _ _ _ _ _ _ _ _ _ 
tests/test_k8_members_flight.py:169: in ready
    prepare(member, day, **kw)
_ _ _ _ _ _ _ _ _ _ _ _ _ _ _ _ _ _ _ _ _ _ _ _ _ _ _ _ _ _ _ _ _ _ _ _ _ _ _ _ 

member = FlightToGold(variant='H30', name='K8-flight-01 H30 MGC', legs=(LegSpec(root='MGC', traded=True), LegSpec(root='MES', t...radingInterval(start_ct=datetime.time(8, 29), end_ct=datetime.time(14, 55), start_offset_days=0, end_offset_days=0),)})
day = datetime.date(2025, 6, 17), values = 77, dips = (1, 2, 3, 4, 5, 6, ...)

    def prepare(member: FlightToGold, day: date, values: int | Sequence[int] = 77,
                dips: Sequence[int] = DIPS) -> tuple[date, ...]:
        """Feed the 20 reference dates of ``day`` (the first one is the first bar of the run): date i
        gives values[i] defined r values, with a dip of dips[i] ticks at k = 10 when i < len(dips)."""
        refs = reference_dates(day)
>       assert len(refs) == 20
E       assert 19 == 20
E        +  where 19 = len((datetime.date(2025, 5, 20), datetime.date(2025, 5, 21), datetime.date(2025, 5, 22), datetime.date(2025, 5, 23), datetime.date(2025, 5, 27), datetime.date(2025, 5, 28), ...))

tests/test_k8_members_flight.py:149: AssertionError
______ test_fewer_than_20_reference_dates_at_the_tables_start_is_no_trade ______

    def test_fewer_than_20_reference_dates_at_the_tables_start_is_no_trade() -> None:
        """The run starts on FLIGHT_DATES[0] (2019-05-01): the 20th date has 19 reference dates
        (n = 1,463, all after the first bar) and does not trade; the 21st does."""
        member = flight.make_h30()
        for i, ref in enumerate(FLIGHT_DATES[:19]):
            dip = {10: DIPS[i]} if i < len(DIPS) else {}
            assert entries(feed(member, ref, dip_path(dip))) == [], ref
        twentieth, twenty_first = FLIGHT_DATES[19], FLIGHT_DATES[20]
        assert len(reference_dates(twentieth)) == 19
        assert entries(feed(member, twentieth, dip_path({3: 50}))) == []
>       assert entries(feed(member, twenty_first, dip_path({3: 50}))) == buy_at(end_bar(3))
E       AssertionError: assert [] == [(524, 'MGC', 'buy', 1)]
E         
E         Right contains one more item: (524, 'MGC', 'buy', 1)
E         Use -v to get more diff

tests/test_k8_members_flight.py:447: AssertionError
____________ test_reference_dates_are_the_20_flight_dates_before_d _____________

    def test_reference_dates_are_the_20_flight_dates_before_d() -> None:
        d = date(2025, 12, 1)
        refs = reference_dates(d)
>       assert len(refs) == 20 and refs[-1] == date(2025, 11, 26)
E       assert (19 == 20)
E        +  where 19 = len((datetime.date(2025, 10, 31), datetime.date(2025, 11, 3), datetime.date(2025, 11, 4), datetime.date(2025, 11, 5), datetime.date(2025, 11, 6), datetime.date(2025, 11, 7), ...))

tests/test_k8_members_flight.py:462: AssertionError
___________ test_a_non_full_date_is_skipped_as_a_reference_and_as_d ____________

    def test_a_non_full_date_is_skipped_as_a_reference_and_as_d() -> None:
        """2025-11-28 (early halt) is not in FLIGHT_DATES: its values never enter Q(2025-12-01)
        (a -50/B dip there would move Q from -3/B to -4/B) and it never trades itself, although its
        reference set (the same 20 dates as 2025-12-01's) would give Q = -3/B."""
        d, halt = date(2025, 12, 1), date(2025, 11, 28)
        member = flight.make_h30()
>       prepare(member, d)

tests/test_k8_members_flight.py:473: 
_ _ _ _ _ _ _ _ _ _ _ _ _ _ _ _ _ _ _ _ _ _ _ _ _ _ _ _ _ _ _ _ _ _ _ _ _ _ _ _ 

member = FlightToGold(variant='H30', name='K8-flight-01 H30 MGC', legs=(LegSpec(root='MGC', traded=True), LegSpec(root='MES', t...radingInterval(start_ct=datetime.time(8, 29), end_ct=datetime.time(14, 55), start_offset_days=0, end_offset_days=0),)})
day = datetime.date(2025, 12, 1), values = 77, dips = (1, 2, 3, 4, 5, 6, ...)

    def prepare(member: FlightToGold, day: date, values: int | Sequence[int] = 77,
                dips: Sequence[int] = DIPS) -> tuple[date, ...]:
        """Feed the 20 reference dates of ``day`` (the first one is the first bar of the run): date i
        gives values[i] defined r values, with a dip of dips[i] ticks at k = 10 when i < len(dips)."""
        refs = reference_dates(day)
>       assert len(refs) == 20
E       assert 19 == 20
E        +  where 19 = len((datetime.date(2025, 10, 31), datetime.date(2025, 11, 3), datetime.date(2025, 11, 4), datetime.date(2025, 11, 5), datetime.date(2025, 11, 6), datetime.date(2025, 11, 7), ...))

tests/test_k8_members_flight.py:149: AssertionError
__________________ test_values_of_d_itself_never_enter_q_of_d __________________

monkeypatch = <_pytest.monkeypatch.MonkeyPatch object at 0x7834613b1880>

    def test_values_of_d_itself_never_enter_q_of_d(monkeypatch: pytest.MonkeyPatch) -> None:
        """Q(d) is fixed before d's 08:30: a -60/B value at k = 1 on d (its trigger skipped by a
        guard at 08:35) would move Q from -3/B to -4/B if it counted; x = 3 at k = 3 still enters."""
        monkeypatch.setitem(rel.GUARD_INSTANTS, "MGC", (ns_at(DAY, hm(8, 35)) // NS,))
>       member = ready()
                 ^^^^^^^

tests/test_k8_members_flight.py:482: 
_ _ _ _ _ _ _ _ _ _ _ _ _ _ _ _ _ _ _ _ _ _ _ _ _ _ _ _ _ _ _ _ _ _ _ _ _ _ _ _ 
tests/test_k8_members_flight.py:169: in ready
    prepare(member, day, **kw)
_ _ _ _ _ _ _ _ _ _ _ _ _ _ _ _ _ _ _ _ _ _ _ _ _ _ _ _ _ _ _ _ _ _ _ _ _ _ _ _ 

member = FlightToGold(variant='H30', name='K8-flight-01 H30 MGC', legs=(LegSpec(root='MGC', traded=True), LegSpec(root='MES', t...radingInterval(start_ct=datetime.time(8, 29), end_ct=datetime.time(14, 55), start_offset_days=0, end_offset_days=0),)})
day = datetime.date(2025, 6, 17), values = 77, dips = (1, 2, 3, 4, 5, 6, ...)

    def prepare(member: FlightToGold, day: date, values: int | Sequence[int] = 77,
                dips: Sequence[int] = DIPS) -> tuple[date, ...]:
        """Feed the 20 reference dates of ``day`` (the first one is the first bar of the run): date i
        gives values[i] defined r values, with a dip of dips[i] ticks at k = 10 when i < len(dips)."""
        refs = reference_dates(day)
>       assert len(refs) == 20
E       assert 19 == 20
E        +  where 19 = len((datetime.date(2025, 5, 20), datetime.date(2025, 5, 21), datetime.date(2025, 5, 22), datetime.date(2025, 5, 23), datetime.date(2025, 5, 27), datetime.date(2025, 5, 28), ...))

tests/test_k8_members_flight.py:149: AssertionError
__________ test_only_the_first_trigger_of_d_enters_even_when_refused ___________

    def test_only_the_first_trigger_of_d_enters_even_when_refused() -> None:
>       member = ready()  # the account stays flat: the engine refused the first intent
                 ^^^^^^^

tests/test_k8_members_flight_exits.py:85: 
_ _ _ _ _ _ _ _ _ _ _ _ _ _ _ _ _ _ _ _ _ _ _ _ _ _ _ _ _ _ _ _ _ _ _ _ _ _ _ _ 
tests/test_k8_members_flight.py:169: in ready
    prepare(member, day, **kw)
_ _ _ _ _ _ _ _ _ _ _ _ _ _ _ _ _ _ _ _ _ _ _ _ _ _ _ _ _ _ _ _ _ _ _ _ _ _ _ _ 

member = FlightToGold(variant='H30', name='K8-flight-01 H30 MGC', legs=(LegSpec(root='MGC', traded=True), LegSpec(root='MES', t...radingInterval(start_ct=datetime.time(8, 29), end_ct=datetime.time(14, 55), start_offset_days=0, end_offset_days=0),)})
day = datetime.date(2025, 6, 17), values = 77, dips = (1, 2, 3, 4, 5, 6, ...)

    def prepare(member: FlightToGold, day: date, values: int | Sequence[int] = 77,
                dips: Sequence[int] = DIPS) -> tuple[date, ...]:
        """Feed the 20 reference dates of ``day`` (the first one is the first bar of the run): date i
        gives values[i] defined r values, with a dip of dips[i] ticks at k = 10 when i < len(dips)."""
        refs = reference_dates(day)
>       assert len(refs) == 20
E       assert 19 == 20
E        +  where 19 = len((datetime.date(2025, 5, 20), datetime.date(2025, 5, 21), datetime.date(2025, 5, 22), datetime.date(2025, 5, 23), datetime.date(2025, 5, 27), datetime.date(2025, 5, 28), ...))

tests/test_k8_members_flight.py:149: AssertionError
_______ test_a_second_trigger_while_long_and_after_the_exit_does_nothing _______

    def test_a_second_trigger_while_long_and_after_the_exit_does_nothing() -> None:
>       member = ready()
                 ^^^^^^^

tests/test_k8_members_flight_exits.py:90: 
_ _ _ _ _ _ _ _ _ _ _ _ _ _ _ _ _ _ _ _ _ _ _ _ _ _ _ _ _ _ _ _ _ _ _ _ _ _ _ _ 
tests/test_k8_members_flight.py:169: in ready
    prepare(member, day, **kw)
_ _ _ _ _ _ _ _ _ _ _ _ _ _ _ _ _ _ _ _ _ _ _ _ _ _ _ _ _ _ _ _ _ _ _ _ _ _ _ _ 

member = FlightToGold(variant='H30', name='K8-flight-01 H30 MGC', legs=(LegSpec(root='MGC', traded=True), LegSpec(root='MES', t...radingInterval(start_ct=datetime.time(8, 29), end_ct=datetime.time(14, 55), start_offset_days=0, end_offset_days=0),)})
day = datetime.date(2025, 6, 17), values = 77, dips = (1, 2, 3, 4, 5, 6, ...)

    def prepare(member: FlightToGold, day: date, values: int | Sequence[int] = 77,
                dips: Sequence[int] = DIPS) -> tuple[date, ...]:
        """Feed the 20 reference dates of ``day`` (the first one is the first bar of the run): date i
        gives values[i] defined r values, with a dip of dips[i] ticks at k = 10 when i < len(dips)."""
        refs = reference_dates(day)
>       assert len(refs) == 20
E       assert 19 == 20
E        +  where 19 = len((datetime.date(2025, 5, 20), datetime.date(2025, 5, 21), datetime.date(2025, 5, 22), datetime.date(2025, 5, 23), datetime.date(2025, 5, 27), datetime.date(2025, 5, 28), ...))

tests/test_k8_members_flight.py:149: AssertionError
_______________________ test_the_next_date_enters_again ________________________

    def test_the_next_date_enters_again() -> None:
>       member = ready()
                 ^^^^^^^

tests/test_k8_members_flight_exits.py:102: 
_ _ _ _ _ _ _ _ _ _ _ _ _ _ _ _ _ _ _ _ _ _ _ _ _ _ _ _ _ _ _ _ _ _ _ _ _ _ _ _ 
tests/test_k8_members_flight.py:169: in ready
    prepare(member, day, **kw)
_ _ _ _ _ _ _ _ _ _ _ _ _ _ _ _ _ _ _ _ _ _ _ _ _ _ _ _ _ _ _ _ _ _ _ _ _ _ _ _ 

member = FlightToGold(variant='H30', name='K8-flight-01 H30 MGC', legs=(LegSpec(root='MGC', traded=True), LegSpec(root='MES', t...radingInterval(start_ct=datetime.time(8, 29), end_ct=datetime.time(14, 55), start_offset_days=0, end_offset_days=0),)})
day = datetime.date(2025, 6, 17), values = 77, dips = (1, 2, 3, 4, 5, 6, ...)

    def prepare(member: FlightToGold, day: date, values: int | Sequence[int] = 77,
                dips: Sequence[int] = DIPS) -> tuple[date, ...]:
        """Feed the 20 reference dates of ``day`` (the first one is the first bar of the run): date i
        gives values[i] defined r values, with a dip of dips[i] ticks at k = 10 when i < len(dips)."""
        refs = reference_dates(day)
>       assert len(refs) == 20
E       assert 19 == 20
E        +  where 19 = len((datetime.date(2025, 5, 20), datetime.date(2025, 5, 21), datetime.date(2025, 5, 22), datetime.date(2025, 5, 23), datetime.date(2025, 5, 27), datetime.date(2025, 5, 28), ...))

tests/test_k8_members_flight.py:149: AssertionError
________________ test_no_entry_while_an_order_is_pending_on_mgc ________________

    def test_no_entry_while_an_order_is_pending_on_mgc() -> None:
>       member = ready()
                 ^^^^^^^

tests/test_k8_members_flight_exits.py:110: 
_ _ _ _ _ _ _ _ _ _ _ _ _ _ _ _ _ _ _ _ _ _ _ _ _ _ _ _ _ _ _ _ _ _ _ _ _ _ _ _ 
tests/test_k8_members_flight.py:169: in ready
    prepare(member, day, **kw)
_ _ _ _ _ _ _ _ _ _ _ _ _ _ _ _ _ _ _ _ _ _ _ _ _ _ _ _ _ _ _ _ _ _ _ _ _ _ _ _ 

member = FlightToGold(variant='H30', name='K8-flight-01 H30 MGC', legs=(LegSpec(root='MGC', traded=True), LegSpec(root='MES', t...radingInterval(start_ct=datetime.time(8, 29), end_ct=datetime.time(14, 55), start_offset_days=0, end_offset_days=0),)})
day = datetime.date(2025, 6, 17), values = 77, dips = (1, 2, 3, 4, 5, 6, ...)

    def prepare(member: FlightToGold, day: date, values: int | Sequence[int] = 77,
                dips: Sequence[int] = DIPS) -> tuple[date, ...]:
        """Feed the 20 reference dates of ``day`` (the first one is the first bar of the run): date i
        gives values[i] defined r values, with a dip of dips[i] ticks at k = 10 when i < len(dips)."""
        refs = reference_dates(day)
>       assert len(refs) == 20
E       assert 19 == 20
E        +  where 19 = len((datetime.date(2025, 5, 20), datetime.date(2025, 5, 21), datetime.date(2025, 5, 22), datetime.date(2025, 5, 23), datetime.date(2025, 5, 27), datetime.date(2025, 5, 28), ...))

tests/test_k8_members_flight.py:149: AssertionError
______ test_c6_skips_the_1300_trigger_on_an_fomc_date_and_enters_at_1305 _______

    def test_c6_skips_the_1300_trigger_on_an_fomc_date_and_enters_at_1305() -> None:
>       member = ready(FOMC)  # r_54 = -5/B, r_55 = -5/(B - 5): both trigger (Q = -3/B)
                 ^^^^^^^^^^^

tests/test_k8_members_flight_exits.py:119: 
_ _ _ _ _ _ _ _ _ _ _ _ _ _ _ _ _ _ _ _ _ _ _ _ _ _ _ _ _ _ _ _ _ _ _ _ _ _ _ _ 
tests/test_k8_members_flight.py:169: in ready
    prepare(member, day, **kw)
_ _ _ _ _ _ _ _ _ _ _ _ _ _ _ _ _ _ _ _ _ _ _ _ _ _ _ _ _ _ _ _ _ _ _ _ _ _ _ _ 

member = FlightToGold(variant='H30', name='K8-flight-01 H30 MGC', legs=(LegSpec(root='MGC', traded=True), LegSpec(root='MES', t...radingInterval(start_ct=datetime.time(8, 29), end_ct=datetime.time(14, 55), start_offset_days=0, end_offset_days=0),)})
day = datetime.date(2025, 6, 18), values = 77, dips = (1, 2, 3, 4, 5, 6, ...)

    def prepare(member: FlightToGold, day: date, values: int | Sequence[int] = 77,
                dips: Sequence[int] = DIPS) -> tuple[date, ...]:
        """Feed the 20 reference dates of ``day`` (the first one is the first bar of the run): date i
        gives values[i] defined r values, with a dip of dips[i] ticks at k = 10 when i < len(dips)."""
        refs = reference_dates(day)
>       assert len(refs) == 20
E       assert 19 == 20
E        +  where 19 = len((datetime.date(2025, 5, 21), datetime.date(2025, 5, 22), datetime.date(2025, 5, 23), datetime.date(2025, 5, 27), datetime.date(2025, 5, 28), datetime.date(2025, 5, 29), ...))

tests/test_k8_members_flight.py:149: AssertionError
________________ test_a_1300_trigger_on_a_non_fomc_date_enters _________________

    def test_a_1300_trigger_on_a_non_fomc_date_enters() -> None:
>       member = ready()
                 ^^^^^^^

tests/test_k8_members_flight_exits.py:127: 
_ _ _ _ _ _ _ _ _ _ _ _ _ _ _ _ _ _ _ _ _ _ _ _ _ _ _ _ _ _ _ _ _ _ _ _ _ _ _ _ 
tests/test_k8_members_flight.py:169: in ready
    prepare(member, day, **kw)
_ _ _ _ _ _ _ _ _ _ _ _ _ _ _ _ _ _ _ _ _ _ _ _ _ _ _ _ _ _ _ _ _ _ _ _ _ _ _ _ 

member = FlightToGold(variant='H30', name='K8-flight-01 H30 MGC', legs=(LegSpec(root='MGC', traded=True), LegSpec(root='MES', t...radingInterval(start_ct=datetime.time(8, 29), end_ct=datetime.time(14, 55), start_offset_days=0, end_offset_days=0),)})
day = datetime.date(2025, 6, 17), values = 77, dips = (1, 2, 3, 4, 5, 6, ...)

    def prepare(member: FlightToGold, day: date, values: int | Sequence[int] = 77,
                dips: Sequence[int] = DIPS) -> tuple[date, ...]:
        """Feed the 20 reference dates of ``day`` (the first one is the first bar of the run): date i
        gives values[i] defined r values, with a dip of dips[i] ticks at k = 10 when i < len(dips)."""
        refs = reference_dates(day)
>       assert len(refs) == 20
E       assert 19 == 20
E        +  where 19 = len((datetime.date(2025, 5, 20), datetime.date(2025, 5, 21), datetime.date(2025, 5, 22), datetime.date(2025, 5, 23), datetime.date(2025, 5, 27), datetime.date(2025, 5, 28), ...))

tests/test_k8_members_flight.py:149: AssertionError
_____ test_a_skipped_trigger_with_a_missing_entry_bar_does_not_end_the_day _____

    def test_a_skipped_trigger_with_a_missing_entry_bar_does_not_end_the_day() -> None:
>       member = ready(FOMC)  # C6 first: the 13:00 trigger is skipped, its missing bar is moot
                 ^^^^^^^^^^^

tests/test_k8_members_flight_exits.py:132: 
_ _ _ _ _ _ _ _ _ _ _ _ _ _ _ _ _ _ _ _ _ _ _ _ _ _ _ _ _ _ _ _ _ _ _ _ _ _ _ _ 
tests/test_k8_members_flight.py:169: in ready
    prepare(member, day, **kw)
_ _ _ _ _ _ _ _ _ _ _ _ _ _ _ _ _ _ _ _ _ _ _ _ _ _ _ _ _ _ _ _ _ _ _ _ _ _ _ _ 

member = FlightToGold(variant='H30', name='K8-flight-01 H30 MGC', legs=(LegSpec(root='MGC', traded=True), LegSpec(root='MES', t...radingInterval(start_ct=datetime.time(8, 29), end_ct=datetime.time(14, 55), start_offset_days=0, end_offset_days=0),)})
day = datetime.date(2025, 6, 18), values = 77, dips = (1, 2, 3, 4, 5, 6, ...)

    def prepare(member: FlightToGold, day: date, values: int | Sequence[int] = 77,
                dips: Sequence[int] = DIPS) -> tuple[date, ...]:
        """Feed the 20 reference dates of ``day`` (the first one is the first bar of the run): date i
        gives values[i] defined r values, with a dip of dips[i] ticks at k = 10 when i < len(dips)."""
        refs = reference_dates(day)
>       assert len(refs) == 20
E       assert 19 == 20
E        +  where 19 = len((datetime.date(2025, 5, 21), datetime.date(2025, 5, 22), datetime.date(2025, 5, 23), datetime.date(2025, 5, 27), datetime.date(2025, 5, 28), datetime.date(2025, 5, 29), ...))

tests/test_k8_members_flight.py:149: AssertionError
___ test_c6_tests_the_fill_minute_t_k_against_r_and_r_plus_2_min[659-False] ____

monkeypatch = <_pytest.monkeypatch.MonkeyPatch object at 0x78346cd22b10>
guard_minute = 659, entered = False

    @pytest.mark.parametrize(("guard_minute", "entered"), [
        (hm(10, 59), False),  # t = 11:00 in [10:59, 11:01)
        (hm(11, 0), False),  # t = R
        (hm(10, 58), True),  # t = R + 120 s: not guarded
        (hm(11, 1), True),  # t < R
    ])
    def test_c6_tests_the_fill_minute_t_k_against_r_and_r_plus_2_min(
            monkeypatch: pytest.MonkeyPatch, guard_minute: int, entered: bool) -> None:
        """k = 30: decision t = 11:00, the entry bar 10:59. A guard [R, R + 2 min) holding 11:00
        skips the trigger; the 11:05 trigger then enters."""
        guard_at(monkeypatch, DAY, guard_minute)
>       member = ready()
                 ^^^^^^^

tests/test_k8_members_flight_exits.py:148: 
_ _ _ _ _ _ _ _ _ _ _ _ _ _ _ _ _ _ _ _ _ _ _ _ _ _ _ _ _ _ _ _ _ _ _ _ _ _ _ _ 
tests/test_k8_members_flight.py:169: in ready
    prepare(member, day, **kw)
_ _ _ _ _ _ _ _ _ _ _ _ _ _ _ _ _ _ _ _ _ _ _ _ _ _ _ _ _ _ _ _ _ _ _ _ _ _ _ _ 

member = FlightToGold(variant='H30', name='K8-flight-01 H30 MGC', legs=(LegSpec(root='MGC', traded=True), LegSpec(root='MES', t...radingInterval(start_ct=datetime.time(8, 29), end_ct=datetime.time(14, 55), start_offset_days=0, end_offset_days=0),)})
day = datetime.date(2025, 6, 17), values = 77, dips = (1, 2, 3, 4, 5, 6, ...)

    def prepare(member: FlightToGold, day: date, values: int | Sequence[int] = 77,
                dips: Sequence[int] = DIPS) -> tuple[date, ...]:
        """Feed the 20 reference dates of ``day`` (the first one is the first bar of the run): date i
        gives values[i] defined r values, with a dip of dips[i] ticks at k = 10 when i < len(dips)."""
        refs = reference_dates(day)
>       assert len(refs) == 20
E       assert 19 == 20
E        +  where 19 = len((datetime.date(2025, 5, 20), datetime.date(2025, 5, 21), datetime.date(2025, 5, 22), datetime.date(2025, 5, 23), datetime.date(2025, 5, 27), datetime.date(2025, 5, 28), ...))

tests/test_k8_members_flight.py:149: AssertionError
___ test_c6_tests_the_fill_minute_t_k_against_r_and_r_plus_2_min[660-False] ____

monkeypatch = <_pytest.monkeypatch.MonkeyPatch object at 0x783461428c80>
guard_minute = 660, entered = False

    @pytest.mark.parametrize(("guard_minute", "entered"), [
        (hm(10, 59), False),  # t = 11:00 in [10:59, 11:01)
        (hm(11, 0), False),  # t = R
        (hm(10, 58), True),  # t = R + 120 s: not guarded
        (hm(11, 1), True),  # t < R
    ])
    def test_c6_tests_the_fill_minute_t_k_against_r_and_r_plus_2_min(
            monkeypatch: pytest.MonkeyPatch, guard_minute: int, entered: bool) -> None:
        """k = 30: decision t = 11:00, the entry bar 10:59. A guard [R, R + 2 min) holding 11:00
        skips the trigger; the 11:05 trigger then enters."""
        guard_at(monkeypatch, DAY, guard_minute)
>       member = ready()
                 ^^^^^^^

tests/test_k8_members_flight_exits.py:148: 
_ _ _ _ _ _ _ _ _ _ _ _ _ _ _ _ _ _ _ _ _ _ _ _ _ _ _ _ _ _ _ _ _ _ _ _ _ _ _ _ 
tests/test_k8_members_flight.py:169: in ready
    prepare(member, day, **kw)
_ _ _ _ _ _ _ _ _ _ _ _ _ _ _ _ _ _ _ _ _ _ _ _ _ _ _ _ _ _ _ _ _ _ _ _ _ _ _ _ 

member = FlightToGold(variant='H30', name='K8-flight-01 H30 MGC', legs=(LegSpec(root='MGC', traded=True), LegSpec(root='MES', t...radingInterval(start_ct=datetime.time(8, 29), end_ct=datetime.time(14, 55), start_offset_days=0, end_offset_days=0),)})
day = datetime.date(2025, 6, 17), values = 77, dips = (1, 2, 3, 4, 5, 6, ...)

    def prepare(member: FlightToGold, day: date, values: int | Sequence[int] = 77,
                dips: Sequence[int] = DIPS) -> tuple[date, ...]:
        """Feed the 20 reference dates of ``day`` (the first one is the first bar of the run): date i
        gives values[i] defined r values, with a dip of dips[i] ticks at k = 10 when i < len(dips)."""
        refs = reference_dates(day)
>       assert len(refs) == 20
E       assert 19 == 20
E        +  where 19 = len((datetime.date(2025, 5, 20), datetime.date(2025, 5, 21), datetime.date(2025, 5, 22), datetime.date(2025, 5, 23), datetime.date(2025, 5, 27), datetime.date(2025, 5, 28), ...))

tests/test_k8_members_flight.py:149: AssertionError
____ test_c6_tests_the_fill_minute_t_k_against_r_and_r_plus_2_min[658-True] ____

monkeypatch = <_pytest.monkeypatch.MonkeyPatch object at 0x7834613b0140>
guard_minute = 658, entered = True

    @pytest.mark.parametrize(("guard_minute", "entered"), [
        (hm(10, 59), False),  # t = 11:00 in [10:59, 11:01)
        (hm(11, 0), False),  # t = R
        (hm(10, 58), True),  # t = R + 120 s: not guarded
        (hm(11, 1), True),  # t < R
    ])
    def test_c6_tests_the_fill_minute_t_k_against_r_and_r_plus_2_min(
            monkeypatch: pytest.MonkeyPatch, guard_minute: int, entered: bool) -> None:
        """k = 30: decision t = 11:00, the entry bar 10:59. A guard [R, R + 2 min) holding 11:00
        skips the trigger; the 11:05 trigger then enters."""
        guard_at(monkeypatch, DAY, guard_minute)
>       member = ready()
                 ^^^^^^^

tests/test_k8_members_flight_exits.py:148: 
_ _ _ _ _ _ _ _ _ _ _ _ _ _ _ _ _ _ _ _ _ _ _ _ _ _ _ _ _ _ _ _ _ _ _ _ _ _ _ _ 
tests/test_k8_members_flight.py:169: in ready
    prepare(member, day, **kw)
_ _ _ _ _ _ _ _ _ _ _ _ _ _ _ _ _ _ _ _ _ _ _ _ _ _ _ _ _ _ _ _ _ _ _ _ _ _ _ _ 

member = FlightToGold(variant='H30', name='K8-flight-01 H30 MGC', legs=(LegSpec(root='MGC', traded=True), LegSpec(root='MES', t...radingInterval(start_ct=datetime.time(8, 29), end_ct=datetime.time(14, 55), start_offset_days=0, end_offset_days=0),)})
day = datetime.date(2025, 6, 17), values = 77, dips = (1, 2, 3, 4, 5, 6, ...)

    def prepare(member: FlightToGold, day: date, values: int | Sequence[int] = 77,
                dips: Sequence[int] = DIPS) -> tuple[date, ...]:
        """Feed the 20 reference dates of ``day`` (the first one is the first bar of the run): date i
        gives values[i] defined r values, with a dip of dips[i] ticks at k = 10 when i < len(dips)."""
        refs = reference_dates(day)
>       assert len(refs) == 20
E       assert 19 == 20
E        +  where 19 = len((datetime.date(2025, 5, 20), datetime.date(2025, 5, 21), datetime.date(2025, 5, 22), datetime.date(2025, 5, 23), datetime.date(2025, 5, 27), datetime.date(2025, 5, 28), ...))

tests/test_k8_members_flight.py:149: AssertionError
____ test_c6_tests_the_fill_minute_t_k_against_r_and_r_plus_2_min[661-True] ____

monkeypatch = <_pytest.monkeypatch.MonkeyPatch object at 0x7834614e7d70>
guard_minute = 661, entered = True

    @pytest.mark.parametrize(("guard_minute", "entered"), [
        (hm(10, 59), False),  # t = 11:00 in [10:59, 11:01)
        (hm(11, 0), False),  # t = R
        (hm(10, 58), True),  # t = R + 120 s: not guarded
        (hm(11, 1), True),  # t < R
    ])
    def test_c6_tests_the_fill_minute_t_k_against_r_and_r_plus_2_min(
            monkeypatch: pytest.MonkeyPatch, guard_minute: int, entered: bool) -> None:
        """k = 30: decision t = 11:00, the entry bar 10:59. A guard [R, R + 2 min) holding 11:00
        skips the trigger; the 11:05 trigger then enters."""
        guard_at(monkeypatch, DAY, guard_minute)
>       member = ready()
                 ^^^^^^^

tests/test_k8_members_flight_exits.py:148: 
_ _ _ _ _ _ _ _ _ _ _ _ _ _ _ _ _ _ _ _ _ _ _ _ _ _ _ _ _ _ _ _ _ _ _ _ _ _ _ _ 
tests/test_k8_members_flight.py:169: in ready
    prepare(member, day, **kw)
_ _ _ _ _ _ _ _ _ _ _ _ _ _ _ _ _ _ _ _ _ _ _ _ _ _ _ _ _ _ _ _ _ _ _ _ _ _ _ _ 

member = FlightToGold(variant='H30', name='K8-flight-01 H30 MGC', legs=(LegSpec(root='MGC', traded=True), LegSpec(root='MES', t...radingInterval(start_ct=datetime.time(8, 29), end_ct=datetime.time(14, 55), start_offset_days=0, end_offset_days=0),)})
day = datetime.date(2025, 6, 17), values = 77, dips = (1, 2, 3, 4, 5, 6, ...)

    def prepare(member: FlightToGold, day: date, values: int | Sequence[int] = 77,
                dips: Sequence[int] = DIPS) -> tuple[date, ...]:
        """Feed the 20 reference dates of ``day`` (the first one is the first bar of the run): date i
        gives values[i] defined r values, with a dip of dips[i] ticks at k = 10 when i < len(dips)."""
        refs = reference_dates(day)
>       assert len(refs) == 20
E       assert 19 == 20
E        +  where 19 = len((datetime.date(2025, 5, 20), datetime.date(2025, 5, 21), datetime.date(2025, 5, 22), datetime.date(2025, 5, 23), datetime.date(2025, 5, 27), datetime.date(2025, 5, 28), ...))

tests/test_k8_members_flight.py:149: AssertionError
_________________ test_c6_reads_the_traded_roots_instants_only _________________

monkeypatch = <_pytest.monkeypatch.MonkeyPatch object at 0x7834614e7080>

    def test_c6_reads_the_traded_roots_instants_only(monkeypatch: pytest.MonkeyPatch) -> None:
        for root in ("6C", "MNQ"):
            monkeypatch.setitem(rel.GUARD_INSTANTS, root, (ns_at(DAY, hm(11, 0)) // NS,))
>       member = ready()
                 ^^^^^^^

tests/test_k8_members_flight_exits.py:156: 
_ _ _ _ _ _ _ _ _ _ _ _ _ _ _ _ _ _ _ _ _ _ _ _ _ _ _ _ _ _ _ _ _ _ _ _ _ _ _ _ 
tests/test_k8_members_flight.py:169: in ready
    prepare(member, day, **kw)
_ _ _ _ _ _ _ _ _ _ _ _ _ _ _ _ _ _ _ _ _ _ _ _ _ _ _ _ _ _ _ _ _ _ _ _ _ _ _ _ 

member = FlightToGold(variant='H30', name='K8-flight-01 H30 MGC', legs=(LegSpec(root='MGC', traded=True), LegSpec(root='MES', t...radingInterval(start_ct=datetime.time(8, 29), end_ct=datetime.time(14, 55), start_offset_days=0, end_offset_days=0),)})
day = datetime.date(2025, 6, 17), values = 77, dips = (1, 2, 3, 4, 5, 6, ...)

    def prepare(member: FlightToGold, day: date, values: int | Sequence[int] = 77,
                dips: Sequence[int] = DIPS) -> tuple[date, ...]:
        """Feed the 20 reference dates of ``day`` (the first one is the first bar of the run): date i
        gives values[i] defined r values, with a dip of dips[i] ticks at k = 10 when i < len(dips)."""
        refs = reference_dates(day)
>       assert len(refs) == 20
E       assert 19 == 20
E        +  where 19 = len((datetime.date(2025, 5, 20), datetime.date(2025, 5, 21), datetime.date(2025, 5, 22), datetime.date(2025, 5, 23), datetime.date(2025, 5, 27), datetime.date(2025, 5, 28), ...))

tests/test_k8_members_flight.py:149: AssertionError
__________ test_a_missing_entry_bar_at_the_first_trigger_ends_the_day __________

    def test_a_missing_entry_bar_at_the_first_trigger_ends_the_day() -> None:
>       member = ready()
                 ^^^^^^^

tests/test_k8_members_flight_exits.py:162: 
_ _ _ _ _ _ _ _ _ _ _ _ _ _ _ _ _ _ _ _ _ _ _ _ _ _ _ _ _ _ _ _ _ _ _ _ _ _ _ _ 
tests/test_k8_members_flight.py:169: in ready
    prepare(member, day, **kw)
_ _ _ _ _ _ _ _ _ _ _ _ _ _ _ _ _ _ _ _ _ _ _ _ _ _ _ _ _ _ _ _ _ _ _ _ _ _ _ _ 

member = FlightToGold(variant='H30', name='K8-flight-01 H30 MGC', legs=(LegSpec(root='MGC', traded=True), LegSpec(root='MES', t...radingInterval(start_ct=datetime.time(8, 29), end_ct=datetime.time(14, 55), start_offset_days=0, end_offset_days=0),)})
day = datetime.date(2025, 6, 17), values = 77, dips = (1, 2, 3, 4, 5, 6, ...)

    def prepare(member: FlightToGold, day: date, values: int | Sequence[int] = 77,
                dips: Sequence[int] = DIPS) -> tuple[date, ...]:
        """Feed the 20 reference dates of ``day`` (the first one is the first bar of the run): date i
        gives values[i] defined r values, with a dip of dips[i] ticks at k = 10 when i < len(dips)."""
        refs = reference_dates(day)
>       assert len(refs) == 20
E       assert 19 == 20
E        +  where 19 = len((datetime.date(2025, 5, 20), datetime.date(2025, 5, 21), datetime.date(2025, 5, 22), datetime.date(2025, 5, 23), datetime.date(2025, 5, 27), datetime.date(2025, 5, 28), ...))

tests/test_k8_members_flight.py:149: AssertionError
__________ test_an_entry_bar_of_another_trade_date_counts_as_missing ___________

    def test_an_entry_bar_of_another_trade_date_counts_as_missing() -> None:
>       member = ready()
                 ^^^^^^^

tests/test_k8_members_flight_exits.py:167: 
_ _ _ _ _ _ _ _ _ _ _ _ _ _ _ _ _ _ _ _ _ _ _ _ _ _ _ _ _ _ _ _ _ _ _ _ _ _ _ _ 
tests/test_k8_members_flight.py:169: in ready
    prepare(member, day, **kw)
_ _ _ _ _ _ _ _ _ _ _ _ _ _ _ _ _ _ _ _ _ _ _ _ _ _ _ _ _ _ _ _ _ _ _ _ _ _ _ _ 

member = FlightToGold(variant='H30', name='K8-flight-01 H30 MGC', legs=(LegSpec(root='MGC', traded=True), LegSpec(root='MES', t...radingInterval(start_ct=datetime.time(8, 29), end_ct=datetime.time(14, 55), start_offset_days=0, end_offset_days=0),)})
day = datetime.date(2025, 6, 17), values = 77, dips = (1, 2, 3, 4, 5, 6, ...)

    def prepare(member: FlightToGold, day: date, values: int | Sequence[int] = 77,
                dips: Sequence[int] = DIPS) -> tuple[date, ...]:
        """Feed the 20 reference dates of ``day`` (the first one is the first bar of the run): date i
        gives values[i] defined r values, with a dip of dips[i] ticks at k = 10 when i < len(dips)."""
        refs = reference_dates(day)
>       assert len(refs) == 20
E       assert 19 == 20
E        +  where 19 = len((datetime.date(2025, 5, 20), datetime.date(2025, 5, 21), datetime.date(2025, 5, 22), datetime.date(2025, 5, 23), datetime.date(2025, 5, 27), datetime.date(2025, 5, 28), ...))

tests/test_k8_members_flight.py:149: AssertionError
_____ test_an_mes_bar_absent_at_tk_minus_1_and_present_at_tk_is_never_used _____

    def test_an_mes_bar_absent_at_tk_minus_1_and_present_at_tk_is_never_used() -> None:
>       member = ready()
                 ^^^^^^^

tests/test_k8_members_flight_exits.py:181: 
_ _ _ _ _ _ _ _ _ _ _ _ _ _ _ _ _ _ _ _ _ _ _ _ _ _ _ _ _ _ _ _ _ _ _ _ _ _ _ _ 
tests/test_k8_members_flight.py:169: in ready
    prepare(member, day, **kw)
_ _ _ _ _ _ _ _ _ _ _ _ _ _ _ _ _ _ _ _ _ _ _ _ _ _ _ _ _ _ _ _ _ _ _ _ _ _ _ _ 

member = FlightToGold(variant='H30', name='K8-flight-01 H30 MGC', legs=(LegSpec(root='MGC', traded=True), LegSpec(root='MES', t...radingInterval(start_ct=datetime.time(8, 29), end_ct=datetime.time(14, 55), start_offset_days=0, end_offset_days=0),)})
day = datetime.date(2025, 6, 17), values = 77, dips = (1, 2, 3, 4, 5, 6, ...)

    def prepare(member: FlightToGold, day: date, values: int | Sequence[int] = 77,
                dips: Sequence[int] = DIPS) -> tuple[date, ...]:
        """Feed the 20 reference dates of ``day`` (the first one is the first bar of the run): date i
        gives values[i] defined r values, with a dip of dips[i] ticks at k = 10 when i < len(dips)."""
        refs = reference_dates(day)
>       assert len(refs) == 20
E       assert 19 == 20
E        +  where 19 = len((datetime.date(2025, 5, 20), datetime.date(2025, 5, 21), datetime.date(2025, 5, 22), datetime.date(2025, 5, 23), datetime.date(2025, 5, 27), datetime.date(2025, 5, 28), ...))

tests/test_k8_members_flight.py:149: AssertionError
_________________ test_no_forward_fill_of_an_earlier_mes_close _________________

    def test_no_forward_fill_of_an_earlier_mes_close() -> None:
>       member = ready()
                 ^^^^^^^

tests/test_k8_members_flight_exits.py:198: 
_ _ _ _ _ _ _ _ _ _ _ _ _ _ _ _ _ _ _ _ _ _ _ _ _ _ _ _ _ _ _ _ _ _ _ _ _ _ _ _ 
tests/test_k8_members_flight.py:169: in ready
    prepare(member, day, **kw)
_ _ _ _ _ _ _ _ _ _ _ _ _ _ _ _ _ _ _ _ _ _ _ _ _ _ _ _ _ _ _ _ _ _ _ _ _ _ _ _ 

member = FlightToGold(variant='H30', name='K8-flight-01 H30 MGC', legs=(LegSpec(root='MGC', traded=True), LegSpec(root='MES', t...radingInterval(start_ct=datetime.time(8, 29), end_ct=datetime.time(14, 55), start_offset_days=0, end_offset_days=0),)})
day = datetime.date(2025, 6, 17), values = 77, dips = (1, 2, 3, 4, 5, 6, ...)

    def prepare(member: FlightToGold, day: date, values: int | Sequence[int] = 77,
                dips: Sequence[int] = DIPS) -> tuple[date, ...]:
        """Feed the 20 reference dates of ``day`` (the first one is the first bar of the run): date i
        gives values[i] defined r values, with a dip of dips[i] ticks at k = 10 when i < len(dips)."""
        refs = reference_dates(day)
>       assert len(refs) == 20
E       assert 19 == 20
E        +  where 19 = len((datetime.date(2025, 5, 20), datetime.date(2025, 5, 21), datetime.date(2025, 5, 22), datetime.date(2025, 5, 23), datetime.date(2025, 5, 27), datetime.date(2025, 5, 28), ...))

tests/test_k8_members_flight.py:149: AssertionError
________________ test_h30_exit_is_sent_on_the_bar_at_te_plus_29 ________________

    def test_h30_exit_is_sent_on_the_bar_at_te_plus_29() -> None:
>       member = ready_as("H30")
                 ^^^^^^^^^^^^^^^

tests/test_k8_members_flight_exits.py:208: 
_ _ _ _ _ _ _ _ _ _ _ _ _ _ _ _ _ _ _ _ _ _ _ _ _ _ _ _ _ _ _ _ _ _ _ _ _ _ _ _ 
tests/test_k8_members_flight_exits.py:43: in ready_as
    prepare(member, day)
_ _ _ _ _ _ _ _ _ _ _ _ _ _ _ _ _ _ _ _ _ _ _ _ _ _ _ _ _ _ _ _ _ _ _ _ _ _ _ _ 

member = FlightToGold(variant='H30', name='K8-flight-01 H30 MGC', legs=(LegSpec(root='MGC', traded=True), LegSpec(root='MES', t...radingInterval(start_ct=datetime.time(8, 29), end_ct=datetime.time(14, 55), start_offset_days=0, end_offset_days=0),)})
day = datetime.date(2025, 6, 17), values = 77, dips = (1, 2, 3, 4, 5, 6, ...)

    def prepare(member: FlightToGold, day: date, values: int | Sequence[int] = 77,
                dips: Sequence[int] = DIPS) -> tuple[date, ...]:
        """Feed the 20 reference dates of ``day`` (the first one is the first bar of the run): date i
        gives values[i] defined r values, with a dip of dips[i] ticks at k = 10 when i < len(dips)."""
        refs = reference_dates(day)
>       assert len(refs) == 20
E       assert 19 == 20
E        +  where 19 = len((datetime.date(2025, 5, 20), datetime.date(2025, 5, 21), datetime.date(2025, 5, 22), datetime.date(2025, 5, 23), datetime.date(2025, 5, 27), datetime.date(2025, 5, 28), ...))

tests/test_k8_members_flight.py:149: AssertionError
__________________ test_heod_exit_is_sent_on_the_bar_at_1504 ___________________

    def test_heod_exit_is_sent_on_the_bar_at_1504() -> None:
>       member = ready_as("HEOD")
                 ^^^^^^^^^^^^^^^^

tests/test_k8_members_flight_exits.py:214: 
_ _ _ _ _ _ _ _ _ _ _ _ _ _ _ _ _ _ _ _ _ _ _ _ _ _ _ _ _ _ _ _ _ _ _ _ _ _ _ _ 
tests/test_k8_members_flight_exits.py:43: in ready_as
    prepare(member, day)
_ _ _ _ _ _ _ _ _ _ _ _ _ _ _ _ _ _ _ _ _ _ _ _ _ _ _ _ _ _ _ _ _ _ _ _ _ _ _ _ 

member = FlightToGold(variant='HEOD', name='K8-flight-01 HEOD MGC', legs=(LegSpec(root='MGC', traded=True), LegSpec(root='MES',...radingInterval(start_ct=datetime.time(8, 29), end_ct=datetime.time(14, 55), start_offset_days=0, end_offset_days=0),)})
day = datetime.date(2025, 6, 17), values = 77, dips = (1, 2, 3, 4, 5, 6, ...)

    def prepare(member: FlightToGold, day: date, values: int | Sequence[int] = 77,
                dips: Sequence[int] = DIPS) -> tuple[date, ...]:
        """Feed the 20 reference dates of ``day`` (the first one is the first bar of the run): date i
        gives values[i] defined r values, with a dip of dips[i] ticks at k = 10 when i < len(dips)."""
        refs = reference_dates(day)
>       assert len(refs) == 20
E       assert 19 == 20
E        +  where 19 = len((datetime.date(2025, 5, 20), datetime.date(2025, 5, 21), datetime.date(2025, 5, 22), datetime.date(2025, 5, 23), datetime.date(2025, 5, 27), datetime.date(2025, 5, 28), ...))

tests/test_k8_members_flight.py:149: AssertionError
___________________ test_h30_exit_is_capped_at_1504[72-899] ____________________

k = 72, exit_bar = 899

    @pytest.mark.parametrize(("k", "exit_bar"), [
        (72, hm(14, 59)),  # t 14:30: T_e + 29 = 14:59
        (73, hm(15, 4)),  # t 14:35: T_e + 29 = 15:04 = the cap
        (74, hm(15, 4)),  # t 14:40: capped at 15:04 (not 15:09)
        (77, hm(15, 4)),  # t 14:55: capped, a 10-minute hold
    ])
    def test_h30_exit_is_capped_at_1504(k: int, exit_bar: int) -> None:
>       member = ready_as("H30")
                 ^^^^^^^^^^^^^^^

tests/test_k8_members_flight_exits.py:226: 
_ _ _ _ _ _ _ _ _ _ _ _ _ _ _ _ _ _ _ _ _ _ _ _ _ _ _ _ _ _ _ _ _ _ _ _ _ _ _ _ 
tests/test_k8_members_flight_exits.py:43: in ready_as
    prepare(member, day)
_ _ _ _ _ _ _ _ _ _ _ _ _ _ _ _ _ _ _ _ _ _ _ _ _ _ _ _ _ _ _ _ _ _ _ _ _ _ _ _ 

member = FlightToGold(variant='H30', name='K8-flight-01 H30 MGC', legs=(LegSpec(root='MGC', traded=True), LegSpec(root='MES', t...radingInterval(start_ct=datetime.time(8, 29), end_ct=datetime.time(14, 55), start_offset_days=0, end_offset_days=0),)})
day = datetime.date(2025, 6, 17), values = 77, dips = (1, 2, 3, 4, 5, 6, ...)

    def prepare(member: FlightToGold, day: date, values: int | Sequence[int] = 77,
                dips: Sequence[int] = DIPS) -> tuple[date, ...]:
        """Feed the 20 reference dates of ``day`` (the first one is the first bar of the run): date i
        gives values[i] defined r values, with a dip of dips[i] ticks at k = 10 when i < len(dips)."""
        refs = reference_dates(day)
>       assert len(refs) == 20
E       assert 19 == 20
E        +  where 19 = len((datetime.date(2025, 5, 20), datetime.date(2025, 5, 21), datetime.date(2025, 5, 22), datetime.date(2025, 5, 23), datetime.date(2025, 5, 27), datetime.date(2025, 5, 28), ...))

tests/test_k8_members_flight.py:149: AssertionError
___________________ test_h30_exit_is_capped_at_1504[73-904] ____________________

k = 73, exit_bar = 904

    @pytest.mark.parametrize(("k", "exit_bar"), [
        (72, hm(14, 59)),  # t 14:30: T_e + 29 = 14:59
        (73, hm(15, 4)),  # t 14:35: T_e + 29 = 15:04 = the cap
        (74, hm(15, 4)),  # t 14:40: capped at 15:04 (not 15:09)
        (77, hm(15, 4)),  # t 14:55: capped, a 10-minute hold
    ])
    def test_h30_exit_is_capped_at_1504(k: int, exit_bar: int) -> None:
>       member = ready_as("H30")
                 ^^^^^^^^^^^^^^^

tests/test_k8_members_flight_exits.py:226: 
_ _ _ _ _ _ _ _ _ _ _ _ _ _ _ _ _ _ _ _ _ _ _ _ _ _ _ _ _ _ _ _ _ _ _ _ _ _ _ _ 
tests/test_k8_members_flight_exits.py:43: in ready_as
    prepare(member, day)
_ _ _ _ _ _ _ _ _ _ _ _ _ _ _ _ _ _ _ _ _ _ _ _ _ _ _ _ _ _ _ _ _ _ _ _ _ _ _ _ 

member = FlightToGold(variant='H30', name='K8-flight-01 H30 MGC', legs=(LegSpec(root='MGC', traded=True), LegSpec(root='MES', t...radingInterval(start_ct=datetime.time(8, 29), end_ct=datetime.time(14, 55), start_offset_days=0, end_offset_days=0),)})
day = datetime.date(2025, 6, 17), values = 77, dips = (1, 2, 3, 4, 5, 6, ...)

    def prepare(member: FlightToGold, day: date, values: int | Sequence[int] = 77,
                dips: Sequence[int] = DIPS) -> tuple[date, ...]:
        """Feed the 20 reference dates of ``day`` (the first one is the first bar of the run): date i
        gives values[i] defined r values, with a dip of dips[i] ticks at k = 10 when i < len(dips)."""
        refs = reference_dates(day)
>       assert len(refs) == 20
E       assert 19 == 20
E        +  where 19 = len((datetime.date(2025, 5, 20), datetime.date(2025, 5, 21), datetime.date(2025, 5, 22), datetime.date(2025, 5, 23), datetime.date(2025, 5, 27), datetime.date(2025, 5, 28), ...))

tests/test_k8_members_flight.py:149: AssertionError
___________________ test_h30_exit_is_capped_at_1504[74-904] ____________________

k = 74, exit_bar = 904

    @pytest.mark.parametrize(("k", "exit_bar"), [
        (72, hm(14, 59)),  # t 14:30: T_e + 29 = 14:59
        (73, hm(15, 4)),  # t 14:35: T_e + 29 = 15:04 = the cap
        (74, hm(15, 4)),  # t 14:40: capped at 15:04 (not 15:09)
        (77, hm(15, 4)),  # t 14:55: capped, a 10-minute hold
    ])
    def test_h30_exit_is_capped_at_1504(k: int, exit_bar: int) -> None:
>       member = ready_as("H30")
                 ^^^^^^^^^^^^^^^

tests/test_k8_members_flight_exits.py:226: 
_ _ _ _ _ _ _ _ _ _ _ _ _ _ _ _ _ _ _ _ _ _ _ _ _ _ _ _ _ _ _ _ _ _ _ _ _ _ _ _ 
tests/test_k8_members_flight_exits.py:43: in ready_as
    prepare(member, day)
_ _ _ _ _ _ _ _ _ _ _ _ _ _ _ _ _ _ _ _ _ _ _ _ _ _ _ _ _ _ _ _ _ _ _ _ _ _ _ _ 

member = FlightToGold(variant='H30', name='K8-flight-01 H30 MGC', legs=(LegSpec(root='MGC', traded=True), LegSpec(root='MES', t...radingInterval(start_ct=datetime.time(8, 29), end_ct=datetime.time(14, 55), start_offset_days=0, end_offset_days=0),)})
day = datetime.date(2025, 6, 17), values = 77, dips = (1, 2, 3, 4, 5, 6, ...)

    def prepare(member: FlightToGold, day: date, values: int | Sequence[int] = 77,
                dips: Sequence[int] = DIPS) -> tuple[date, ...]:
        """Feed the 20 reference dates of ``day`` (the first one is the first bar of the run): date i
        gives values[i] defined r values, with a dip of dips[i] ticks at k = 10 when i < len(dips)."""
        refs = reference_dates(day)
>       assert len(refs) == 20
E       assert 19 == 20
E        +  where 19 = len((datetime.date(2025, 5, 20), datetime.date(2025, 5, 21), datetime.date(2025, 5, 22), datetime.date(2025, 5, 23), datetime.date(2025, 5, 27), datetime.date(2025, 5, 28), ...))

tests/test_k8_members_flight.py:149: AssertionError
___________________ test_h30_exit_is_capped_at_1504[77-904] ____________________

k = 77, exit_bar = 904

    @pytest.mark.parametrize(("k", "exit_bar"), [
        (72, hm(14, 59)),  # t 14:30: T_e + 29 = 14:59
        (73, hm(15, 4)),  # t 14:35: T_e + 29 = 15:04 = the cap
        (74, hm(15, 4)),  # t 14:40: capped at 15:04 (not 15:09)
        (77, hm(15, 4)),  # t 14:55: capped, a 10-minute hold
    ])
    def test_h30_exit_is_capped_at_1504(k: int, exit_bar: int) -> None:
>       member = ready_as("H30")
                 ^^^^^^^^^^^^^^^

tests/test_k8_members_flight_exits.py:226: 
_ _ _ _ _ _ _ _ _ _ _ _ _ _ _ _ _ _ _ _ _ _ _ _ _ _ _ _ _ _ _ _ _ _ _ _ _ _ _ _ 
tests/test_k8_members_flight_exits.py:43: in ready_as
    prepare(member, day)
_ _ _ _ _ _ _ _ _ _ _ _ _ _ _ _ _ _ _ _ _ _ _ _ _ _ _ _ _ _ _ _ _ _ _ _ _ _ _ _ 

member = FlightToGold(variant='H30', name='K8-flight-01 H30 MGC', legs=(LegSpec(root='MGC', traded=True), LegSpec(root='MES', t...radingInterval(start_ct=datetime.time(8, 29), end_ct=datetime.time(14, 55), start_offset_days=0, end_offset_days=0),)})
day = datetime.date(2025, 6, 17), values = 77, dips = (1, 2, 3, 4, 5, 6, ...)

    def prepare(member: FlightToGold, day: date, values: int | Sequence[int] = 77,
                dips: Sequence[int] = DIPS) -> tuple[date, ...]:
        """Feed the 20 reference dates of ``day`` (the first one is the first bar of the run): date i
        gives values[i] defined r values, with a dip of dips[i] ticks at k = 10 when i < len(dips)."""
        refs = reference_dates(day)
>       assert len(refs) == 20
E       assert 19 == 20
E        +  where 19 = len((datetime.date(2025, 5, 20), datetime.date(2025, 5, 21), datetime.date(2025, 5, 22), datetime.date(2025, 5, 23), datetime.date(2025, 5, 27), datetime.date(2025, 5, 28), ...))

tests/test_k8_members_flight.py:149: AssertionError
___________ test_an_mgc_bar_missing_at_tk_moves_te_and_the_h30_exit ____________

    def test_an_mgc_bar_missing_at_tk_moves_te_and_the_h30_exit() -> None:
>       member = ready_as("H30")
                 ^^^^^^^^^^^^^^^

tests/test_k8_members_flight_exits.py:233: 
_ _ _ _ _ _ _ _ _ _ _ _ _ _ _ _ _ _ _ _ _ _ _ _ _ _ _ _ _ _ _ _ _ _ _ _ _ _ _ _ 
tests/test_k8_members_flight_exits.py:43: in ready_as
    prepare(member, day)
_ _ _ _ _ _ _ _ _ _ _ _ _ _ _ _ _ _ _ _ _ _ _ _ _ _ _ _ _ _ _ _ _ _ _ _ _ _ _ _ 

member = FlightToGold(variant='H30', name='K8-flight-01 H30 MGC', legs=(LegSpec(root='MGC', traded=True), LegSpec(root='MES', t...radingInterval(start_ct=datetime.time(8, 29), end_ct=datetime.time(14, 55), start_offset_days=0, end_offset_days=0),)})
day = datetime.date(2025, 6, 17), values = 77, dips = (1, 2, 3, 4, 5, 6, ...)

    def prepare(member: FlightToGold, day: date, values: int | Sequence[int] = 77,
                dips: Sequence[int] = DIPS) -> tuple[date, ...]:
        """Feed the 20 reference dates of ``day`` (the first one is the first bar of the run): date i
        gives values[i] defined r values, with a dip of dips[i] ticks at k = 10 when i < len(dips)."""
        refs = reference_dates(day)
>       assert len(refs) == 20
E       assert 19 == 20
E        +  where 19 = len((datetime.date(2025, 5, 20), datetime.date(2025, 5, 21), datetime.date(2025, 5, 22), datetime.date(2025, 5, 23), datetime.date(2025, 5, 27), datetime.date(2025, 5, 28), ...))

tests/test_k8_members_flight.py:149: AssertionError
_ test_a_missing_exit_bar_sends_the_exit_on_the_first_later_bar[H30-missing0-555] _

variant = 'H30', missing = {554}, sent = 555

    @pytest.mark.parametrize(("variant", "missing", "sent"), [
        ("H30", {hm(9, 14)}, hm(9, 15)),
        ("H30", {hm(9, 14), hm(9, 15), hm(9, 16)}, hm(9, 17)),
        ("HEOD", {hm(15, 4)}, hm(15, 5)),
        ("HEOD", {hm(15, 4), hm(15, 5)}, hm(15, 6)),
    ])
    def test_a_missing_exit_bar_sends_the_exit_on_the_first_later_bar(
            variant: str, missing: set[int], sent: int) -> None:
>       member = ready_as(variant)
                 ^^^^^^^^^^^^^^^^^

tests/test_k8_members_flight_exits.py:249: 
_ _ _ _ _ _ _ _ _ _ _ _ _ _ _ _ _ _ _ _ _ _ _ _ _ _ _ _ _ _ _ _ _ _ _ _ _ _ _ _ 
tests/test_k8_members_flight_exits.py:43: in ready_as
    prepare(member, day)
_ _ _ _ _ _ _ _ _ _ _ _ _ _ _ _ _ _ _ _ _ _ _ _ _ _ _ _ _ _ _ _ _ _ _ _ _ _ _ _ 

member = FlightToGold(variant='H30', name='K8-flight-01 H30 MGC', legs=(LegSpec(root='MGC', traded=True), LegSpec(root='MES', t...radingInterval(start_ct=datetime.time(8, 29), end_ct=datetime.time(14, 55), start_offset_days=0, end_offset_days=0),)})
day = datetime.date(2025, 6, 17), values = 77, dips = (1, 2, 3, 4, 5, 6, ...)

    def prepare(member: FlightToGold, day: date, values: int | Sequence[int] = 77,
                dips: Sequence[int] = DIPS) -> tuple[date, ...]:
        """Feed the 20 reference dates of ``day`` (the first one is the first bar of the run): date i
        gives values[i] defined r values, with a dip of dips[i] ticks at k = 10 when i < len(dips)."""
        refs = reference_dates(day)
>       assert len(refs) == 20
E       assert 19 == 20
E        +  where 19 = len((datetime.date(2025, 5, 20), datetime.date(2025, 5, 21), datetime.date(2025, 5, 22), datetime.date(2025, 5, 23), datetime.date(2025, 5, 27), datetime.date(2025, 5, 28), ...))

tests/test_k8_members_flight.py:149: AssertionError
_ test_a_missing_exit_bar_sends_the_exit_on_the_first_later_bar[H30-missing1-557] _

variant = 'H30', missing = {554, 555, 556}, sent = 557

    @pytest.mark.parametrize(("variant", "missing", "sent"), [
        ("H30", {hm(9, 14)}, hm(9, 15)),
        ("H30", {hm(9, 14), hm(9, 15), hm(9, 16)}, hm(9, 17)),
        ("HEOD", {hm(15, 4)}, hm(15, 5)),
        ("HEOD", {hm(15, 4), hm(15, 5)}, hm(15, 6)),
    ])
    def test_a_missing_exit_bar_sends_the_exit_on_the_first_later_bar(
            variant: str, missing: set[int], sent: int) -> None:
>       member = ready_as(variant)
                 ^^^^^^^^^^^^^^^^^

tests/test_k8_members_flight_exits.py:249: 
_ _ _ _ _ _ _ _ _ _ _ _ _ _ _ _ _ _ _ _ _ _ _ _ _ _ _ _ _ _ _ _ _ _ _ _ _ _ _ _ 
tests/test_k8_members_flight_exits.py:43: in ready_as
    prepare(member, day)
_ _ _ _ _ _ _ _ _ _ _ _ _ _ _ _ _ _ _ _ _ _ _ _ _ _ _ _ _ _ _ _ _ _ _ _ _ _ _ _ 

member = FlightToGold(variant='H30', name='K8-flight-01 H30 MGC', legs=(LegSpec(root='MGC', traded=True), LegSpec(root='MES', t...radingInterval(start_ct=datetime.time(8, 29), end_ct=datetime.time(14, 55), start_offset_days=0, end_offset_days=0),)})
day = datetime.date(2025, 6, 17), values = 77, dips = (1, 2, 3, 4, 5, 6, ...)

    def prepare(member: FlightToGold, day: date, values: int | Sequence[int] = 77,
                dips: Sequence[int] = DIPS) -> tuple[date, ...]:
        """Feed the 20 reference dates of ``day`` (the first one is the first bar of the run): date i
        gives values[i] defined r values, with a dip of dips[i] ticks at k = 10 when i < len(dips)."""
        refs = reference_dates(day)
>       assert len(refs) == 20
E       assert 19 == 20
E        +  where 19 = len((datetime.date(2025, 5, 20), datetime.date(2025, 5, 21), datetime.date(2025, 5, 22), datetime.date(2025, 5, 23), datetime.date(2025, 5, 27), datetime.date(2025, 5, 28), ...))

tests/test_k8_members_flight.py:149: AssertionError
_ test_a_missing_exit_bar_sends_the_exit_on_the_first_later_bar[HEOD-missing2-905] _

variant = 'HEOD', missing = {904}, sent = 905

    @pytest.mark.parametrize(("variant", "missing", "sent"), [
        ("H30", {hm(9, 14)}, hm(9, 15)),
        ("H30", {hm(9, 14), hm(9, 15), hm(9, 16)}, hm(9, 17)),
        ("HEOD", {hm(15, 4)}, hm(15, 5)),
        ("HEOD", {hm(15, 4), hm(15, 5)}, hm(15, 6)),
    ])
    def test_a_missing_exit_bar_sends_the_exit_on_the_first_later_bar(
            variant: str, missing: set[int], sent: int) -> None:
>       member = ready_as(variant)
                 ^^^^^^^^^^^^^^^^^

tests/test_k8_members_flight_exits.py:249: 
_ _ _ _ _ _ _ _ _ _ _ _ _ _ _ _ _ _ _ _ _ _ _ _ _ _ _ _ _ _ _ _ _ _ _ _ _ _ _ _ 
tests/test_k8_members_flight_exits.py:43: in ready_as
    prepare(member, day)
_ _ _ _ _ _ _ _ _ _ _ _ _ _ _ _ _ _ _ _ _ _ _ _ _ _ _ _ _ _ _ _ _ _ _ _ _ _ _ _ 

member = FlightToGold(variant='HEOD', name='K8-flight-01 HEOD MGC', legs=(LegSpec(root='MGC', traded=True), LegSpec(root='MES',...radingInterval(start_ct=datetime.time(8, 29), end_ct=datetime.time(14, 55), start_offset_days=0, end_offset_days=0),)})
day = datetime.date(2025, 6, 17), values = 77, dips = (1, 2, 3, 4, 5, 6, ...)

    def prepare(member: FlightToGold, day: date, values: int | Sequence[int] = 77,
                dips: Sequence[int] = DIPS) -> tuple[date, ...]:
        """Feed the 20 reference dates of ``day`` (the first one is the first bar of the run): date i
        gives values[i] defined r values, with a dip of dips[i] ticks at k = 10 when i < len(dips)."""
        refs = reference_dates(day)
>       assert len(refs) == 20
E       assert 19 == 20
E        +  where 19 = len((datetime.date(2025, 5, 20), datetime.date(2025, 5, 21), datetime.date(2025, 5, 22), datetime.date(2025, 5, 23), datetime.date(2025, 5, 27), datetime.date(2025, 5, 28), ...))

tests/test_k8_members_flight.py:149: AssertionError
_ test_a_missing_exit_bar_sends_the_exit_on_the_first_later_bar[HEOD-missing3-906] _

variant = 'HEOD', missing = {904, 905}, sent = 906

    @pytest.mark.parametrize(("variant", "missing", "sent"), [
        ("H30", {hm(9, 14)}, hm(9, 15)),
        ("H30", {hm(9, 14), hm(9, 15), hm(9, 16)}, hm(9, 17)),
        ("HEOD", {hm(15, 4)}, hm(15, 5)),
        ("HEOD", {hm(15, 4), hm(15, 5)}, hm(15, 6)),
    ])
    def test_a_missing_exit_bar_sends_the_exit_on_the_first_later_bar(
            variant: str, missing: set[int], sent: int) -> None:
>       member = ready_as(variant)
                 ^^^^^^^^^^^^^^^^^

tests/test_k8_members_flight_exits.py:249: 
_ _ _ _ _ _ _ _ _ _ _ _ _ _ _ _ _ _ _ _ _ _ _ _ _ _ _ _ _ _ _ _ _ _ _ _ _ _ _ _ 
tests/test_k8_members_flight_exits.py:43: in ready_as
    prepare(member, day)
_ _ _ _ _ _ _ _ _ _ _ _ _ _ _ _ _ _ _ _ _ _ _ _ _ _ _ _ _ _ _ _ _ _ _ _ _ _ _ _ 

member = FlightToGold(variant='HEOD', name='K8-flight-01 HEOD MGC', legs=(LegSpec(root='MGC', traded=True), LegSpec(root='MES',...radingInterval(start_ct=datetime.time(8, 29), end_ct=datetime.time(14, 55), start_offset_days=0, end_offset_days=0),)})
day = datetime.date(2025, 6, 17), values = 77, dips = (1, 2, 3, 4, 5, 6, ...)

    def prepare(member: FlightToGold, day: date, values: int | Sequence[int] = 77,
                dips: Sequence[int] = DIPS) -> tuple[date, ...]:
        """Feed the 20 reference dates of ``day`` (the first one is the first bar of the run): date i
        gives values[i] defined r values, with a dip of dips[i] ticks at k = 10 when i < len(dips)."""
        refs = reference_dates(day)
>       assert len(refs) == 20
E       assert 19 == 20
E        +  where 19 = len((datetime.date(2025, 5, 20), datetime.date(2025, 5, 21), datetime.date(2025, 5, 22), datetime.date(2025, 5, 23), datetime.date(2025, 5, 27), datetime.date(2025, 5, 28), ...))

tests/test_k8_members_flight.py:149: AssertionError
______ test_a_refused_exit_is_resent_and_a_pending_exit_is_not_duplicated ______

    def test_a_refused_exit_is_resent_and_a_pending_exit_is_not_duplicated() -> None:
>       member = ready_as("H30")
                 ^^^^^^^^^^^^^^^

tests/test_k8_members_flight_exits.py:255: 
_ _ _ _ _ _ _ _ _ _ _ _ _ _ _ _ _ _ _ _ _ _ _ _ _ _ _ _ _ _ _ _ _ _ _ _ _ _ _ _ 
tests/test_k8_members_flight_exits.py:43: in ready_as
    prepare(member, day)
_ _ _ _ _ _ _ _ _ _ _ _ _ _ _ _ _ _ _ _ _ _ _ _ _ _ _ _ _ _ _ _ _ _ _ _ _ _ _ _ 

member = FlightToGold(variant='H30', name='K8-flight-01 H30 MGC', legs=(LegSpec(root='MGC', traded=True), LegSpec(root='MES', t...radingInterval(start_ct=datetime.time(8, 29), end_ct=datetime.time(14, 55), start_offset_days=0, end_offset_days=0),)})
day = datetime.date(2025, 6, 17), values = 77, dips = (1, 2, 3, 4, 5, 6, ...)

    def prepare(member: FlightToGold, day: date, values: int | Sequence[int] = 77,
                dips: Sequence[int] = DIPS) -> tuple[date, ...]:
        """Feed the 20 reference dates of ``day`` (the first one is the first bar of the run): date i
        gives values[i] defined r values, with a dip of dips[i] ticks at k = 10 when i < len(dips)."""
        refs = reference_dates(day)
>       assert len(refs) == 20
E       assert 19 == 20
E        +  where 19 = len((datetime.date(2025, 5, 20), datetime.date(2025, 5, 21), datetime.date(2025, 5, 22), datetime.date(2025, 5, 23), datetime.date(2025, 5, 27), datetime.date(2025, 5, 28), ...))

tests/test_k8_members_flight.py:149: AssertionError
_________________ test_an_engine_closed_position_gets_no_exit __________________

    def test_an_engine_closed_position_gets_no_exit() -> None:
>       member = ready_as("HEOD")
                 ^^^^^^^^^^^^^^^^

tests/test_k8_members_flight_exits.py:262: 
_ _ _ _ _ _ _ _ _ _ _ _ _ _ _ _ _ _ _ _ _ _ _ _ _ _ _ _ _ _ _ _ _ _ _ _ _ _ _ _ 
tests/test_k8_members_flight_exits.py:43: in ready_as
    prepare(member, day)
_ _ _ _ _ _ _ _ _ _ _ _ _ _ _ _ _ _ _ _ _ _ _ _ _ _ _ _ _ _ _ _ _ _ _ _ _ _ _ _ 

member = FlightToGold(variant='HEOD', name='K8-flight-01 HEOD MGC', legs=(LegSpec(root='MGC', traded=True), LegSpec(root='MES',...radingInterval(start_ct=datetime.time(8, 29), end_ct=datetime.time(14, 55), start_offset_days=0, end_offset_days=0),)})
day = datetime.date(2025, 6, 17), values = 77, dips = (1, 2, 3, 4, 5, 6, ...)

    def prepare(member: FlightToGold, day: date, values: int | Sequence[int] = 77,
                dips: Sequence[int] = DIPS) -> tuple[date, ...]:
        """Feed the 20 reference dates of ``day`` (the first one is the first bar of the run): date i
        gives values[i] defined r values, with a dip of dips[i] ticks at k = 10 when i < len(dips)."""
        refs = reference_dates(day)
>       assert len(refs) == 20
E       assert 19 == 20
E        +  where 19 = len((datetime.date(2025, 5, 20), datetime.date(2025, 5, 21), datetime.date(2025, 5, 22), datetime.date(2025, 5, 23), datetime.date(2025, 5, 27), datetime.date(2025, 5, 28), ...))

tests/test_k8_members_flight.py:149: AssertionError
__________________________ test_t_e_resets_when_flat ___________________________

    def test_t_e_resets_when_flat() -> None:
        """After the exit fills, a later position (impossible on real bars: one entry a day) would
        count its own T_e: the member keeps no stale exit time."""
>       member = ready_as("H30")
                 ^^^^^^^^^^^^^^^

tests/test_k8_members_flight_exits.py:271: 
_ _ _ _ _ _ _ _ _ _ _ _ _ _ _ _ _ _ _ _ _ _ _ _ _ _ _ _ _ _ _ _ _ _ _ _ _ _ _ _ 
tests/test_k8_members_flight_exits.py:43: in ready_as
    prepare(member, day)
_ _ _ _ _ _ _ _ _ _ _ _ _ _ _ _ _ _ _ _ _ _ _ _ _ _ _ _ _ _ _ _ _ _ _ _ _ _ _ _ 

member = FlightToGold(variant='H30', name='K8-flight-01 H30 MGC', legs=(LegSpec(root='MGC', traded=True), LegSpec(root='MES', t...radingInterval(start_ct=datetime.time(8, 29), end_ct=datetime.time(14, 55), start_offset_days=0, end_offset_days=0),)})
day = datetime.date(2025, 6, 17), values = 77, dips = (1, 2, 3, 4, 5, 6, ...)

    def prepare(member: FlightToGold, day: date, values: int | Sequence[int] = 77,
                dips: Sequence[int] = DIPS) -> tuple[date, ...]:
        """Feed the 20 reference dates of ``day`` (the first one is the first bar of the run): date i
        gives values[i] defined r values, with a dip of dips[i] ticks at k = 10 when i < len(dips)."""
        refs = reference_dates(day)
>       assert len(refs) == 20
E       assert 19 == 20
E        +  where 19 = len((datetime.date(2025, 5, 20), datetime.date(2025, 5, 21), datetime.date(2025, 5, 22), datetime.date(2025, 5, 23), datetime.date(2025, 5, 27), datetime.date(2025, 5, 28), ...))

tests/test_k8_members_flight.py:149: AssertionError
_________________ test_the_last_fill_is_1505_for_both_variants _________________

    def test_the_last_fill_is_1505_for_both_variants() -> None:
        for variant in ("H30", "HEOD"):
>           member = ready_as(variant)
                     ^^^^^^^^^^^^^^^^^

tests/test_k8_members_flight_exits.py:281: 
_ _ _ _ _ _ _ _ _ _ _ _ _ _ _ _ _ _ _ _ _ _ _ _ _ _ _ _ _ _ _ _ _ _ _ _ _ _ _ _ 
tests/test_k8_members_flight_exits.py:43: in ready_as
    prepare(member, day)
_ _ _ _ _ _ _ _ _ _ _ _ _ _ _ _ _ _ _ _ _ _ _ _ _ _ _ _ _ _ _ _ _ _ _ _ _ _ _ _ 

member = FlightToGold(variant='H30', name='K8-flight-01 H30 MGC', legs=(LegSpec(root='MGC', traded=True), LegSpec(root='MES', t...radingInterval(start_ct=datetime.time(8, 29), end_ct=datetime.time(14, 55), start_offset_days=0, end_offset_days=0),)})
day = datetime.date(2025, 6, 17), values = 77, dips = (1, 2, 3, 4, 5, 6, ...)

    def prepare(member: FlightToGold, day: date, values: int | Sequence[int] = 77,
                dips: Sequence[int] = DIPS) -> tuple[date, ...]:
        """Feed the 20 reference dates of ``day`` (the first one is the first bar of the run): date i
        gives values[i] defined r values, with a dip of dips[i] ticks at k = 10 when i < len(dips)."""
        refs = reference_dates(day)
>       assert len(refs) == 20
E       assert 19 == 20
E        +  where 19 = len((datetime.date(2025, 5, 20), datetime.date(2025, 5, 21), datetime.date(2025, 5, 22), datetime.date(2025, 5, 23), datetime.date(2025, 5, 27), datetime.date(2025, 5, 28), ...))

tests/test_k8_members_flight.py:149: AssertionError
_____________________ test_no_entry_from_a_view_after_1454 _____________________

    def test_no_entry_from_a_view_after_1454() -> None:
>       member = ready()
                 ^^^^^^^

tests/test_k8_members_flight_exits.py:292: 
_ _ _ _ _ _ _ _ _ _ _ _ _ _ _ _ _ _ _ _ _ _ _ _ _ _ _ _ _ _ _ _ _ _ _ _ _ _ _ _ 
tests/test_k8_members_flight.py:169: in ready
    prepare(member, day, **kw)
_ _ _ _ _ _ _ _ _ _ _ _ _ _ _ _ _ _ _ _ _ _ _ _ _ _ _ _ _ _ _ _ _ _ _ _ _ _ _ _ 

member = FlightToGold(variant='H30', name='K8-flight-01 H30 MGC', legs=(LegSpec(root='MGC', traded=True), LegSpec(root='MES', t...radingInterval(start_ct=datetime.time(8, 29), end_ct=datetime.time(14, 55), start_offset_days=0, end_offset_days=0),)})
day = datetime.date(2025, 6, 17), values = 77, dips = (1, 2, 3, 4, 5, 6, ...)

    def prepare(member: FlightToGold, day: date, values: int | Sequence[int] = 77,
                dips: Sequence[int] = DIPS) -> tuple[date, ...]:
        """Feed the 20 reference dates of ``day`` (the first one is the first bar of the run): date i
        gives values[i] defined r values, with a dip of dips[i] ticks at k = 10 when i < len(dips)."""
        refs = reference_dates(day)
>       assert len(refs) == 20
E       assert 19 == 20
E        +  where 19 = len((datetime.date(2025, 5, 20), datetime.date(2025, 5, 21), datetime.date(2025, 5, 22), datetime.date(2025, 5, 23), datetime.date(2025, 5, 27), datetime.date(2025, 5, 28), ...))

tests/test_k8_members_flight.py:149: AssertionError
__________________________ test_no_intent_on_mes_ever __________________________

    def test_no_intent_on_mes_ever() -> None:
>       member = ready()
                 ^^^^^^^

tests/test_k8_members_flight_exits.py:301: 
_ _ _ _ _ _ _ _ _ _ _ _ _ _ _ _ _ _ _ _ _ _ _ _ _ _ _ _ _ _ _ _ _ _ _ _ _ _ _ _ 
tests/test_k8_members_flight.py:169: in ready
    prepare(member, day, **kw)
_ _ _ _ _ _ _ _ _ _ _ _ _ _ _ _ _ _ _ _ _ _ _ _ _ _ _ _ _ _ _ _ _ _ _ _ _ _ _ _ 

member = FlightToGold(variant='H30', name='K8-flight-01 H30 MGC', legs=(LegSpec(root='MGC', traded=True), LegSpec(root='MES', t...radingInterval(start_ct=datetime.time(8, 29), end_ct=datetime.time(14, 55), start_offset_days=0, end_offset_days=0),)})
day = datetime.date(2025, 6, 17), values = 77, dips = (1, 2, 3, 4, 5, 6, ...)

    def prepare(member: FlightToGold, day: date, values: int | Sequence[int] = 77,
                dips: Sequence[int] = DIPS) -> tuple[date, ...]:
        """Feed the 20 reference dates of ``day`` (the first one is the first bar of the run): date i
        gives values[i] defined r values, with a dip of dips[i] ticks at k = 10 when i < len(dips)."""
        refs = reference_dates(day)
>       assert len(refs) == 20
E       assert 19 == 20
E        +  where 19 = len((datetime.date(2025, 5, 20), datetime.date(2025, 5, 21), datetime.date(2025, 5, 22), datetime.date(2025, 5, 23), datetime.date(2025, 5, 27), datetime.date(2025, 5, 28), ...))

tests/test_k8_members_flight.py:149: AssertionError
__________ test_h30_fills_mgc_at_the_tk_open_and_exits_at_te_plus_30 ___________

    def test_h30_fills_mgc_at_the_tk_open_and_exits_at_te_plus_30() -> None:
        res = run(flight.make_h30(), frames())
>       assert fills(res) == [("MGC", "08:45", "buy", 1, "strategy"),
                              ("MGC", "09:15", "sell", 1, "strategy")]
E       AssertionError: assert [] == [('MGC', '08:..., 'strategy')]
E         
E         Right contains 2 more items, first extra item: ('MGC', '08:45', 'buy', 1, 'strategy')
E         Use -v to get more diff

tests/test_k8_members_flight_engine.py:126: AssertionError
_____________ test_heod_fills_mgc_at_the_tk_open_and_exits_at_1505 _____________

    def test_heod_fills_mgc_at_the_tk_open_and_exits_at_1505() -> None:
        res = run(flight.make_heod(), frames())
>       assert fills(res) == [("MGC", "08:45", "buy", 1, "strategy"),
                              ("MGC", "15:05", "sell", 1, "strategy")]
E       AssertionError: assert [] == [('MGC', '08:..., 'strategy')]
E         
E         Right contains 2 more items, first extra item: ('MGC', '08:45', 'buy', 1, 'strategy')
E         Use -v to get more diff

tests/test_k8_members_flight_engine.py:133: AssertionError
____ test_an_mgc_bar_missing_at_tk_fills_later_and_h30_counts_from_the_fill ____

    def test_an_mgc_bar_missing_at_tk_fills_later_and_h30_counts_from_the_fill() -> None:
        frame_map = frames()
        mgc = frame_map["MGC"]
        t_k = int(datetime.combine(DAY, time(8, 45), tzinfo=CT).timestamp()) * NS
        frame_map["MGC"] = mgc[mgc["ts_event"] != t_k].reset_index(drop=True)
        res = run(flight.make_h30(), frame_map)
>       assert fills(res) == [("MGC", "08:46", "buy", 1, "strategy"),
                              ("MGC", "09:16", "sell", 1, "strategy")]
E       AssertionError: assert [] == [('MGC', '08:..., 'strategy')]
E         
E         Right contains 2 more items, first extra item: ('MGC', '08:46', 'buy', 1, 'strategy')
E         Use -v to get more diff

tests/test_k8_members_flight_engine.py:144: AssertionError
______ test_a_roll_blackout_of_the_signal_leg_only_blocks_the_entry_v16a _______

    def test_a_roll_blackout_of_the_signal_leg_only_blocks_the_entry_v16a() -> None:
        frame_map = frames()
        rules, mw = runner_rules(frame_map, mes_blackout={DAY})
        assert DAY in mw.excluded["roll_blackout_any_leg"] and DAY not in mw.dates
        assert DAY in mw.blackout_union
        res = run(flight.make_h30(), frame_map, rules)
>       assert intents(res) == [("MGC", "08:44", "engine_not_a_window_date")]
E       AssertionError: assert [] == [('MGC', '08:...window_date')]
E         
E         Right contains one more item: ('MGC', '08:44', 'engine_not_a_window_date')
E         Use -v to get more diff

tests/test_k8_members_flight_engine.py:165: AssertionError
_______ test_the_engine_names_the_roll_blackout_when_d_is_a_window_date ________

    def test_the_engine_names_the_roll_blackout_when_d_is_a_window_date() -> None:
        frame_map = frames()
        inputs = {leg.root: leg_inputs(leg.root, traded=leg.traded) for leg in LEGS}
        rules = StageERules(inputs, frozenset(WINDOW), frozenset({DAY}), NO_RELEASES)
        res = run(flight.make_h30(), frame_map, rules)
>       assert intents(res) == [("MGC", "08:44", "engine_roll_blackout")]
E       AssertionError: assert [] == [('MGC', '08:...ll_blackout')]
E         
E         Right contains one more item: ('MGC', '08:44', 'engine_roll_blackout')
E         Use -v to get more diff

tests/test_k8_members_flight_engine.py:174: AssertionError
____________ test_control_without_a_blackout_the_runner_rules_fill _____________

    def test_control_without_a_blackout_the_runner_rules_fill() -> None:
        frame_map = frames()
        rules, mw = runner_rules(frame_map)
        assert DAY in mw.dates and not mw.blackout_union
        res = run(flight.make_h30(), frame_map, rules)
>       assert fills(res)[0] == ("MGC", "08:45", "buy", 1, "strategy")
               ^^^^^^^^^^^^^
E       IndexError: list index out of range

tests/test_k8_members_flight_engine.py:183: IndexError
__________________ test_the_member_is_a_fresh_object_per_run ___________________

    def test_the_member_is_a_fresh_object_per_run() -> None:
        first, second = flight.make_h30(), flight.make_h30()
        assert isinstance(first, FlightToGold) and first is not second
        run(first, frames())
>       assert fills(run(second, frames()))[0][1] == "08:45"
               ^^^^^^^^^^^^^^^^^^^^^^^^^^^^^^^
E       IndexError: list index out of range

tests/test_k8_members_flight_engine.py:190: IndexError
____________________ test_scenario_dates_are_calendar_facts ____________________

    def test_scenario_dates_are_calendar_facts() -> None:
        oil = set(OILCAD_DATES)
        for d in (WPSR_DAY, FOMC_DAY, HOLIDAY_WPSR_DAY, DROPPED_WPSR_DAY, PLAIN_DAY):
            assert d in oil
        assert in_guard("6C", ns_at(WPSR_DAY, hm(9, 30)))
        assert not in_guard("6C", ns_at(WPSR_DAY, hm(9, 35)))
        assert in_guard("6C", ns_at(FOMC_DAY, hm(13, 0)))
        assert in_guard("6C", ns_at(HOLIDAY_WPSR_DAY, hm(11, 0)))
        assert in_guard("6C", ns_at(DROPPED_WPSR_DAY, hm(11, 0)))
        assert not any(in_guard("6C", ns_at(PLAIN_DAY, t)) for t in DECISIONS)
        # 2025-06-19 and 2025-07-04 are not OILCAD dates; WPSR_DAY's 20 reference dates skip them
        assert date(2025, 6, 19) not in oil and date(2025, 7, 4) not in oil
>       assert refs_of(WPSR_DAY)[0] == date(2025, 6, 9) and refs_of(WPSR_DAY)[-1] == PLAIN_DAY
               ^^^^^^^^^^^^^^^^^

tests/test_k8_members_oilcad.py:318: 
_ _ _ _ _ _ _ _ _ _ _ _ _ _ _ _ _ _ _ _ _ _ _ _ _ _ _ _ _ _ _ _ _ _ _ _ _ _ _ _ 

day = datetime.date(2025, 7, 9)

    def refs_of(day: date) -> tuple[date, ...]:
        refs = previous_dates(OILCAD_DATES, day, 20)
>       assert len(refs) == 20
E       assert 19 == 20
E        +  where 19 = len((datetime.date(2025, 6, 10), datetime.date(2025, 6, 11), datetime.date(2025, 6, 12), datetime.date(2025, 6, 13), datetime.date(2025, 6, 16), datetime.date(2025, 6, 17), ...))

tests/test_k8_members_oilcad.py:252: AssertionError
_____________________ test_first_and_last_decisions_trade ______________________

    def test_first_and_last_decisions_trade() -> None:
>       assert entries(DAY, {"08:05": 2, "13:25": 2}) == [("08:04", "buy"), ("13:24", "buy")]
               ^^^^^^^^^^^^^^^^^^^^^^^^^^^^^^^^^^^^^^

tests/test_k8_members_oilcad.py:355: 
_ _ _ _ _ _ _ _ _ _ _ _ _ _ _ _ _ _ _ _ _ _ _ _ _ _ _ _ _ _ _ _ _ _ _ _ _ _ _ _ 
tests/test_k8_members_oilcad.py:288: in entries
    out = drive(oilcad.make_6c(), oil_bars(day, steps, **kw), acct)
                                  ^^^^^^^^^^^^^^^^^^^^^^^^^^
tests/test_k8_members_oilcad.py:282: in oil_bars
    return ref_bars(refs_of(day), specs) + trade_bars(day, steps, **kw)
                    ^^^^^^^^^^^^
_ _ _ _ _ _ _ _ _ _ _ _ _ _ _ _ _ _ _ _ _ _ _ _ _ _ _ _ _ _ _ _ _ _ _ _ _ _ _ _ 

day = datetime.date(2025, 7, 8)

    def refs_of(day: date) -> tuple[date, ...]:
        refs = previous_dates(OILCAD_DATES, day, 20)
>       assert len(refs) == 20
E       assert 19 == 20
E        +  where 19 = len((datetime.date(2025, 6, 9), datetime.date(2025, 6, 10), datetime.date(2025, 6, 11), datetime.date(2025, 6, 12), datetime.date(2025, 6, 13), datetime.date(2025, 6, 16), ...))

tests/test_k8_members_oilcad.py:252: AssertionError
__________________________ test_no_decision_at_08_00 ___________________________

    def test_no_decision_at_08_00() -> None:
        """A big MCL move 07:54 -> 07:59 with a 6C bar at 07:59: 08:00 is not a decision time."""
>       assert entries(DAY, mcl_extra=[(hm(7, 54), B_MCL - 3)]) == []
               ^^^^^^^^^^^^^^^^^^^^^^^^^^^^^^^^^^^^^^^^^^^^^^^^

tests/test_k8_members_oilcad.py:360: 
_ _ _ _ _ _ _ _ _ _ _ _ _ _ _ _ _ _ _ _ _ _ _ _ _ _ _ _ _ _ _ _ _ _ _ _ _ _ _ _ 
tests/test_k8_members_oilcad.py:288: in entries
    out = drive(oilcad.make_6c(), oil_bars(day, steps, **kw), acct)
                                  ^^^^^^^^^^^^^^^^^^^^^^^^^^
tests/test_k8_members_oilcad.py:282: in oil_bars
    return ref_bars(refs_of(day), specs) + trade_bars(day, steps, **kw)
                    ^^^^^^^^^^^^
_ _ _ _ _ _ _ _ _ _ _ _ _ _ _ _ _ _ _ _ _ _ _ _ _ _ _ _ _ _ _ _ _ _ _ _ _ _ _ _ 

day = datetime.date(2025, 7, 8)

    def refs_of(day: date) -> tuple[date, ...]:
        refs = previous_dates(OILCAD_DATES, day, 20)
>       assert len(refs) == 20
E       assert 19 == 20
E        +  where 19 = len((datetime.date(2025, 6, 9), datetime.date(2025, 6, 10), datetime.date(2025, 6, 11), datetime.date(2025, 6, 12), datetime.date(2025, 6, 13), datetime.date(2025, 6, 16), ...))

tests/test_k8_members_oilcad.py:252: AssertionError
__________________________ test_no_decision_at_13_30 ___________________________

    def test_no_decision_at_13_30() -> None:
        """A big MCL move 13:24 -> 13:29 with a 6C bar at 13:29: 13:30 is not a decision time."""
>       assert entries(DAY, mcl_extra=[(hm(13, 29), B_MCL + 3)]) == []
               ^^^^^^^^^^^^^^^^^^^^^^^^^^^^^^^^^^^^^^^^^^^^^^^^^

tests/test_k8_members_oilcad.py:365: 
_ _ _ _ _ _ _ _ _ _ _ _ _ _ _ _ _ _ _ _ _ _ _ _ _ _ _ _ _ _ _ _ _ _ _ _ _ _ _ _ 
tests/test_k8_members_oilcad.py:288: in entries
    out = drive(oilcad.make_6c(), oil_bars(day, steps, **kw), acct)
                                  ^^^^^^^^^^^^^^^^^^^^^^^^^^
tests/test_k8_members_oilcad.py:282: in oil_bars
    return ref_bars(refs_of(day), specs) + trade_bars(day, steps, **kw)
                    ^^^^^^^^^^^^
_ _ _ _ _ _ _ _ _ _ _ _ _ _ _ _ _ _ _ _ _ _ _ _ _ _ _ _ _ _ _ _ _ _ _ _ _ _ _ _ 

day = datetime.date(2025, 7, 8)

    def refs_of(day: date) -> tuple[date, ...]:
        refs = previous_dates(OILCAD_DATES, day, 20)
>       assert len(refs) == 20
E       assert 19 == 20
E        +  where 19 = len((datetime.date(2025, 6, 9), datetime.date(2025, 6, 10), datetime.date(2025, 6, 11), datetime.date(2025, 6, 12), datetime.date(2025, 6, 13), datetime.date(2025, 6, 16), ...))

tests/test_k8_members_oilcad.py:252: AssertionError
____________ test_r_t_reads_the_mcl_bars_at_t_minus_1_and_t_minus_6 ____________

    def test_r_t_reads_the_mcl_bars_at_t_minus_1_and_t_minus_6() -> None:
        """t = 08:05: closes of 07:59 (B) and 08:04 (B + 2): a buy. Decoy bars 08:00..08:03 at
        B + 6 (a sell if 08:00 were t - 5) and 07:58 at B + 6 (a sell against 08:04 if it were
        t - 7) are never read."""
        decoys = [(m, B_MCL + 6) for m in (hm(7, 58), *range(hm(8, 0), hm(8, 4)))]
>       assert entries(DAY, {"08:05": 2}, mcl_extra=decoys) == [("08:04", "buy")]
               ^^^^^^^^^^^^^^^^^^^^^^^^^^^^^^^^^^^^^^^^^^^^

tests/test_k8_members_oilcad.py:373: 
_ _ _ _ _ _ _ _ _ _ _ _ _ _ _ _ _ _ _ _ _ _ _ _ _ _ _ _ _ _ _ _ _ _ _ _ _ _ _ _ 
tests/test_k8_members_oilcad.py:288: in entries
    out = drive(oilcad.make_6c(), oil_bars(day, steps, **kw), acct)
                                  ^^^^^^^^^^^^^^^^^^^^^^^^^^
tests/test_k8_members_oilcad.py:282: in oil_bars
    return ref_bars(refs_of(day), specs) + trade_bars(day, steps, **kw)
                    ^^^^^^^^^^^^
_ _ _ _ _ _ _ _ _ _ _ _ _ _ _ _ _ _ _ _ _ _ _ _ _ _ _ _ _ _ _ _ _ _ _ _ _ _ _ _ 

day = datetime.date(2025, 7, 8)

    def refs_of(day: date) -> tuple[date, ...]:
        refs = previous_dates(OILCAD_DATES, day, 20)
>       assert len(refs) == 20
E       assert 19 == 20
E        +  where 19 = len((datetime.date(2025, 6, 9), datetime.date(2025, 6, 10), datetime.date(2025, 6, 11), datetime.date(2025, 6, 12), datetime.date(2025, 6, 13), datetime.date(2025, 6, 16), ...))

tests/test_k8_members_oilcad.py:252: AssertionError
_________________ test_the_entry_is_on_the_6c_bar_at_t_minus_1 _________________

    def test_the_entry_is_on_the_6c_bar_at_t_minus_1() -> None:
        """A big move at t = 09:05 is acted on at the 09:04 view only."""
>       assert entries(DAY, {"09:05": 2}) == [("09:04", "buy")]
               ^^^^^^^^^^^^^^^^^^^^^^^^^^

tests/test_k8_members_oilcad.py:378: 
_ _ _ _ _ _ _ _ _ _ _ _ _ _ _ _ _ _ _ _ _ _ _ _ _ _ _ _ _ _ _ _ _ _ _ _ _ _ _ _ 
tests/test_k8_members_oilcad.py:288: in entries
    out = drive(oilcad.make_6c(), oil_bars(day, steps, **kw), acct)
                                  ^^^^^^^^^^^^^^^^^^^^^^^^^^
tests/test_k8_members_oilcad.py:282: in oil_bars
    return ref_bars(refs_of(day), specs) + trade_bars(day, steps, **kw)
                    ^^^^^^^^^^^^
_ _ _ _ _ _ _ _ _ _ _ _ _ _ _ _ _ _ _ _ _ _ _ _ _ _ _ _ _ _ _ _ _ _ _ _ _ _ _ _ 

day = datetime.date(2025, 7, 8)

    def refs_of(day: date) -> tuple[date, ...]:
        refs = previous_dates(OILCAD_DATES, day, 20)
>       assert len(refs) == 20
E       assert 19 == 20
E        +  where 19 = len((datetime.date(2025, 6, 9), datetime.date(2025, 6, 10), datetime.date(2025, 6, 11), datetime.date(2025, 6, 12), datetime.date(2025, 6, 13), datetime.date(2025, 6, 16), ...))

tests/test_k8_members_oilcad.py:252: AssertionError
___________ test_a_zero_mcl_close_at_t_minus_6_leaves_r_t_undefined ____________

    def test_a_zero_mcl_close_at_t_minus_6_leaves_r_t_undefined() -> None:
        """The 07:59 close is 0 (c6 of t = 08:05, the c1 of no block): no entry at 08:05 despite
        the move; 08:10 still trades."""
>       bars = oil_bars(DAY, {"08:05": 2, "08:10": 2})
               ^^^^^^^^^^^^^^^^^^^^^^^^^^^^^^^^^^^^^^^

tests/test_k8_members_oilcad.py:392: 
_ _ _ _ _ _ _ _ _ _ _ _ _ _ _ _ _ _ _ _ _ _ _ _ _ _ _ _ _ _ _ _ _ _ _ _ _ _ _ _ 
tests/test_k8_members_oilcad.py:282: in oil_bars
    return ref_bars(refs_of(day), specs) + trade_bars(day, steps, **kw)
                    ^^^^^^^^^^^^
_ _ _ _ _ _ _ _ _ _ _ _ _ _ _ _ _ _ _ _ _ _ _ _ _ _ _ _ _ _ _ _ _ _ _ _ _ _ _ _ 

day = datetime.date(2025, 7, 8)

    def refs_of(day: date) -> tuple[date, ...]:
        refs = previous_dates(OILCAD_DATES, day, 20)
>       assert len(refs) == 20
E       assert 19 == 20
E        +  where 19 = len((datetime.date(2025, 6, 9), datetime.date(2025, 6, 10), datetime.date(2025, 6, 11), datetime.date(2025, 6, 12), datetime.date(2025, 6, 13), datetime.date(2025, 6, 16), ...))

tests/test_k8_members_oilcad.py:252: AssertionError
______________________ test_z_exactly_2_trades_end_to_end ______________________

    def test_z_exactly_2_trades_end_to_end() -> None:
        """STANDARD: s = u/2; a +1 step from B is r = u, z = 2.0 exactly: a buy; -1 a sell."""
>       assert entries(DAY, {"10:05": 1}) == [("10:04", "buy")]
               ^^^^^^^^^^^^^^^^^^^^^^^^^^

tests/test_k8_members_oilcad.py:428: 
_ _ _ _ _ _ _ _ _ _ _ _ _ _ _ _ _ _ _ _ _ _ _ _ _ _ _ _ _ _ _ _ _ _ _ _ _ _ _ _ 
tests/test_k8_members_oilcad.py:288: in entries
    out = drive(oilcad.make_6c(), oil_bars(day, steps, **kw), acct)
                                  ^^^^^^^^^^^^^^^^^^^^^^^^^^
tests/test_k8_members_oilcad.py:282: in oil_bars
    return ref_bars(refs_of(day), specs) + trade_bars(day, steps, **kw)
                    ^^^^^^^^^^^^
_ _ _ _ _ _ _ _ _ _ _ _ _ _ _ _ _ _ _ _ _ _ _ _ _ _ _ _ _ _ _ _ _ _ _ _ _ _ _ _ 

day = datetime.date(2025, 7, 8)

    def refs_of(day: date) -> tuple[date, ...]:
        refs = previous_dates(OILCAD_DATES, day, 20)
>       assert len(refs) == 20
E       assert 19 == 20
E        +  where 19 = len((datetime.date(2025, 6, 9), datetime.date(2025, 6, 10), datetime.date(2025, 6, 11), datetime.date(2025, 6, 12), datetime.date(2025, 6, 13), datetime.date(2025, 6, 16), ...))

tests/test_k8_members_oilcad.py:252: AssertionError
______________ test_ddof_1_end_to_end_just_below_2_does_not_trade ______________

    def test_ddof_1_end_to_end_just_below_2_does_not_trade() -> None:
        """On base B + 1 a +1 step is r = 1/6001: z = 1.99967 with ddof 1 (no trade); ddof 0 would
        give 2.00067 (a trade)."""
        values = ref_values(STANDARD)
        r = (B_MCL + 2 - (B_MCL + 1)) / (B_MCL + 1)
        assert abs(r / statistics.stdev(values)) < 2.0 <= abs(r / statistics.pstdev(values))
>       assert entries(DAY, {"10:05": 1}, base=B_MCL + 1) == []
               ^^^^^^^^^^^^^^^^^^^^^^^^^^^^^^^^^^^^^^^^^^

tests/test_k8_members_oilcad.py:438: 
_ _ _ _ _ _ _ _ _ _ _ _ _ _ _ _ _ _ _ _ _ _ _ _ _ _ _ _ _ _ _ _ _ _ _ _ _ _ _ _ 
tests/test_k8_members_oilcad.py:288: in entries
    out = drive(oilcad.make_6c(), oil_bars(day, steps, **kw), acct)
                                  ^^^^^^^^^^^^^^^^^^^^^^^^^^
tests/test_k8_members_oilcad.py:282: in oil_bars
    return ref_bars(refs_of(day), specs) + trade_bars(day, steps, **kw)
                    ^^^^^^^^^^^^
_ _ _ _ _ _ _ _ _ _ _ _ _ _ _ _ _ _ _ _ _ _ _ _ _ _ _ _ _ _ _ _ _ _ _ _ _ _ _ _ 

day = datetime.date(2025, 7, 8)

    def refs_of(day: date) -> tuple[date, ...]:
        refs = previous_dates(OILCAD_DATES, day, 20)
>       assert len(refs) == 20
E       assert 19 == 20
E        +  where 19 = len((datetime.date(2025, 6, 9), datetime.date(2025, 6, 10), datetime.date(2025, 6, 11), datetime.date(2025, 6, 12), datetime.date(2025, 6, 13), datetime.date(2025, 6, 16), ...))

tests/test_k8_members_oilcad.py:252: AssertionError
____________________ test_n_1000_trades_and_n_999_does_not _____________________

    def test_n_1000_trades_and_n_999_does_not() -> None:
        n1000 = STANDARD[:-1] + ((6, 6, 36),)  # one zero fewer: n = 1000
        n999 = STANDARD[:-1] + ((6, 6, 35),)  # n = 999
        assert len(ref_values(n1000)) == 1000 and len(ref_values(n999)) == 999
>       assert entries(DAY, {"10:05": 2}, specs=n1000) == [("10:04", "buy")]
               ^^^^^^^^^^^^^^^^^^^^^^^^^^^^^^^^^^^^^^^

tests/test_k8_members_oilcad.py:446: 
_ _ _ _ _ _ _ _ _ _ _ _ _ _ _ _ _ _ _ _ _ _ _ _ _ _ _ _ _ _ _ _ _ _ _ _ _ _ _ _ 
tests/test_k8_members_oilcad.py:288: in entries
    out = drive(oilcad.make_6c(), oil_bars(day, steps, **kw), acct)
                                  ^^^^^^^^^^^^^^^^^^^^^^^^^^
tests/test_k8_members_oilcad.py:282: in oil_bars
    return ref_bars(refs_of(day), specs) + trade_bars(day, steps, **kw)
                    ^^^^^^^^^^^^
_ _ _ _ _ _ _ _ _ _ _ _ _ _ _ _ _ _ _ _ _ _ _ _ _ _ _ _ _ _ _ _ _ _ _ _ _ _ _ _ 

day = datetime.date(2025, 7, 8)

    def refs_of(day: date) -> tuple[date, ...]:
        refs = previous_dates(OILCAD_DATES, day, 20)
>       assert len(refs) == 20
E       assert 19 == 20
E        +  where 19 = len((datetime.date(2025, 6, 9), datetime.date(2025, 6, 10), datetime.date(2025, 6, 11), datetime.date(2025, 6, 12), datetime.date(2025, 6, 13), datetime.date(2025, 6, 16), ...))

tests/test_k8_members_oilcad.py:252: AssertionError
_______________________ test_zero_scale_is_no_trade_on_d _______________________

    def test_zero_scale_is_no_trade_on_d() -> None:
        flat = ((0, 0, 65),) * 20
>       assert entries(DAY, {"10:05": 50}, specs=flat) == []
               ^^^^^^^^^^^^^^^^^^^^^^^^^^^^^^^^^^^^^^^

tests/test_k8_members_oilcad.py:452: 
_ _ _ _ _ _ _ _ _ _ _ _ _ _ _ _ _ _ _ _ _ _ _ _ _ _ _ _ _ _ _ _ _ _ _ _ _ _ _ _ 
tests/test_k8_members_oilcad.py:288: in entries
    out = drive(oilcad.make_6c(), oil_bars(day, steps, **kw), acct)
                                  ^^^^^^^^^^^^^^^^^^^^^^^^^^
tests/test_k8_members_oilcad.py:282: in oil_bars
    return ref_bars(refs_of(day), specs) + trade_bars(day, steps, **kw)
                    ^^^^^^^^^^^^
_ _ _ _ _ _ _ _ _ _ _ _ _ _ _ _ _ _ _ _ _ _ _ _ _ _ _ _ _ _ _ _ _ _ _ _ _ _ _ _ 

day = datetime.date(2025, 7, 8)

    def refs_of(day: date) -> tuple[date, ...]:
        refs = previous_dates(OILCAD_DATES, day, 20)
>       assert len(refs) == 20
E       assert 19 == 20
E        +  where 19 = len((datetime.date(2025, 6, 9), datetime.date(2025, 6, 10), datetime.date(2025, 6, 11), datetime.date(2025, 6, 12), datetime.date(2025, 6, 13), datetime.date(2025, 6, 16), ...))

tests/test_k8_members_oilcad.py:252: AssertionError
________________ test_sign_buys_on_z_above_zero_and_sells_below ________________

    def test_sign_buys_on_z_above_zero_and_sells_below() -> None:
>       assert entries(DAY, {"09:05": 2, "10:05": -2}) == [("09:04", "buy"), ("10:04", "sell")]
               ^^^^^^^^^^^^^^^^^^^^^^^^^^^^^^^^^^^^^^^

tests/test_k8_members_oilcad.py:456: 
_ _ _ _ _ _ _ _ _ _ _ _ _ _ _ _ _ _ _ _ _ _ _ _ _ _ _ _ _ _ _ _ _ _ _ _ _ _ _ _ 
tests/test_k8_members_oilcad.py:288: in entries
    out = drive(oilcad.make_6c(), oil_bars(day, steps, **kw), acct)
                                  ^^^^^^^^^^^^^^^^^^^^^^^^^^
tests/test_k8_members_oilcad.py:282: in oil_bars
    return ref_bars(refs_of(day), specs) + trade_bars(day, steps, **kw)
                    ^^^^^^^^^^^^
_ _ _ _ _ _ _ _ _ _ _ _ _ _ _ _ _ _ _ _ _ _ _ _ _ _ _ _ _ _ _ _ _ _ _ _ _ _ _ _ 

day = datetime.date(2025, 7, 8)

    def refs_of(day: date) -> tuple[date, ...]:
        refs = previous_dates(OILCAD_DATES, day, 20)
>       assert len(refs) == 20
E       assert 19 == 20
E        +  where 19 = len((datetime.date(2025, 6, 9), datetime.date(2025, 6, 10), datetime.date(2025, 6, 11), datetime.date(2025, 6, 12), datetime.date(2025, 6, 13), datetime.date(2025, 6, 16), ...))

tests/test_k8_members_oilcad.py:252: AssertionError
________________________ test_small_moves_do_not_trade _________________________

    def test_small_moves_do_not_trade() -> None:
>       assert entries(DAY, {"09:05": 0}) == []
               ^^^^^^^^^^^^^^^^^^^^^^^^^^

tests/test_k8_members_oilcad.py:460: 
_ _ _ _ _ _ _ _ _ _ _ _ _ _ _ _ _ _ _ _ _ _ _ _ _ _ _ _ _ _ _ _ _ _ _ _ _ _ _ _ 
tests/test_k8_members_oilcad.py:288: in entries
    out = drive(oilcad.make_6c(), oil_bars(day, steps, **kw), acct)
                                  ^^^^^^^^^^^^^^^^^^^^^^^^^^
tests/test_k8_members_oilcad.py:282: in oil_bars
    return ref_bars(refs_of(day), specs) + trade_bars(day, steps, **kw)
                    ^^^^^^^^^^^^
_ _ _ _ _ _ _ _ _ _ _ _ _ _ _ _ _ _ _ _ _ _ _ _ _ _ _ _ _ _ _ _ _ _ _ _ _ _ _ _ 

day = datetime.date(2025, 7, 8)

    def refs_of(day: date) -> tuple[date, ...]:
        refs = previous_dates(OILCAD_DATES, day, 20)
>       assert len(refs) == 20
E       assert 19 == 20
E        +  where 19 = len((datetime.date(2025, 6, 9), datetime.date(2025, 6, 10), datetime.date(2025, 6, 11), datetime.date(2025, 6, 12), datetime.date(2025, 6, 13), datetime.date(2025, 6, 16), ...))

tests/test_k8_members_oilcad.py:252: AssertionError
____________ test_reference_dates_are_the_20_previous_oilcad_dates _____________

    def test_reference_dates_are_the_20_previous_oilcad_dates() -> None:
        """WPSR_DAY's references skip 2025-06-19 and 2025-07-04 (not OILCAD dates). Wild MCL values
        on those two weekdays and on the date before the oldest reference (2025-06-09) must not
        enter s(d): with them, z = 2.0 exactly would fall below 2."""
        day = date(2025, 7, 10)  # a non-WPSR day whose references contain both holidays
>       refs = refs_of(day)
               ^^^^^^^^^^^^

tests/test_k8_members_oilcad.py:470: 
_ _ _ _ _ _ _ _ _ _ _ _ _ _ _ _ _ _ _ _ _ _ _ _ _ _ _ _ _ _ _ _ _ _ _ _ _ _ _ _ 

day = datetime.date(2025, 7, 10)

    def refs_of(day: date) -> tuple[date, ...]:
        refs = previous_dates(OILCAD_DATES, day, 20)
>       assert len(refs) == 20
E       assert 19 == 20
E        +  where 19 = len((datetime.date(2025, 6, 11), datetime.date(2025, 6, 12), datetime.date(2025, 6, 13), datetime.date(2025, 6, 16), datetime.date(2025, 6, 17), datetime.date(2025, 6, 18), ...))

tests/test_k8_members_oilcad.py:252: AssertionError
_____________ test_warm_up_20th_eligible_date_no_trade_21st_trades _____________

    def test_warm_up_20th_eligible_date_no_trade_21st_trades() -> None:
        """The run starts on S[0]. S[0]..S[18] each give 55 values; S[19] and S[20] carry a big
        move. On S[19] the references start one date before the run (warm-up: no trade, though
        n = 1045 and z ~ 7); on S[20] they are S[0]..S[19]: a trade."""
        start = OILCAD_DATES.index(date(2025, 8, 4))
        s = OILCAD_DATES[start:start + 21]
        warm = ((5, 5, 45),) * 19
        assert len(ref_values(warm)) == 1045
        bars = (ref_bars(s[:19], warm) + trade_bars(s[19], {"10:05": 3})
                + trade_bars(s[20], {"10:05": 10}))
        bars = sorted(bars, key=lambda rb: rb[1].ts_event_ns)
        out = drive(mk(), bars)
>       assert [(i[0], i[1], i[3]) for i in out] == [(s[20], "10:04", "buy")]
E       AssertionError: assert [] == [(datetime.da...0:04', 'buy')]
E         
E         Right contains one more item: (datetime.date(2025, 9, 2), '10:04', 'buy')
E         Use -v to get more diff

tests/test_k8_members_oilcad.py:495: AssertionError
________________ test_a_date_outside_oilcad_dates_never_trades _________________

    def test_a_date_outside_oilcad_dates_never_trades() -> None:
        """2025-07-04 (not an OILCAD date) with synthetic bars and a big move: no trade."""
        day = date(2025, 7, 4)
        refs = previous_dates(OILCAD_DATES, day, 20)
>       bars = ref_bars(refs, STANDARD) + trade_bars(day, {"10:05": 5})
               ^^^^^^^^^^^^^^^^^^^^^^^^

tests/test_k8_members_oilcad.py:510: 
_ _ _ _ _ _ _ _ _ _ _ _ _ _ _ _ _ _ _ _ _ _ _ _ _ _ _ _ _ _ _ _ _ _ _ _ _ _ _ _ 

dates = (datetime.date(2025, 6, 6), datetime.date(2025, 6, 9), datetime.date(2025, 6, 10), datetime.date(2025, 6, 11), datetime.date(2025, 6, 12), datetime.date(2025, 6, 13), ...)
specs = ((7, 7, 37), (7, 7, 37), (7, 7, 37), (7, 7, 37), (7, 7, 37), (6, 6, 38), ...)

    def ref_bars(dates: Sequence[date], specs: Sequence[Spec]) -> list[RootBar]:
>       assert len(dates) == len(specs)
E       assert 19 == 20
E        +  where 19 = len((datetime.date(2025, 6, 6), datetime.date(2025, 6, 9), datetime.date(2025, 6, 10), datetime.date(2025, 6, 11), datetime.date(2025, 6, 12), datetime.date(2025, 6, 13), ...))
E        +  and   20 = len(((7, 7, 37), (7, 7, 37), (7, 7, 37), (7, 7, 37), (7, 7, 37), (6, 6, 38), ...))

tests/test_k8_members_oilcad.py:244: AssertionError
______ test_mcl_roll_inside_a_block_no_entry_at_t_later_decisions_proceed ______

    def test_mcl_roll_inside_a_block_no_entry_at_t_later_decisions_proceed() -> None:
        """08:59 carries id 777 and 09:04 id 778: r_09:05 undefined (no entry at 09:05, though
        the move is big); 09:04 and 09:09 both 778: r_09:10 defined, a buy."""
        ids = {m: 778 for m in POINTS if m >= hm(9, 4)}
>       assert entries(DAY, {"09:05": 2, "09:10": 2}, mcl_ids=ids) == [("09:09", "buy")]
               ^^^^^^^^^^^^^^^^^^^^^^^^^^^^^^^^^^^^^^^^^^^^^^^^^^^

tests/test_k8_members_oilcad.py:519: 
_ _ _ _ _ _ _ _ _ _ _ _ _ _ _ _ _ _ _ _ _ _ _ _ _ _ _ _ _ _ _ _ _ _ _ _ _ _ _ _ 
tests/test_k8_members_oilcad.py:288: in entries
    out = drive(oilcad.make_6c(), oil_bars(day, steps, **kw), acct)
                                  ^^^^^^^^^^^^^^^^^^^^^^^^^^
tests/test_k8_members_oilcad.py:282: in oil_bars
    return ref_bars(refs_of(day), specs) + trade_bars(day, steps, **kw)
                    ^^^^^^^^^^^^
_ _ _ _ _ _ _ _ _ _ _ _ _ _ _ _ _ _ _ _ _ _ _ _ _ _ _ _ _ _ _ _ _ _ _ _ _ _ _ _ 

day = datetime.date(2025, 7, 8)

    def refs_of(day: date) -> tuple[date, ...]:
        refs = previous_dates(OILCAD_DATES, day, 20)
>       assert len(refs) == 20
E       assert 19 == 20
E        +  where 19 = len((datetime.date(2025, 6, 9), datetime.date(2025, 6, 10), datetime.date(2025, 6, 11), datetime.date(2025, 6, 12), datetime.date(2025, 6, 13), datetime.date(2025, 6, 16), ...))

tests/test_k8_members_oilcad.py:252: AssertionError
_________________ test_missing_6c_entry_bar_blocks_that_t_only _________________

    def test_missing_6c_entry_bar_blocks_that_t_only() -> None:
>       assert entries(DAY, {"09:05": 2, "09:10": 2}, cad_skip=[hm(9, 4)]) == [("09:09", "buy")]
               ^^^^^^^^^^^^^^^^^^^^^^^^^^^^^^^^^^^^^^^^^^^^^^^^^^^^^^^^^^^

tests/test_k8_members_oilcad.py:524: 
_ _ _ _ _ _ _ _ _ _ _ _ _ _ _ _ _ _ _ _ _ _ _ _ _ _ _ _ _ _ _ _ _ _ _ _ _ _ _ _ 
tests/test_k8_members_oilcad.py:288: in entries
    out = drive(oilcad.make_6c(), oil_bars(day, steps, **kw), acct)
                                  ^^^^^^^^^^^^^^^^^^^^^^^^^^
tests/test_k8_members_oilcad.py:282: in oil_bars
    return ref_bars(refs_of(day), specs) + trade_bars(day, steps, **kw)
                    ^^^^^^^^^^^^
_ _ _ _ _ _ _ _ _ _ _ _ _ _ _ _ _ _ _ _ _ _ _ _ _ _ _ _ _ _ _ _ _ _ _ _ _ _ _ _ 

day = datetime.date(2025, 7, 8)

    def refs_of(day: date) -> tuple[date, ...]:
        refs = previous_dates(OILCAD_DATES, day, 20)
>       assert len(refs) == 20
E       assert 19 == 20
E        +  where 19 = len((datetime.date(2025, 6, 9), datetime.date(2025, 6, 10), datetime.date(2025, 6, 11), datetime.date(2025, 6, 12), datetime.date(2025, 6, 13), datetime.date(2025, 6, 16), ...))

tests/test_k8_members_oilcad.py:252: AssertionError
________ test_missing_mcl_bar_at_t_minus_1_blocks_t_and_the_next_block _________

    def test_missing_mcl_bar_at_t_minus_1_blocks_t_and_the_next_block() -> None:
        """09:04 missing: r_09:05 (09:04 is c1) and r_09:10 (09:04 is c6) undefined."""
>       out = entries(DAY, {"09:05": 2, "09:10": 2, "09:15": 2}, mcl_skip=[hm(9, 4)])
              ^^^^^^^^^^^^^^^^^^^^^^^^^^^^^^^^^^^^^^^^^^^^^^^^^^^^^^^^^^^^^^^^^^^^^^^

tests/test_k8_members_oilcad.py:529: 
_ _ _ _ _ _ _ _ _ _ _ _ _ _ _ _ _ _ _ _ _ _ _ _ _ _ _ _ _ _ _ _ _ _ _ _ _ _ _ _ 
tests/test_k8_members_oilcad.py:288: in entries
    out = drive(oilcad.make_6c(), oil_bars(day, steps, **kw), acct)
                                  ^^^^^^^^^^^^^^^^^^^^^^^^^^
tests/test_k8_members_oilcad.py:282: in oil_bars
    return ref_bars(refs_of(day), specs) + trade_bars(day, steps, **kw)
                    ^^^^^^^^^^^^
_ _ _ _ _ _ _ _ _ _ _ _ _ _ _ _ _ _ _ _ _ _ _ _ _ _ _ _ _ _ _ _ _ _ _ _ _ _ _ _ 

day = datetime.date(2025, 7, 8)

    def refs_of(day: date) -> tuple[date, ...]:
        refs = previous_dates(OILCAD_DATES, day, 20)
>       assert len(refs) == 20
E       assert 19 == 20
E        +  where 19 = len((datetime.date(2025, 6, 9), datetime.date(2025, 6, 10), datetime.date(2025, 6, 11), datetime.date(2025, 6, 12), datetime.date(2025, 6, 13), datetime.date(2025, 6, 16), ...))

tests/test_k8_members_oilcad.py:252: AssertionError
___________________ test_mcl_bar_arriving_late_is_never_used ___________________

    def test_mcl_bar_arriving_late_is_never_used() -> None:
        """MCL has no bar at 09:04 and a bar one minute later (09:05) at the 09:04 level: never a
        forward fill or a late substitute, so no entry at 09:05 or 09:10."""
        late = [(hm(9, 5), B_MCL + 2)]
>       out = entries(DAY, {"09:05": 2, "09:10": 2}, mcl_skip=[hm(9, 4)], mcl_extra=late)
              ^^^^^^^^^^^^^^^^^^^^^^^^^^^^^^^^^^^^^^^^^^^^^^^^^^^^^^^^^^^^^^^^^^^^^^^^^^^

tests/test_k8_members_oilcad.py:537: 
_ _ _ _ _ _ _ _ _ _ _ _ _ _ _ _ _ _ _ _ _ _ _ _ _ _ _ _ _ _ _ _ _ _ _ _ _ _ _ _ 
tests/test_k8_members_oilcad.py:288: in entries
    out = drive(oilcad.make_6c(), oil_bars(day, steps, **kw), acct)
                                  ^^^^^^^^^^^^^^^^^^^^^^^^^^
tests/test_k8_members_oilcad.py:282: in oil_bars
    return ref_bars(refs_of(day), specs) + trade_bars(day, steps, **kw)
                    ^^^^^^^^^^^^
_ _ _ _ _ _ _ _ _ _ _ _ _ _ _ _ _ _ _ _ _ _ _ _ _ _ _ _ _ _ _ _ _ _ _ _ _ _ _ _ 

day = datetime.date(2025, 7, 8)

    def refs_of(day: date) -> tuple[date, ...]:
        refs = previous_dates(OILCAD_DATES, day, 20)
>       assert len(refs) == 20
E       assert 19 == 20
E        +  where 19 = len((datetime.date(2025, 6, 9), datetime.date(2025, 6, 10), datetime.date(2025, 6, 11), datetime.date(2025, 6, 12), datetime.date(2025, 6, 13), datetime.date(2025, 6, 16), ...))

tests/test_k8_members_oilcad.py:252: AssertionError
__________________ test_missing_mcl_bar_at_t_minus_6_blocks_t __________________

    def test_missing_mcl_bar_at_t_minus_6_blocks_t() -> None:
>       assert entries(DAY, {"09:05": 2}, mcl_skip=[hm(8, 59)]) == []
               ^^^^^^^^^^^^^^^^^^^^^^^^^^^^^^^^^^^^^^^^^^^^^^^^

tests/test_k8_members_oilcad.py:542: 
_ _ _ _ _ _ _ _ _ _ _ _ _ _ _ _ _ _ _ _ _ _ _ _ _ _ _ _ _ _ _ _ _ _ _ _ _ _ _ _ 
tests/test_k8_members_oilcad.py:288: in entries
    out = drive(oilcad.make_6c(), oil_bars(day, steps, **kw), acct)
                                  ^^^^^^^^^^^^^^^^^^^^^^^^^^
tests/test_k8_members_oilcad.py:282: in oil_bars
    return ref_bars(refs_of(day), specs) + trade_bars(day, steps, **kw)
                    ^^^^^^^^^^^^
_ _ _ _ _ _ _ _ _ _ _ _ _ _ _ _ _ _ _ _ _ _ _ _ _ _ _ _ _ _ _ _ _ _ _ _ _ _ _ _ 

day = datetime.date(2025, 7, 8)

    def refs_of(day: date) -> tuple[date, ...]:
        refs = previous_dates(OILCAD_DATES, day, 20)
>       assert len(refs) == 20
E       assert 19 == 20
E        +  where 19 = len((datetime.date(2025, 6, 9), datetime.date(2025, 6, 10), datetime.date(2025, 6, 11), datetime.date(2025, 6, 12), datetime.date(2025, 6, 13), datetime.date(2025, 6, 16), ...))

tests/test_k8_members_oilcad.py:252: AssertionError
______________ test_a_previous_dates_t_minus_6_bar_is_never_used _______________

    def test_a_previous_dates_t_minus_6_bar_is_never_used() -> None:
        """d's 08:59 MCL bar is missing; the previous date's 08:59 bar carries d's instrument_id and
        a level 10 ticks below: r_09:05 stays undefined (no stale value), so no entry at 09:05.
        Control: d's own 08:59 bar at that level is read (a sell at 09:00, a buy at 09:05).
        References (5, 5, 45) x 20, n ~ 1100."""
        rich = ((5, 5, 45),) * 20
>       refs = refs_of(DAY)
               ^^^^^^^^^^^^

tests/test_k8_members_oilcad.py:551: 
_ _ _ _ _ _ _ _ _ _ _ _ _ _ _ _ _ _ _ _ _ _ _ _ _ _ _ _ _ _ _ _ _ _ _ _ _ _ _ _ 

day = datetime.date(2025, 7, 8)

    def refs_of(day: date) -> tuple[date, ...]:
        refs = previous_dates(OILCAD_DATES, day, 20)
>       assert len(refs) == 20
E       assert 19 == 20
E        +  where 19 = len((datetime.date(2025, 6, 9), datetime.date(2025, 6, 10), datetime.date(2025, 6, 11), datetime.date(2025, 6, 12), datetime.date(2025, 6, 13), datetime.date(2025, 6, 16), ...))

tests/test_k8_members_oilcad.py:252: AssertionError
___________ test_bars_are_identified_by_ct_date_not_trade_date_alone ___________

    def test_bars_are_identified_by_ct_date_not_trade_date_alone() -> None:
        """K7-L-01: a 6C bar opening 09:04 on CT date d + 1 but carrying trade_date d is not the 6C
        bar at 09:04 of d: d's references are complete and d + 1's MCL block is a big move, yet no
        entry."""
        day = DAY
        nxt = OILCAD_DATES[OILCAD_DATES.index(day) + 1]
>       bars = oil_bars(day, cad_to=hm(9, 0)) + [
               ^^^^^^^^^^^^^^^^^^^^^^^^^^^^^^
            rb for rb in trade_bars(nxt, {"09:05": 2}) if rb[0] == "MCL"]

tests/test_k8_members_oilcad.py:576: 
_ _ _ _ _ _ _ _ _ _ _ _ _ _ _ _ _ _ _ _ _ _ _ _ _ _ _ _ _ _ _ _ _ _ _ _ _ _ _ _ 
tests/test_k8_members_oilcad.py:282: in oil_bars
    return ref_bars(refs_of(day), specs) + trade_bars(day, steps, **kw)
                    ^^^^^^^^^^^^
_ _ _ _ _ _ _ _ _ _ _ _ _ _ _ _ _ _ _ _ _ _ _ _ _ _ _ _ _ _ _ _ _ _ _ _ _ _ _ _ 

day = datetime.date(2025, 7, 8)

    def refs_of(day: date) -> tuple[date, ...]:
        refs = previous_dates(OILCAD_DATES, day, 20)
>       assert len(refs) == 20
E       assert 19 == 20
E        +  where 19 = len((datetime.date(2025, 6, 9), datetime.date(2025, 6, 10), datetime.date(2025, 6, 11), datetime.date(2025, 6, 12), datetime.date(2025, 6, 13), datetime.date(2025, 6, 16), ...))

tests/test_k8_members_oilcad.py:252: AssertionError
_______________ test_an_mcl_bar_is_read_on_its_own_ct_date_only ________________

    def test_an_mcl_bar_is_read_on_its_own_ct_date_only() -> None:
        """S0.4: d's 09:04 MCL bar is missing; an MCL bar opening 09:04 on CT date d + 1 but
        labelled trade_date d (with a big move over d's 08:59) is not d's bar at 09:04, so it closes
        no block, and the 6C bar of d + 1 at 09:04 gets no entry."""
        day = DAY
        nxt = OILCAD_DATES[OILCAD_DATES.index(day) + 1]
        wrong = mk_bar("MCL", nxt, hm(9, 4), B_MCL + 10, trade_day=day)
        cad = [mk_bar("6C", nxt, m, B_CAD) for m in range(hm(9, 0), hm(9, 10))]
>       bars = oil_bars(day, mcl_skip=[hm(9, 4)], cad_to=hm(9, 0)) + [wrong, *cad]
               ^^^^^^^^^^^^^^^^^^^^^^^^^^^^^^^^^^^^^^^^^^^^^^^^^^^

tests/test_k8_members_oilcad.py:595: 
_ _ _ _ _ _ _ _ _ _ _ _ _ _ _ _ _ _ _ _ _ _ _ _ _ _ _ _ _ _ _ _ _ _ _ _ _ _ _ _ 
tests/test_k8_members_oilcad.py:282: in oil_bars
    return ref_bars(refs_of(day), specs) + trade_bars(day, steps, **kw)
                    ^^^^^^^^^^^^
_ _ _ _ _ _ _ _ _ _ _ _ _ _ _ _ _ _ _ _ _ _ _ _ _ _ _ _ _ _ _ _ _ _ _ _ _ _ _ _ 

day = datetime.date(2025, 7, 8)

    def refs_of(day: date) -> tuple[date, ...]:
        refs = previous_dates(OILCAD_DATES, day, 20)
>       assert len(refs) == 20
E       assert 19 == 20
E        +  where 19 = len((datetime.date(2025, 6, 9), datetime.date(2025, 6, 10), datetime.date(2025, 6, 11), datetime.date(2025, 6, 12), datetime.date(2025, 6, 13), datetime.date(2025, 6, 16), ...))

tests/test_k8_members_oilcad.py:252: AssertionError
__________ test_c6_skips_09_30_on_a_standard_wpsr_date_and_not_09_35 ___________

    def test_c6_skips_09_30_on_a_standard_wpsr_date_and_not_09_35() -> None:
>       assert entries(WPSR_DAY, {"09:30": 2, "09:35": 2}) == [("09:34", "buy")]
               ^^^^^^^^^^^^^^^^^^^^^^^^^^^^^^^^^^^^^^^^^^^

tests/test_k8_members_oilcad.py:601: 
_ _ _ _ _ _ _ _ _ _ _ _ _ _ _ _ _ _ _ _ _ _ _ _ _ _ _ _ _ _ _ _ _ _ _ _ _ _ _ _ 
tests/test_k8_members_oilcad.py:288: in entries
    out = drive(oilcad.make_6c(), oil_bars(day, steps, **kw), acct)
                                  ^^^^^^^^^^^^^^^^^^^^^^^^^^
tests/test_k8_members_oilcad.py:282: in oil_bars
    return ref_bars(refs_of(day), specs) + trade_bars(day, steps, **kw)
                    ^^^^^^^^^^^^
_ _ _ _ _ _ _ _ _ _ _ _ _ _ _ _ _ _ _ _ _ _ _ _ _ _ _ _ _ _ _ _ _ _ _ _ _ _ _ _ 

day = datetime.date(2025, 7, 9)

    def refs_of(day: date) -> tuple[date, ...]:
        refs = previous_dates(OILCAD_DATES, day, 20)
>       assert len(refs) == 20
E       assert 19 == 20
E        +  where 19 = len((datetime.date(2025, 6, 10), datetime.date(2025, 6, 11), datetime.date(2025, 6, 12), datetime.date(2025, 6, 13), datetime.date(2025, 6, 16), datetime.date(2025, 6, 17), ...))

tests/test_k8_members_oilcad.py:252: AssertionError
_________________ test_09_30_on_a_non_wpsr_date_is_not_skipped _________________

    def test_09_30_on_a_non_wpsr_date_is_not_skipped() -> None:
>       assert entries(PLAIN_DAY, {"09:30": 2}) == [("09:29", "buy")]
               ^^^^^^^^^^^^^^^^^^^^^^^^^^^^^^^^

tests/test_k8_members_oilcad.py:605: 
_ _ _ _ _ _ _ _ _ _ _ _ _ _ _ _ _ _ _ _ _ _ _ _ _ _ _ _ _ _ _ _ _ _ _ _ _ _ _ _ 
tests/test_k8_members_oilcad.py:288: in entries
    out = drive(oilcad.make_6c(), oil_bars(day, steps, **kw), acct)
                                  ^^^^^^^^^^^^^^^^^^^^^^^^^^
tests/test_k8_members_oilcad.py:282: in oil_bars
    return ref_bars(refs_of(day), specs) + trade_bars(day, steps, **kw)
                    ^^^^^^^^^^^^
_ _ _ _ _ _ _ _ _ _ _ _ _ _ _ _ _ _ _ _ _ _ _ _ _ _ _ _ _ _ _ _ _ _ _ _ _ _ _ _ 

day = datetime.date(2025, 7, 8)

    def refs_of(day: date) -> tuple[date, ...]:
        refs = previous_dates(OILCAD_DATES, day, 20)
>       assert len(refs) == 20
E       assert 19 == 20
E        +  where 19 = len((datetime.date(2025, 6, 9), datetime.date(2025, 6, 10), datetime.date(2025, 6, 11), datetime.date(2025, 6, 12), datetime.date(2025, 6, 13), datetime.date(2025, 6, 16), ...))

tests/test_k8_members_oilcad.py:252: AssertionError
_____________________ test_c6_skips_13_00_on_an_fomc_date ______________________

    def test_c6_skips_13_00_on_an_fomc_date() -> None:
>       assert entries(FOMC_DAY, {"13:00": 2, "13:05": 2}) == [("13:04", "buy")]
               ^^^^^^^^^^^^^^^^^^^^^^^^^^^^^^^^^^^^^^^^^^^

tests/test_k8_members_oilcad.py:609: 
_ _ _ _ _ _ _ _ _ _ _ _ _ _ _ _ _ _ _ _ _ _ _ _ _ _ _ _ _ _ _ _ _ _ _ _ _ _ _ _ 
tests/test_k8_members_oilcad.py:288: in entries
    out = drive(oilcad.make_6c(), oil_bars(day, steps, **kw), acct)
                                  ^^^^^^^^^^^^^^^^^^^^^^^^^^
tests/test_k8_members_oilcad.py:282: in oil_bars
    return ref_bars(refs_of(day), specs) + trade_bars(day, steps, **kw)
                    ^^^^^^^^^^^^
_ _ _ _ _ _ _ _ _ _ _ _ _ _ _ _ _ _ _ _ _ _ _ _ _ _ _ _ _ _ _ _ _ _ _ _ _ _ _ _ 

day = datetime.date(2025, 7, 30)

    def refs_of(day: date) -> tuple[date, ...]:
        refs = previous_dates(OILCAD_DATES, day, 20)
>       assert len(refs) == 20
E       assert 19 == 20
E        +  where 19 = len((datetime.date(2025, 7, 2), datetime.date(2025, 7, 3), datetime.date(2025, 7, 7), datetime.date(2025, 7, 8), datetime.date(2025, 7, 9), datetime.date(2025, 7, 10), ...))

tests/test_k8_members_oilcad.py:252: AssertionError
_ test_c6_skips_11_00_on_holiday_week_wpsr_dates_including_the_e4_dropped_row __

    def test_c6_skips_11_00_on_holiday_week_wpsr_dates_including_the_e4_dropped_row() -> None:
>       assert entries(HOLIDAY_WPSR_DAY, {"11:00": 2, "11:05": 2}) == [("11:04", "buy")]
               ^^^^^^^^^^^^^^^^^^^^^^^^^^^^^^^^^^^^^^^^^^^^^^^^^^^

tests/test_k8_members_oilcad.py:613: 
_ _ _ _ _ _ _ _ _ _ _ _ _ _ _ _ _ _ _ _ _ _ _ _ _ _ _ _ _ _ _ _ _ _ _ _ _ _ _ _ 
tests/test_k8_members_oilcad.py:288: in entries
    out = drive(oilcad.make_6c(), oil_bars(day, steps, **kw), acct)
                                  ^^^^^^^^^^^^^^^^^^^^^^^^^^
tests/test_k8_members_oilcad.py:282: in oil_bars
    return ref_bars(refs_of(day), specs) + trade_bars(day, steps, **kw)
                    ^^^^^^^^^^^^
_ _ _ _ _ _ _ _ _ _ _ _ _ _ _ _ _ _ _ _ _ _ _ _ _ _ _ _ _ _ _ _ _ _ _ _ _ _ _ _ 

day = datetime.date(2025, 9, 4)

    def refs_of(day: date) -> tuple[date, ...]:
        refs = previous_dates(OILCAD_DATES, day, 20)
>       assert len(refs) == 20
E       assert 19 == 20
E        +  where 19 = len((datetime.date(2025, 8, 7), datetime.date(2025, 8, 8), datetime.date(2025, 8, 11), datetime.date(2025, 8, 12), datetime.date(2025, 8, 13), datetime.date(2025, 8, 14), ...))

tests/test_k8_members_oilcad.py:252: AssertionError
________________ test_c6_tests_the_fill_minute_t_on_the_6c_root ________________

monkeypatch = <_pytest.monkeypatch.MonkeyPatch object at 0x783461e1e9f0>

    def test_c6_tests_the_fill_minute_t_on_the_6c_root(monkeypatch: pytest.MonkeyPatch) -> None:
        calls: list[tuple[str, int]] = []
    
        def spy(root: str, t_ns: int) -> bool:
            calls.append((root, t_ns))
            return False
    
        monkeypatch.setattr(oilcad, "in_guard", spy)
>       assert entries(DAY, {"09:05": 2}) == [("09:04", "buy")]
               ^^^^^^^^^^^^^^^^^^^^^^^^^^

tests/test_k8_members_oilcad.py:625: 
_ _ _ _ _ _ _ _ _ _ _ _ _ _ _ _ _ _ _ _ _ _ _ _ _ _ _ _ _ _ _ _ _ _ _ _ _ _ _ _ 
tests/test_k8_members_oilcad.py:288: in entries
    out = drive(oilcad.make_6c(), oil_bars(day, steps, **kw), acct)
                                  ^^^^^^^^^^^^^^^^^^^^^^^^^^
tests/test_k8_members_oilcad.py:282: in oil_bars
    return ref_bars(refs_of(day), specs) + trade_bars(day, steps, **kw)
                    ^^^^^^^^^^^^
_ _ _ _ _ _ _ _ _ _ _ _ _ _ _ _ _ _ _ _ _ _ _ _ _ _ _ _ _ _ _ _ _ _ _ _ _ _ _ _ 

day = datetime.date(2025, 7, 8)

    def refs_of(day: date) -> tuple[date, ...]:
        refs = previous_dates(OILCAD_DATES, day, 20)
>       assert len(refs) == 20
E       assert 19 == 20
E        +  where 19 = len((datetime.date(2025, 6, 9), datetime.date(2025, 6, 10), datetime.date(2025, 6, 11), datetime.date(2025, 6, 12), datetime.date(2025, 6, 13), datetime.date(2025, 6, 16), ...))

tests/test_k8_members_oilcad.py:252: AssertionError
_____________ test_a_skipped_decision_leaves_later_decisions_alone _____________

monkeypatch = <_pytest.monkeypatch.MonkeyPatch object at 0x78346147aae0>

    def test_a_skipped_decision_leaves_later_decisions_alone(monkeypatch: pytest.MonkeyPatch
                                                             ) -> None:
        monkeypatch.setattr(oilcad, "in_guard", lambda root, t_ns: True)
>       assert entries(DAY, {"09:05": 2, "09:10": 2}) == []
               ^^^^^^^^^^^^^^^^^^^^^^^^^^^^^^^^^^^^^^

tests/test_k8_members_oilcad.py:632: 
_ _ _ _ _ _ _ _ _ _ _ _ _ _ _ _ _ _ _ _ _ _ _ _ _ _ _ _ _ _ _ _ _ _ _ _ _ _ _ _ 
tests/test_k8_members_oilcad.py:288: in entries
    out = drive(oilcad.make_6c(), oil_bars(day, steps, **kw), acct)
                                  ^^^^^^^^^^^^^^^^^^^^^^^^^^
tests/test_k8_members_oilcad.py:282: in oil_bars
    return ref_bars(refs_of(day), specs) + trade_bars(day, steps, **kw)
                    ^^^^^^^^^^^^
_ _ _ _ _ _ _ _ _ _ _ _ _ _ _ _ _ _ _ _ _ _ _ _ _ _ _ _ _ _ _ _ _ _ _ _ _ _ _ _ 

day = datetime.date(2025, 7, 8)

    def refs_of(day: date) -> tuple[date, ...]:
        refs = previous_dates(OILCAD_DATES, day, 20)
>       assert len(refs) == 20
E       assert 19 == 20
E        +  where 19 = len((datetime.date(2025, 6, 9), datetime.date(2025, 6, 10), datetime.date(2025, 6, 11), datetime.date(2025, 6, 12), datetime.date(2025, 6, 13), datetime.date(2025, 6, 16), ...))

tests/test_k8_members_oilcad.py:252: AssertionError
________ test_no_entry_while_a_position_or_a_pending_order_exists[1-0] _________

position = 1, pending = 0

    @pytest.mark.parametrize("position,pending", [(1, 0), (-1, 0), (0, 1), (0, -1)])
    def test_no_entry_while_a_position_or_a_pending_order_exists(position: int, pending: int
                                                                ) -> None:
        acct = _acct_from(ns_at(DAY, hm(9, 4)), position=0, pending=pending)
        if position:  # a position seen first at 09:04 (T_e = 09:04): no entry, and no exit yet
            acct = _acct_from(ns_at(DAY, hm(9, 4)), position=position)
>       out = entries(DAY, {"09:05": 2}, acct=acct, cad_to=hm(9, 10))
              ^^^^^^^^^^^^^^^^^^^^^^^^^^^^^^^^^^^^^^^^^^^^^^^^^^^^^^^

tests/test_k8_members_oilcad.py:650: 
_ _ _ _ _ _ _ _ _ _ _ _ _ _ _ _ _ _ _ _ _ _ _ _ _ _ _ _ _ _ _ _ _ _ _ _ _ _ _ _ 
tests/test_k8_members_oilcad.py:288: in entries
    out = drive(oilcad.make_6c(), oil_bars(day, steps, **kw), acct)
                                  ^^^^^^^^^^^^^^^^^^^^^^^^^^
tests/test_k8_members_oilcad.py:282: in oil_bars
    return ref_bars(refs_of(day), specs) + trade_bars(day, steps, **kw)
                    ^^^^^^^^^^^^
_ _ _ _ _ _ _ _ _ _ _ _ _ _ _ _ _ _ _ _ _ _ _ _ _ _ _ _ _ _ _ _ _ _ _ _ _ _ _ _ 

day = datetime.date(2025, 7, 8)

    def refs_of(day: date) -> tuple[date, ...]:
        refs = previous_dates(OILCAD_DATES, day, 20)
>       assert len(refs) == 20
E       assert 19 == 20
E        +  where 19 = len((datetime.date(2025, 6, 9), datetime.date(2025, 6, 10), datetime.date(2025, 6, 11), datetime.date(2025, 6, 12), datetime.date(2025, 6, 13), datetime.date(2025, 6, 16), ...))

tests/test_k8_members_oilcad.py:252: AssertionError
________ test_no_entry_while_a_position_or_a_pending_order_exists[-1-0] ________

position = -1, pending = 0

    @pytest.mark.parametrize("position,pending", [(1, 0), (-1, 0), (0, 1), (0, -1)])
    def test_no_entry_while_a_position_or_a_pending_order_exists(position: int, pending: int
                                                                ) -> None:
        acct = _acct_from(ns_at(DAY, hm(9, 4)), position=0, pending=pending)
        if position:  # a position seen first at 09:04 (T_e = 09:04): no entry, and no exit yet
            acct = _acct_from(ns_at(DAY, hm(9, 4)), position=position)
>       out = entries(DAY, {"09:05": 2}, acct=acct, cad_to=hm(9, 10))
              ^^^^^^^^^^^^^^^^^^^^^^^^^^^^^^^^^^^^^^^^^^^^^^^^^^^^^^^

tests/test_k8_members_oilcad.py:650: 
_ _ _ _ _ _ _ _ _ _ _ _ _ _ _ _ _ _ _ _ _ _ _ _ _ _ _ _ _ _ _ _ _ _ _ _ _ _ _ _ 
tests/test_k8_members_oilcad.py:288: in entries
    out = drive(oilcad.make_6c(), oil_bars(day, steps, **kw), acct)
                                  ^^^^^^^^^^^^^^^^^^^^^^^^^^
tests/test_k8_members_oilcad.py:282: in oil_bars
    return ref_bars(refs_of(day), specs) + trade_bars(day, steps, **kw)
                    ^^^^^^^^^^^^
_ _ _ _ _ _ _ _ _ _ _ _ _ _ _ _ _ _ _ _ _ _ _ _ _ _ _ _ _ _ _ _ _ _ _ _ _ _ _ _ 

day = datetime.date(2025, 7, 8)

    def refs_of(day: date) -> tuple[date, ...]:
        refs = previous_dates(OILCAD_DATES, day, 20)
>       assert len(refs) == 20
E       assert 19 == 20
E        +  where 19 = len((datetime.date(2025, 6, 9), datetime.date(2025, 6, 10), datetime.date(2025, 6, 11), datetime.date(2025, 6, 12), datetime.date(2025, 6, 13), datetime.date(2025, 6, 16), ...))

tests/test_k8_members_oilcad.py:252: AssertionError
________ test_no_entry_while_a_position_or_a_pending_order_exists[0-1] _________

position = 0, pending = 1

    @pytest.mark.parametrize("position,pending", [(1, 0), (-1, 0), (0, 1), (0, -1)])
    def test_no_entry_while_a_position_or_a_pending_order_exists(position: int, pending: int
                                                                ) -> None:
        acct = _acct_from(ns_at(DAY, hm(9, 4)), position=0, pending=pending)
        if position:  # a position seen first at 09:04 (T_e = 09:04): no entry, and no exit yet
            acct = _acct_from(ns_at(DAY, hm(9, 4)), position=position)
>       out = entries(DAY, {"09:05": 2}, acct=acct, cad_to=hm(9, 10))
              ^^^^^^^^^^^^^^^^^^^^^^^^^^^^^^^^^^^^^^^^^^^^^^^^^^^^^^^

tests/test_k8_members_oilcad.py:650: 
_ _ _ _ _ _ _ _ _ _ _ _ _ _ _ _ _ _ _ _ _ _ _ _ _ _ _ _ _ _ _ _ _ _ _ _ _ _ _ _ 
tests/test_k8_members_oilcad.py:288: in entries
    out = drive(oilcad.make_6c(), oil_bars(day, steps, **kw), acct)
                                  ^^^^^^^^^^^^^^^^^^^^^^^^^^
tests/test_k8_members_oilcad.py:282: in oil_bars
    return ref_bars(refs_of(day), specs) + trade_bars(day, steps, **kw)
                    ^^^^^^^^^^^^
_ _ _ _ _ _ _ _ _ _ _ _ _ _ _ _ _ _ _ _ _ _ _ _ _ _ _ _ _ _ _ _ _ _ _ _ _ _ _ _ 

day = datetime.date(2025, 7, 8)

    def refs_of(day: date) -> tuple[date, ...]:
        refs = previous_dates(OILCAD_DATES, day, 20)
>       assert len(refs) == 20
E       assert 19 == 20
E        +  where 19 = len((datetime.date(2025, 6, 9), datetime.date(2025, 6, 10), datetime.date(2025, 6, 11), datetime.date(2025, 6, 12), datetime.date(2025, 6, 13), datetime.date(2025, 6, 16), ...))

tests/test_k8_members_oilcad.py:252: AssertionError
________ test_no_entry_while_a_position_or_a_pending_order_exists[0--1] ________

position = 0, pending = -1

    @pytest.mark.parametrize("position,pending", [(1, 0), (-1, 0), (0, 1), (0, -1)])
    def test_no_entry_while_a_position_or_a_pending_order_exists(position: int, pending: int
                                                                ) -> None:
        acct = _acct_from(ns_at(DAY, hm(9, 4)), position=0, pending=pending)
        if position:  # a position seen first at 09:04 (T_e = 09:04): no entry, and no exit yet
            acct = _acct_from(ns_at(DAY, hm(9, 4)), position=position)
>       out = entries(DAY, {"09:05": 2}, acct=acct, cad_to=hm(9, 10))
              ^^^^^^^^^^^^^^^^^^^^^^^^^^^^^^^^^^^^^^^^^^^^^^^^^^^^^^^

tests/test_k8_members_oilcad.py:650: 
_ _ _ _ _ _ _ _ _ _ _ _ _ _ _ _ _ _ _ _ _ _ _ _ _ _ _ _ _ _ _ _ _ _ _ _ _ _ _ _ 
tests/test_k8_members_oilcad.py:288: in entries
    out = drive(oilcad.make_6c(), oil_bars(day, steps, **kw), acct)
                                  ^^^^^^^^^^^^^^^^^^^^^^^^^^
tests/test_k8_members_oilcad.py:282: in oil_bars
    return ref_bars(refs_of(day), specs) + trade_bars(day, steps, **kw)
                    ^^^^^^^^^^^^
_ _ _ _ _ _ _ _ _ _ _ _ _ _ _ _ _ _ _ _ _ _ _ _ _ _ _ _ _ _ _ _ _ _ _ _ _ _ _ _ 

day = datetime.date(2025, 7, 8)

    def refs_of(day: date) -> tuple[date, ...]:
        refs = previous_dates(OILCAD_DATES, day, 20)
>       assert len(refs) == 20
E       assert 19 == 20
E        +  where 19 = len((datetime.date(2025, 6, 9), datetime.date(2025, 6, 10), datetime.date(2025, 6, 11), datetime.date(2025, 6, 12), datetime.date(2025, 6, 13), datetime.date(2025, 6, 16), ...))

tests/test_k8_members_oilcad.py:252: AssertionError
___ test_engine_fills_6c_at_t_and_exits_at_t_e_plus_15_with_no_mcl_position ____

    def test_engine_fills_6c_at_t_and_exits_at_t_e_plus_15_with_no_mcl_position() -> None:
>       res = run_day({"09:05": 2})
              ^^^^^^^^^^^^^^^^^^^^^

tests/test_k8_members_oilcad.py:698: 
_ _ _ _ _ _ _ _ _ _ _ _ _ _ _ _ _ _ _ _ _ _ _ _ _ _ _ _ _ _ _ _ _ _ _ _ _ _ _ _ 
tests/test_k8_members_oilcad.py:692: in run_day
    bars = oil_bars(DAY, steps, **kw)
           ^^^^^^^^^^^^^^^^^^^^^^^^^^
tests/test_k8_members_oilcad.py:282: in oil_bars
    return ref_bars(refs_of(day), specs) + trade_bars(day, steps, **kw)
                    ^^^^^^^^^^^^
_ _ _ _ _ _ _ _ _ _ _ _ _ _ _ _ _ _ _ _ _ _ _ _ _ _ _ _ _ _ _ _ _ _ _ _ _ _ _ _ 

day = datetime.date(2025, 7, 8)

    def refs_of(day: date) -> tuple[date, ...]:
        refs = previous_dates(OILCAD_DATES, day, 20)
>       assert len(refs) == 20
E       assert 19 == 20
E        +  where 19 = len((datetime.date(2025, 6, 9), datetime.date(2025, 6, 10), datetime.date(2025, 6, 11), datetime.date(2025, 6, 12), datetime.date(2025, 6, 13), datetime.date(2025, 6, 16), ...))

tests/test_k8_members_oilcad.py:252: AssertionError
____________________________ test_engine_sell_side _____________________________

    def test_engine_sell_side() -> None:
>       assert fills(run_day({"09:05": -2})) == [(DAY, "09:05", "6C", "sell", "strategy"),
                     ^^^^^^^^^^^^^^^^^^^^^^
                                                 (DAY, "09:20", "6C", "buy", "strategy")]

tests/test_k8_members_oilcad.py:706: 
_ _ _ _ _ _ _ _ _ _ _ _ _ _ _ _ _ _ _ _ _ _ _ _ _ _ _ _ _ _ _ _ _ _ _ _ _ _ _ _ 
tests/test_k8_members_oilcad.py:692: in run_day
    bars = oil_bars(DAY, steps, **kw)
           ^^^^^^^^^^^^^^^^^^^^^^^^^^
tests/test_k8_members_oilcad.py:282: in oil_bars
    return ref_bars(refs_of(day), specs) + trade_bars(day, steps, **kw)
                    ^^^^^^^^^^^^
_ _ _ _ _ _ _ _ _ _ _ _ _ _ _ _ _ _ _ _ _ _ _ _ _ _ _ _ _ _ _ _ _ _ _ _ _ _ _ _ 

day = datetime.date(2025, 7, 8)

    def refs_of(day: date) -> tuple[date, ...]:
        refs = previous_dates(OILCAD_DATES, day, 20)
>       assert len(refs) == 20
E       assert 19 == 20
E        +  where 19 = len((datetime.date(2025, 6, 9), datetime.date(2025, 6, 10), datetime.date(2025, 6, 11), datetime.date(2025, 6, 12), datetime.date(2025, 6, 13), datetime.date(2025, 6, 16), ...))

tests/test_k8_members_oilcad.py:252: AssertionError
______ test_engine_t_e_is_the_actual_fill_when_the_6c_bar_at_t_is_missing ______

    def test_engine_t_e_is_the_actual_fill_when_the_6c_bar_at_t_is_missing() -> None:
>       res = run_day({"09:05": 2}, cad_skip=[hm(9, 5)])
              ^^^^^^^^^^^^^^^^^^^^^^^^^^^^^^^^^^^^^^^^^^

tests/test_k8_members_oilcad.py:711: 
_ _ _ _ _ _ _ _ _ _ _ _ _ _ _ _ _ _ _ _ _ _ _ _ _ _ _ _ _ _ _ _ _ _ _ _ _ _ _ _ 
tests/test_k8_members_oilcad.py:692: in run_day
    bars = oil_bars(DAY, steps, **kw)
           ^^^^^^^^^^^^^^^^^^^^^^^^^^
tests/test_k8_members_oilcad.py:282: in oil_bars
    return ref_bars(refs_of(day), specs) + trade_bars(day, steps, **kw)
                    ^^^^^^^^^^^^
_ _ _ _ _ _ _ _ _ _ _ _ _ _ _ _ _ _ _ _ _ _ _ _ _ _ _ _ _ _ _ _ _ _ _ _ _ _ _ _ 

day = datetime.date(2025, 7, 8)

    def refs_of(day: date) -> tuple[date, ...]:
        refs = previous_dates(OILCAD_DATES, day, 20)
>       assert len(refs) == 20
E       assert 19 == 20
E        +  where 19 = len((datetime.date(2025, 6, 9), datetime.date(2025, 6, 10), datetime.date(2025, 6, 11), datetime.date(2025, 6, 12), datetime.date(2025, 6, 13), datetime.date(2025, 6, 16), ...))

tests/test_k8_members_oilcad.py:252: AssertionError
__________ test_engine_missing_exit_bar_exits_on_the_first_later_bar ___________

    def test_engine_missing_exit_bar_exits_on_the_first_later_bar() -> None:
>       res = run_day({"09:05": 2}, cad_skip=[hm(9, 19)])
              ^^^^^^^^^^^^^^^^^^^^^^^^^^^^^^^^^^^^^^^^^^^

tests/test_k8_members_oilcad.py:717: 
_ _ _ _ _ _ _ _ _ _ _ _ _ _ _ _ _ _ _ _ _ _ _ _ _ _ _ _ _ _ _ _ _ _ _ _ _ _ _ _ 
tests/test_k8_members_oilcad.py:692: in run_day
    bars = oil_bars(DAY, steps, **kw)
           ^^^^^^^^^^^^^^^^^^^^^^^^^^
tests/test_k8_members_oilcad.py:282: in oil_bars
    return ref_bars(refs_of(day), specs) + trade_bars(day, steps, **kw)
                    ^^^^^^^^^^^^
_ _ _ _ _ _ _ _ _ _ _ _ _ _ _ _ _ _ _ _ _ _ _ _ _ _ _ _ _ _ _ _ _ _ _ _ _ _ _ _ 

day = datetime.date(2025, 7, 8)

    def refs_of(day: date) -> tuple[date, ...]:
        refs = previous_dates(OILCAD_DATES, day, 20)
>       assert len(refs) == 20
E       assert 19 == 20
E        +  where 19 = len((datetime.date(2025, 6, 9), datetime.date(2025, 6, 10), datetime.date(2025, 6, 11), datetime.date(2025, 6, 12), datetime.date(2025, 6, 13), datetime.date(2025, 6, 16), ...))

tests/test_k8_members_oilcad.py:252: AssertionError
___ test_engine_spacing_exit_view_blocks_t_e_plus_15_next_entry_t_e_plus_20 ____

    def test_engine_spacing_exit_view_blocks_t_e_plus_15_next_entry_t_e_plus_20() -> None:
        """Big moves at 09:05, 09:20 (= t_e + 15, decided on the exit's 09:19 view: no entry) and
        09:25 (= t_e + 20: an entry)."""
>       res = run_day({"09:05": 2, "09:20": 2, "09:25": 2})
              ^^^^^^^^^^^^^^^^^^^^^^^^^^^^^^^^^^^^^^^^^^^^^

tests/test_k8_members_oilcad.py:725: 
_ _ _ _ _ _ _ _ _ _ _ _ _ _ _ _ _ _ _ _ _ _ _ _ _ _ _ _ _ _ _ _ _ _ _ _ _ _ _ _ 
tests/test_k8_members_oilcad.py:692: in run_day
    bars = oil_bars(DAY, steps, **kw)
           ^^^^^^^^^^^^^^^^^^^^^^^^^^
tests/test_k8_members_oilcad.py:282: in oil_bars
    return ref_bars(refs_of(day), specs) + trade_bars(day, steps, **kw)
                    ^^^^^^^^^^^^
_ _ _ _ _ _ _ _ _ _ _ _ _ _ _ _ _ _ _ _ _ _ _ _ _ _ _ _ _ _ _ _ _ _ _ _ _ _ _ _ 

day = datetime.date(2025, 7, 8)

    def refs_of(day: date) -> tuple[date, ...]:
        refs = previous_dates(OILCAD_DATES, day, 20)
>       assert len(refs) == 20
E       assert 19 == 20
E        +  where 19 = len((datetime.date(2025, 6, 9), datetime.date(2025, 6, 10), datetime.date(2025, 6, 11), datetime.date(2025, 6, 12), datetime.date(2025, 6, 13), datetime.date(2025, 6, 16), ...))

tests/test_k8_members_oilcad.py:252: AssertionError
______ test_engine_late_fill_holds_the_position_through_the_next_decision ______

    def test_engine_late_fill_holds_the_position_through_the_next_decision() -> None:
        """6C bars 09:05..09:08 missing: the 09:05 entry fills at 09:09 (T_e = 09:09), so the 09:10
        decision (its 09:09 view) sees a position: no entry; the exit fills at 09:24."""
>       res = run_day({"09:05": 2, "09:10": 2}, cad_skip=list(range(hm(9, 5), hm(9, 9))))
              ^^^^^^^^^^^^^^^^^^^^^^^^^^^^^^^^^^^^^^^^^^^^^^^^^^^^^^^^^^^^^^^^^^^^^^^^^^^

tests/test_k8_members_oilcad.py:735: 
_ _ _ _ _ _ _ _ _ _ _ _ _ _ _ _ _ _ _ _ _ _ _ _ _ _ _ _ _ _ _ _ _ _ _ _ _ _ _ _ 
tests/test_k8_members_oilcad.py:692: in run_day
    bars = oil_bars(DAY, steps, **kw)
           ^^^^^^^^^^^^^^^^^^^^^^^^^^
tests/test_k8_members_oilcad.py:282: in oil_bars
    return ref_bars(refs_of(day), specs) + trade_bars(day, steps, **kw)
                    ^^^^^^^^^^^^
_ _ _ _ _ _ _ _ _ _ _ _ _ _ _ _ _ _ _ _ _ _ _ _ _ _ _ _ _ _ _ _ _ _ _ _ _ _ _ _ 

day = datetime.date(2025, 7, 8)

    def refs_of(day: date) -> tuple[date, ...]:
        refs = previous_dates(OILCAD_DATES, day, 20)
>       assert len(refs) == 20
E       assert 19 == 20
E        +  where 19 = len((datetime.date(2025, 6, 9), datetime.date(2025, 6, 10), datetime.date(2025, 6, 11), datetime.date(2025, 6, 12), datetime.date(2025, 6, 13), datetime.date(2025, 6, 16), ...))

tests/test_k8_members_oilcad.py:252: AssertionError
____ test_engine_closure_leaves_the_account_flat_and_later_decisions_apply _____

    def test_engine_closure_leaves_the_account_flat_and_later_decisions_apply() -> None:
        """A bar flatten flag on the 09:10 6C bar: the engine closes at 09:11; the member sends no
        exit; the 09:20 decision enters again and exits at 09:35."""
>       res = run_day({"09:05": 2, "09:20": 2}, flatten_at=[hm(9, 10)])
              ^^^^^^^^^^^^^^^^^^^^^^^^^^^^^^^^^^^^^^^^^^^^^^^^^^^^^^^^^

tests/test_k8_members_oilcad.py:743: 
_ _ _ _ _ _ _ _ _ _ _ _ _ _ _ _ _ _ _ _ _ _ _ _ _ _ _ _ _ _ _ _ _ _ _ _ _ _ _ _ 
tests/test_k8_members_oilcad.py:692: in run_day
    bars = oil_bars(DAY, steps, **kw)
           ^^^^^^^^^^^^^^^^^^^^^^^^^^
tests/test_k8_members_oilcad.py:282: in oil_bars
    return ref_bars(refs_of(day), specs) + trade_bars(day, steps, **kw)
                    ^^^^^^^^^^^^
_ _ _ _ _ _ _ _ _ _ _ _ _ _ _ _ _ _ _ _ _ _ _ _ _ _ _ _ _ _ _ _ _ _ _ _ _ _ _ _ 

day = datetime.date(2025, 7, 8)

    def refs_of(day: date) -> tuple[date, ...]:
        refs = previous_dates(OILCAD_DATES, day, 20)
>       assert len(refs) == 20
E       assert 19 == 20
E        +  where 19 = len((datetime.date(2025, 6, 9), datetime.date(2025, 6, 10), datetime.date(2025, 6, 11), datetime.date(2025, 6, 12), datetime.date(2025, 6, 13), datetime.date(2025, 6, 16), ...))

tests/test_k8_members_oilcad.py:252: AssertionError
___________________ test_engine_nothing_after_the_13_40_fill ___________________

    def test_engine_nothing_after_the_13_40_fill() -> None:
>       res = run_day({"13:25": 2}, mcl_extra=[(hm(13, 29), B_MCL + 10)], cad_to=hm(14, 30))
              ^^^^^^^^^^^^^^^^^^^^^^^^^^^^^^^^^^^^^^^^^^^^^^^^^^^^^^^^^^^^^^^^^^^^^^^^^^^^^^

tests/test_k8_members_oilcad.py:751: 
_ _ _ _ _ _ _ _ _ _ _ _ _ _ _ _ _ _ _ _ _ _ _ _ _ _ _ _ _ _ _ _ _ _ _ _ _ _ _ _ 
tests/test_k8_members_oilcad.py:692: in run_day
    bars = oil_bars(DAY, steps, **kw)
           ^^^^^^^^^^^^^^^^^^^^^^^^^^
tests/test_k8_members_oilcad.py:282: in oil_bars
    return ref_bars(refs_of(day), specs) + trade_bars(day, steps, **kw)
                    ^^^^^^^^^^^^
_ _ _ _ _ _ _ _ _ _ _ _ _ _ _ _ _ _ _ _ _ _ _ _ _ _ _ _ _ _ _ _ _ _ _ _ _ _ _ _ 

day = datetime.date(2025, 7, 8)

    def refs_of(day: date) -> tuple[date, ...]:
        refs = previous_dates(OILCAD_DATES, day, 20)
>       assert len(refs) == 20
E       assert 19 == 20
E        +  where 19 = len((datetime.date(2025, 6, 9), datetime.date(2025, 6, 10), datetime.date(2025, 6, 11), datetime.date(2025, 6, 12), datetime.date(2025, 6, 13), datetime.date(2025, 6, 16), ...))

tests/test_k8_members_oilcad.py:252: AssertionError
_________ test_engine_refuses_on_a_signal_leg_roll_blackout_date_only __________

    def test_engine_refuses_on_a_signal_leg_roll_blackout_date_only() -> None:
        """V16(a) end to end: an MCL roll blackout on the trade date (6C clean). With the rules the
        runner builds (member_window: the union removes the date) the open is refused as outside
        the window; with the date kept in the window and the union as blackout, by name
        engine_roll_blackout; with no blackout it fills."""
        m = mk()
>       bars = oil_bars(DAY, {"09:05": 2})
               ^^^^^^^^^^^^^^^^^^^^^^^^^^^

tests/test_k8_members_oilcad.py:763: 
_ _ _ _ _ _ _ _ _ _ _ _ _ _ _ _ _ _ _ _ _ _ _ _ _ _ _ _ _ _ _ _ _ _ _ _ _ _ _ _ 
tests/test_k8_members_oilcad.py:282: in oil_bars
    return ref_bars(refs_of(day), specs) + trade_bars(day, steps, **kw)
                    ^^^^^^^^^^^^
_ _ _ _ _ _ _ _ _ _ _ _ _ _ _ _ _ _ _ _ _ _ _ _ _ _ _ _ _ _ _ _ _ _ _ _ _ _ _ _ 

day = datetime.date(2025, 7, 8)

    def refs_of(day: date) -> tuple[date, ...]:
        refs = previous_dates(OILCAD_DATES, day, 20)
>       assert len(refs) == 20
E       assert 19 == 20
E        +  where 19 = len((datetime.date(2025, 6, 9), datetime.date(2025, 6, 10), datetime.date(2025, 6, 11), datetime.date(2025, 6, 12), datetime.date(2025, 6, 13), datetime.date(2025, 6, 16), ...))

tests/test_k8_members_oilcad.py:252: AssertionError
_________________ test_engine_a_6c_roll_blackout_also_refuses __________________

    def test_engine_a_6c_roll_blackout_also_refuses() -> None:
        m = mk()
>       bars = oil_bars(DAY, {"09:05": 2})
               ^^^^^^^^^^^^^^^^^^^^^^^^^^^

tests/test_k8_members_oilcad.py:778: 
_ _ _ _ _ _ _ _ _ _ _ _ _ _ _ _ _ _ _ _ _ _ _ _ _ _ _ _ _ _ _ _ _ _ _ _ _ _ _ _ 
tests/test_k8_members_oilcad.py:282: in oil_bars
    return ref_bars(refs_of(day), specs) + trade_bars(day, steps, **kw)
                    ^^^^^^^^^^^^
_ _ _ _ _ _ _ _ _ _ _ _ _ _ _ _ _ _ _ _ _ _ _ _ _ _ _ _ _ _ _ _ _ _ _ _ _ _ _ _ 

day = datetime.date(2025, 7, 8)

    def refs_of(day: date) -> tuple[date, ...]:
        refs = previous_dates(OILCAD_DATES, day, 20)
>       assert len(refs) == 20
E       assert 19 == 20
E        +  where 19 = len((datetime.date(2025, 6, 9), datetime.date(2025, 6, 10), datetime.date(2025, 6, 11), datetime.date(2025, 6, 12), datetime.date(2025, 6, 13), datetime.date(2025, 6, 16), ...))

tests/test_k8_members_oilcad.py:252: AssertionError
_______________ test_reference_dates_include_roll_blackout_dates _______________

    def test_reference_dates_include_roll_blackout_dates() -> None:
        """K8-L-04: a reference date that is a roll-blackout date still gives its values (the bars
        are delivered; only opens are refused there): with one blackout reference date, z = 2.0
        still trades."""
        m = mk()
>       bars = oil_bars(DAY, {"10:05": 1})
               ^^^^^^^^^^^^^^^^^^^^^^^^^^^

tests/test_k8_members_oilcad.py:789: 
_ _ _ _ _ _ _ _ _ _ _ _ _ _ _ _ _ _ _ _ _ _ _ _ _ _ _ _ _ _ _ _ _ _ _ _ _ _ _ _ 
tests/test_k8_members_oilcad.py:282: in oil_bars
    return ref_bars(refs_of(day), specs) + trade_bars(day, steps, **kw)
                    ^^^^^^^^^^^^
_ _ _ _ _ _ _ _ _ _ _ _ _ _ _ _ _ _ _ _ _ _ _ _ _ _ _ _ _ _ _ _ _ _ _ _ _ _ _ _ 

day = datetime.date(2025, 7, 8)

    def refs_of(day: date) -> tuple[date, ...]:
        refs = previous_dates(OILCAD_DATES, day, 20)
>       assert len(refs) == 20
E       assert 19 == 20
E        +  where 19 = len((datetime.date(2025, 6, 9), datetime.date(2025, 6, 10), datetime.date(2025, 6, 11), datetime.date(2025, 6, 12), datetime.date(2025, 6, 13), datetime.date(2025, 6, 16), ...))

tests/test_k8_members_oilcad.py:252: AssertionError
=========================== short test summary info ============================
FAILED tests/test_k8_members_tables.py::test_previous_dates_are_the_k_most_recent_strictly_before_d
FAILED tests/test_k8_members_flight.py::test_the_entry_size_is_the_frozen_q_c
FAILED tests/test_k8_members_flight.py::test_k1_reads_the_0829_and_0834_bars
FAILED tests/test_k8_members_flight.py::test_a_bar_at_0830_is_not_the_start_bar_of_k1
FAILED tests/test_k8_members_flight.py::test_the_last_block_ends_at_1455_and_there_is_no_block_at_1500
FAILED tests/test_k8_members_flight.py::test_every_block_k_triggers_at_its_own_bar
FAILED tests/test_k8_members_flight.py::test_r_equal_to_q_in_another_form_triggers
FAILED tests/test_k8_members_flight.py::test_an_mes_roll_inside_a_block_is_no_trigger_and_later_blocks_trigger
FAILED tests/test_k8_members_flight.py::test_instrument_ids_are_compared_within_mes_only
FAILED tests/test_k8_members_flight.py::test_a_bar_whose_trade_date_is_not_its_ct_date_is_not_a_block_bar
FAILED tests/test_k8_members_flight.py::test_member_n_1199_is_no_trade_and_n_1200_trades
FAILED tests/test_k8_members_flight.py::test_member_m_at_1201_and_1540 - asse...
FAILED tests/test_k8_members_flight.py::test_member_counts_duplicate_reference_values
FAILED tests/test_k8_members_flight.py::test_undefined_reference_computations_are_not_values
FAILED tests/test_k8_members_flight.py::test_trigger_needs_r_negative_even_at_or_below_q
FAILED tests/test_k8_members_flight.py::test_a_positive_q_never_triggers_a_non_negative_r
FAILED tests/test_k8_members_flight.py::test_warm_up_the_20th_date_does_not_trade_and_the_21st_does
FAILED tests/test_k8_members_flight.py::test_the_21st_date_trades_when_the_run_starts_on_the_first_reference
FAILED tests/test_k8_members_flight.py::test_fewer_than_20_reference_dates_at_the_tables_start_is_no_trade
FAILED tests/test_k8_members_flight.py::test_reference_dates_are_the_20_flight_dates_before_d
FAILED tests/test_k8_members_flight.py::test_a_non_full_date_is_skipped_as_a_reference_and_as_d
FAILED tests/test_k8_members_flight.py::test_values_of_d_itself_never_enter_q_of_d
FAILED tests/test_k8_members_flight_exits.py::test_only_the_first_trigger_of_d_enters_even_when_refused
FAILED tests/test_k8_members_flight_exits.py::test_a_second_trigger_while_long_and_after_the_exit_does_nothing
FAILED tests/test_k8_members_flight_exits.py::test_the_next_date_enters_again
FAILED tests/test_k8_members_flight_exits.py::test_no_entry_while_an_order_is_pending_on_mgc
FAILED tests/test_k8_members_flight_exits.py::test_c6_skips_the_1300_trigger_on_an_fomc_date_and_enters_at_1305
FAILED tests/test_k8_members_flight_exits.py::test_a_1300_trigger_on_a_non_fomc_date_enters
FAILED tests/test_k8_members_flight_exits.py::test_a_skipped_trigger_with_a_missing_entry_bar_does_not_end_the_day
FAILED tests/test_k8_members_flight_exits.py::test_c6_tests_the_fill_minute_t_k_against_r_and_r_plus_2_min[659-False]
FAILED tests/test_k8_members_flight_exits.py::test_c6_tests_the_fill_minute_t_k_against_r_and_r_plus_2_min[660-False]
FAILED tests/test_k8_members_flight_exits.py::test_c6_tests_the_fill_minute_t_k_against_r_and_r_plus_2_min[658-True]
FAILED tests/test_k8_members_flight_exits.py::test_c6_tests_the_fill_minute_t_k_against_r_and_r_plus_2_min[661-True]
FAILED tests/test_k8_members_flight_exits.py::test_c6_reads_the_traded_roots_instants_only
FAILED tests/test_k8_members_flight_exits.py::test_a_missing_entry_bar_at_the_first_trigger_ends_the_day
FAILED tests/test_k8_members_flight_exits.py::test_an_entry_bar_of_another_trade_date_counts_as_missing
FAILED tests/test_k8_members_flight_exits.py::test_an_mes_bar_absent_at_tk_minus_1_and_present_at_tk_is_never_used
FAILED tests/test_k8_members_flight_exits.py::test_no_forward_fill_of_an_earlier_mes_close
FAILED tests/test_k8_members_flight_exits.py::test_h30_exit_is_sent_on_the_bar_at_te_plus_29
FAILED tests/test_k8_members_flight_exits.py::test_heod_exit_is_sent_on_the_bar_at_1504
FAILED tests/test_k8_members_flight_exits.py::test_h30_exit_is_capped_at_1504[72-899]
FAILED tests/test_k8_members_flight_exits.py::test_h30_exit_is_capped_at_1504[73-904]
FAILED tests/test_k8_members_flight_exits.py::test_h30_exit_is_capped_at_1504[74-904]
FAILED tests/test_k8_members_flight_exits.py::test_h30_exit_is_capped_at_1504[77-904]
FAILED tests/test_k8_members_flight_exits.py::test_an_mgc_bar_missing_at_tk_moves_te_and_the_h30_exit
FAILED tests/test_k8_members_flight_exits.py::test_a_missing_exit_bar_sends_the_exit_on_the_first_later_bar[H30-missing0-555]
FAILED tests/test_k8_members_flight_exits.py::test_a_missing_exit_bar_sends_the_exit_on_the_first_later_bar[H30-missing1-557]
FAILED tests/test_k8_members_flight_exits.py::test_a_missing_exit_bar_sends_the_exit_on_the_first_later_bar[HEOD-missing2-905]
FAILED tests/test_k8_members_flight_exits.py::test_a_missing_exit_bar_sends_the_exit_on_the_first_later_bar[HEOD-missing3-906]
FAILED tests/test_k8_members_flight_exits.py::test_a_refused_exit_is_resent_and_a_pending_exit_is_not_duplicated
FAILED tests/test_k8_members_flight_exits.py::test_an_engine_closed_position_gets_no_exit
FAILED tests/test_k8_members_flight_exits.py::test_t_e_resets_when_flat - ass...
FAILED tests/test_k8_members_flight_exits.py::test_the_last_fill_is_1505_for_both_variants
FAILED tests/test_k8_members_flight_exits.py::test_no_entry_from_a_view_after_1454
FAILED tests/test_k8_members_flight_exits.py::test_no_intent_on_mes_ever - as...
FAILED tests/test_k8_members_flight_engine.py::test_h30_fills_mgc_at_the_tk_open_and_exits_at_te_plus_30
FAILED tests/test_k8_members_flight_engine.py::test_heod_fills_mgc_at_the_tk_open_and_exits_at_1505
FAILED tests/test_k8_members_flight_engine.py::test_an_mgc_bar_missing_at_tk_fills_later_and_h30_counts_from_the_fill
FAILED tests/test_k8_members_flight_engine.py::test_a_roll_blackout_of_the_signal_leg_only_blocks_the_entry_v16a
FAILED tests/test_k8_members_flight_engine.py::test_the_engine_names_the_roll_blackout_when_d_is_a_window_date
FAILED tests/test_k8_members_flight_engine.py::test_control_without_a_blackout_the_runner_rules_fill
FAILED tests/test_k8_members_flight_engine.py::test_the_member_is_a_fresh_object_per_run
FAILED tests/test_k8_members_oilcad.py::test_scenario_dates_are_calendar_facts
FAILED tests/test_k8_members_oilcad.py::test_first_and_last_decisions_trade
FAILED tests/test_k8_members_oilcad.py::test_no_decision_at_08_00 - assert 19...
FAILED tests/test_k8_members_oilcad.py::test_no_decision_at_13_30 - assert 19...
FAILED tests/test_k8_members_oilcad.py::test_r_t_reads_the_mcl_bars_at_t_minus_1_and_t_minus_6
FAILED tests/test_k8_members_oilcad.py::test_the_entry_is_on_the_6c_bar_at_t_minus_1
FAILED tests/test_k8_members_oilcad.py::test_a_zero_mcl_close_at_t_minus_6_leaves_r_t_undefined
FAILED tests/test_k8_members_oilcad.py::test_z_exactly_2_trades_end_to_end - ...
FAILED tests/test_k8_members_oilcad.py::test_ddof_1_end_to_end_just_below_2_does_not_trade
FAILED tests/test_k8_members_oilcad.py::test_n_1000_trades_and_n_999_does_not
FAILED tests/test_k8_members_oilcad.py::test_zero_scale_is_no_trade_on_d - as...
FAILED tests/test_k8_members_oilcad.py::test_sign_buys_on_z_above_zero_and_sells_below
FAILED tests/test_k8_members_oilcad.py::test_small_moves_do_not_trade - asser...
FAILED tests/test_k8_members_oilcad.py::test_reference_dates_are_the_20_previous_oilcad_dates
FAILED tests/test_k8_members_oilcad.py::test_warm_up_20th_eligible_date_no_trade_21st_trades
FAILED tests/test_k8_members_oilcad.py::test_a_date_outside_oilcad_dates_never_trades
FAILED tests/test_k8_members_oilcad.py::test_mcl_roll_inside_a_block_no_entry_at_t_later_decisions_proceed
FAILED tests/test_k8_members_oilcad.py::test_missing_6c_entry_bar_blocks_that_t_only
FAILED tests/test_k8_members_oilcad.py::test_missing_mcl_bar_at_t_minus_1_blocks_t_and_the_next_block
FAILED tests/test_k8_members_oilcad.py::test_mcl_bar_arriving_late_is_never_used
FAILED tests/test_k8_members_oilcad.py::test_missing_mcl_bar_at_t_minus_6_blocks_t
FAILED tests/test_k8_members_oilcad.py::test_a_previous_dates_t_minus_6_bar_is_never_used
FAILED tests/test_k8_members_oilcad.py::test_bars_are_identified_by_ct_date_not_trade_date_alone
FAILED tests/test_k8_members_oilcad.py::test_an_mcl_bar_is_read_on_its_own_ct_date_only
FAILED tests/test_k8_members_oilcad.py::test_c6_skips_09_30_on_a_standard_wpsr_date_and_not_09_35
FAILED tests/test_k8_members_oilcad.py::test_09_30_on_a_non_wpsr_date_is_not_skipped
FAILED tests/test_k8_members_oilcad.py::test_c6_skips_13_00_on_an_fomc_date
FAILED tests/test_k8_members_oilcad.py::test_c6_skips_11_00_on_holiday_week_wpsr_dates_including_the_e4_dropped_row
FAILED tests/test_k8_members_oilcad.py::test_c6_tests_the_fill_minute_t_on_the_6c_root
FAILED tests/test_k8_members_oilcad.py::test_a_skipped_decision_leaves_later_decisions_alone
FAILED tests/test_k8_members_oilcad.py::test_no_entry_while_a_position_or_a_pending_order_exists[1-0]
FAILED tests/test_k8_members_oilcad.py::test_no_entry_while_a_position_or_a_pending_order_exists[-1-0]
FAILED tests/test_k8_members_oilcad.py::test_no_entry_while_a_position_or_a_pending_order_exists[0-1]
FAILED tests/test_k8_members_oilcad.py::test_no_entry_while_a_position_or_a_pending_order_exists[0--1]
FAILED tests/test_k8_members_oilcad.py::test_engine_fills_6c_at_t_and_exits_at_t_e_plus_15_with_no_mcl_position
FAILED tests/test_k8_members_oilcad.py::test_engine_sell_side - assert 19 == 20
FAILED tests/test_k8_members_oilcad.py::test_engine_t_e_is_the_actual_fill_when_the_6c_bar_at_t_is_missing
FAILED tests/test_k8_members_oilcad.py::test_engine_missing_exit_bar_exits_on_the_first_later_bar
FAILED tests/test_k8_members_oilcad.py::test_engine_spacing_exit_view_blocks_t_e_plus_15_next_entry_t_e_plus_20
FAILED tests/test_k8_members_oilcad.py::test_engine_late_fill_holds_the_position_through_the_next_decision
FAILED tests/test_k8_members_oilcad.py::test_engine_closure_leaves_the_account_flat_and_later_decisions_apply
FAILED tests/test_k8_members_oilcad.py::test_engine_nothing_after_the_13_40_fill
FAILED tests/test_k8_members_oilcad.py::test_engine_refuses_on_a_signal_leg_roll_blackout_date_only
FAILED tests/test_k8_members_oilcad.py::test_engine_a_6c_roll_blackout_also_refuses
FAILED tests/test_k8_members_oilcad.py::test_reference_dates_include_roll_blackout_dates
107 failed, 102 passed in 4.20s

[k8audit] installed mutant /home/kiros-li/Documents/GitHub/PropExperiment/reports/stage_e9_briefs/audit_k8/mutants/AC02.py as strategy.members.k8._calendar
